0
SECTION
2
HEADER
9
$ACADVER
1
AC1032
9
$DWGCODEPAGE
3
UTF-8
9
$HANDSEED
5
91A
9
$LTSCALE
40
1
9
$PDMODE
70
0
9
$PDSIZE
40
0
9
$TEXTSTYLE
7
STANDARD
9
$INSUNITS
70
6
9
$MEASUREMENT
70
1
0
ENDSEC
0
SECTION
2
TABLES
0
TABLE
2
LTYPE
5
90C
330
0
100
AcDbSymbolTable
70
1
0
LTYPE
5
2
330
90C
100
AcDbSymbolTableRecord
100
AcDbLinetypeTableRecord
2
CONTINUOUS
70
0
3
Solid line
72
65
73
0
40
0
0
ENDTAB
0
TABLE
2
STYLE
5
90D
330
0
100
AcDbSymbolTable
70
1
0
STYLE
5
3
330
90D
100
AcDbSymbolTableRecord
100
AcDbTextStyleTableRecord
2
STANDARD
70
0
40
0
41
1
50
0
71
0
42
2.5
3
sans-serif
4

0
ENDTAB
0
TABLE
2
DIMSTYLE
5
90E
330
0
100
AcDbSymbolTable
70
1
100
AcDbDimStyleTable
0
DIMSTYLE
105
4
330
90E
100
AcDbSymbolTableRecord
100
AcDbDimStyleTableRecord
2
STANDARD
70
0
40
1
41
2.5
42
0.625
43
3.75
44
1.25
140
2.5
141
2.5
147
0.625
0
ENDTAB
0
TABLE
2
UCS
5
90F
330
0
100
AcDbSymbolTable
70
0
0
ENDTAB
0
TABLE
2
VIEW
5
910
330
0
100
AcDbSymbolTable
70
0
0
ENDTAB
0
TABLE
2
LAYER
5
911
330
0
100
AcDbSymbolTable
70
13
0
LAYER
5
5
330
911
100
AcDbSymbolTableRecord
100
AcDbLayerTableRecord
2
0
70
0
62
7
6
CONTINUOUS
290
1
370
-1
0
LAYER
5
A
330
911
100
AcDbSymbolTableRecord
100
AcDbLayerTableRecord
2
Site boundary
70
0
62
8
6
CONTINUOUS
290
1
370
-1
0
LAYER
5
B
330
911
100
AcDbSymbolTableRecord
100
AcDbLayerTableRecord
2
Road & access
70
0
62
7
6
CONTINUOUS
290
1
370
-1
0
LAYER
5
C
330
911
100
AcDbSymbolTableRecord
100
AcDbLayerTableRecord
2
Buildings
70
0
62
4
6
CONTINUOUS
290
1
370
-1
0
LAYER
5
D
330
911
100
AcDbSymbolTableRecord
100
AcDbLayerTableRecord
2
Solar modules
70
0
62
2
6
CONTINUOUS
290
1
370
-1
0
LAYER
5
E
330
911
100
AcDbSymbolTableRecord
100
AcDbLayerTableRecord
2
Energy network
70
0
62
5
6
CONTINUOUS
290
1
370
-1
0
LAYER
5
F
330
911
100
AcDbSymbolTableRecord
100
AcDbLayerTableRecord
2
Landscape
70
0
62
6
6
CONTINUOUS
290
1
370
-1
0
LAYER
5
10
330
911
100
AcDbSymbolTableRecord
100
AcDbLayerTableRecord
2
Topography
70
0
62
8
6
CONTINUOUS
290
1
370
-1
0
LAYER
5
11
330
911
100
AcDbSymbolTableRecord
100
AcDbLayerTableRecord
2
Survey control
70
0
62
3
6
CONTINUOUS
290
1
370
-1
0
LAYER
5
12
330
911
100
AcDbSymbolTableRecord
100
AcDbLayerTableRecord
2
Annotations
70
0
62
7
6
CONTINUOUS
290
1
370
-1
0
LAYER
5
13
330
911
100
AcDbSymbolTableRecord
100
AcDbLayerTableRecord
2
Equipment · Rev A
70
0
62
3
6
CONTINUOUS
290
1
370
-1
0
LAYER
5
14
330
911
100
AcDbSymbolTableRecord
100
AcDbLayerTableRecord
2
Temporary · remove
70
0
62
1
6
CONTINUOUS
290
1
370
-1
0
LAYER
5
15
330
911
100
AcDbSymbolTableRecord
100
AcDbLayerTableRecord
2
Safety · proposal
70
0
62
4
6
CONTINUOUS
290
1
370
-1
0
ENDTAB
0
TABLE
2
BLOCK_RECORD
5
912
330
0
100
AcDbSymbolTable
70
2
0
BLOCK_RECORD
5
6
330
912
100
AcDbSymbolTableRecord
100
AcDbBlockTableRecord
2
*MODEL_SPACE
70
0
280
1
281
0
340
8
0
BLOCK_RECORD
5
7
330
912
100
AcDbSymbolTableRecord
100
AcDbBlockTableRecord
2
*PAPER_SPACE
70
0
280
1
281
0
340
9
0
ENDTAB
0
ENDSEC
0
SECTION
2
BLOCKS
0
BLOCK
5
914
330
6
100
AcDbEntity
8
0
100
AcDbBlockBegin
2
*MODEL_SPACE
70
0
10
0
20
0
30
0
3
*MODEL_SPACE
1

0
ENDBLK
5
915
330
6
100
AcDbEntity
8
0
100
AcDbBlockEnd
0
BLOCK
5
916
330
7
100
AcDbEntity
8
0
100
AcDbBlockBegin
2
*PAPER_SPACE
70
0
10
0
20
0
30
0
3
*PAPER_SPACE
1

0
ENDBLK
5
917
330
7
100
AcDbEntity
8
0
100
AcDbBlockEnd
0
ENDSEC
0
SECTION
2
ENTITIES
0
LWPOLYLINE
5
16
330
6
100
AcDbEntity
8
Site boundary
100
AcDbPolyline
90
4
70
1
38
0
10
-8
20
-14
10
268
20
-14
10
268
20
160
10
-8
20
160
0
LWPOLYLINE
5
17
330
6
100
AcDbEntity
8
Site boundary
100
AcDbPolyline
90
4
70
1
38
0
10
0
20
0
10
252
20
0
10
252
20
148
10
0
20
148
0
LWPOLYLINE
5
18
330
6
100
AcDbEntity
8
Site boundary
100
AcDbPolyline
90
4
70
1
38
0
10
5
20
5
10
247
20
5
10
247
20
143
10
5
20
143
0
CIRCLE
5
19
330
6
100
AcDbEntity
8
Survey control
100
AcDbCircle
10
0
20
0
30
0
40
1.05
210
0
220
0
230
1
0
LINE
5
1A
330
6
100
AcDbEntity
8
Survey control
100
AcDbLine
10
-1.8
20
0
30
0
11
1.8
21
0
31
0
0
LINE
5
1B
330
6
100
AcDbEntity
8
Survey control
100
AcDbLine
10
0
20
-1.8
30
0
11
0
21
1.8
31
0
0
TEXT
5
1C
330
6
100
AcDbEntity
8
Survey control
100
AcDbText
10
2.2
20
1.3
30
0
40
1.25
1
CP-01
7
STANDARD
100
AcDbText
0
CIRCLE
5
1D
330
6
100
AcDbEntity
8
Survey control
100
AcDbCircle
10
252
20
0
30
0
40
1.05
210
0
220
0
230
1
0
LINE
5
1E
330
6
100
AcDbEntity
8
Survey control
100
AcDbLine
10
250.2
20
0
30
0
11
253.8
21
0
31
0
0
LINE
5
1F
330
6
100
AcDbEntity
8
Survey control
100
AcDbLine
10
252
20
-1.8
30
0
11
252
21
1.8
31
0
0
TEXT
5
20
330
6
100
AcDbEntity
8
Survey control
100
AcDbText
10
254.2
20
1.3
30
0
40
1.25
1
CP-02
7
STANDARD
100
AcDbText
0
CIRCLE
5
21
330
6
100
AcDbEntity
8
Survey control
100
AcDbCircle
10
252
20
148
30
0
40
1.05
210
0
220
0
230
1
0
LINE
5
22
330
6
100
AcDbEntity
8
Survey control
100
AcDbLine
10
250.2
20
148
30
0
11
253.8
21
148
31
0
0
LINE
5
23
330
6
100
AcDbEntity
8
Survey control
100
AcDbLine
10
252
20
146.2
30
0
11
252
21
149.8
31
0
0
TEXT
5
24
330
6
100
AcDbEntity
8
Survey control
100
AcDbText
10
254.2
20
149.3
30
0
40
1.25
1
CP-03
7
STANDARD
100
AcDbText
0
CIRCLE
5
25
330
6
100
AcDbEntity
8
Survey control
100
AcDbCircle
10
0
20
148
30
0
40
1.05
210
0
220
0
230
1
0
LINE
5
26
330
6
100
AcDbEntity
8
Survey control
100
AcDbLine
10
-1.8
20
148
30
0
11
1.8
21
148
31
0
0
LINE
5
27
330
6
100
AcDbEntity
8
Survey control
100
AcDbLine
10
0
20
146.2
30
0
11
0
21
149.8
31
0
0
TEXT
5
28
330
6
100
AcDbEntity
8
Survey control
100
AcDbText
10
2.2
20
149.3
30
0
40
1.25
1
CP-04
7
STANDARD
100
AcDbText
0
LWPOLYLINE
5
29
330
6
100
AcDbEntity
8
Topography
100
AcDbPolyline
90
29
70
0
38
0
10
4
20
7.7
10
12.7
20
8.52499015124074
10
21.4
20
9.081059552672851
10
30.099999999999998
20
9.195380122480948
10
38.8
20
8.81985825650997
10
47.5
20
8.045784565073197
10
56.199999999999996
20
7.07753674429242
10
64.89999999999999
20
6.173071616560534
10
73.6
20
5.568733277893476
10
82.3
20
5.410526413617167
10
91
20
5.712094012802212
10
99.69999999999999
20
6.351760327068033
10
108.39999999999999
20
7.109476779245977
10
117.1
20
7.732739419254226
10
125.79999999999998
20
8.012002748233277
10
134.5
20
7.8433162369710026
10
143.2
20
7.259681989948237
10
151.89999999999998
20
6.42186204862202
10
160.6
20
5.5713292376328045
10
169.29999999999998
20
4.959226863403737
10
178
20
4.772284778084971
10
186.7
20
5.0775432266930025
10
195.39999999999998
20
5.802194694236305
10
204.1
20
6.7545018457007835
10
212.79999999999998
20
7.679639781132683
10
221.49999999999997
20
8.33401484889226
10
230.2
20
8.556166820407574
10
238.89999999999998
20
8.313372330126288
10
247.59999999999997
20
7.710236791267927
0
TEXT
5
2A
330
6
100
AcDbEntity
8
Topography
100
AcDbText
10
7
20
9
30
0
40
0.9
1
42.00
7
STANDARD
100
AcDbText
0
LWPOLYLINE
5
2B
330
6
100
AcDbEntity
8
Topography
100
AcDbPolyline
90
29
70
0
38
0
10
4
20
11.419660294813273
10
12.7
20
12.16167328290892
10
21.4
20
12.523453487222511
10
30.099999999999998
20
12.396971932181069
10
38.8
20
11.812322470009345
10
47.5
20
10.929078608933025
10
56.199999999999996
20
9.989642998661209
10
64.89999999999999
20
9.248335749982049
10
73.6
20
8.897118146633183
10
82.3
20
9.00983584015583
10
91
20
9.521399185633825
10
99.69999999999999
20
10.248010439913386
10
108.39999999999999
20
10.942438542943322
10
117.1
20
11.368003769428059
10
125.79999999999998
20
11.369416038913396
10
134.5
20
10.919539794463393
10
143.2
20
10.128261022078304
10
151.89999999999998
20
9.210813177550605
10
160.6
20
8.424880507632032
10
169.29999999999998
20
7.995011245354577
10
178
20
8.046621592182182
10
186.7
20
8.569048491831731
10
195.39999999999998
20
9.418547380686782
10
204.1
20
10.3603554860143
10
212.79999999999998
20
11.137424864017486
10
221.49999999999997
20
11.545568796946926
10
230.2
20
11.492878701574268
10
238.89999999999998
20
11.025912588812137
10
247.59999999999997
20
10.31496049298333
0
LWPOLYLINE
5
2C
330
6
100
AcDbEntity
8
Topography
100
AcDbPolyline
90
29
70
0
38
0
10
4
20
15.056893005127556
10
12.7
20
15.645939763195356
10
21.4
20
15.77872654130214
10
30.099999999999998
20
15.42232911845864
10
38.8
20
14.682197727441444
10
47.5
20
13.77104372941576
10
56.199999999999996
20
12.946280857694484
10
64.89999999999999
20
12.434466957889754
10
73.6
20
12.365020373615764
10
82.3
20
12.732743949535125
10
91
20
13.400187741121675
10
99.69999999999999
20
14.139126734505579
10
108.39999999999999
20
14.698889415175874
10
117.1
20
14.881350863843078
10
125.79999999999998
20
14.600436930250122
10
134.5
20
13.908554193151868
10
143.2
20
12.982116484836363
10
151.89999999999998
20
12.07040515339484
10
160.6
20
11.422817899783325
10
169.29999999999998
20
11.21593918508516
10
178
20
11.501922488040067
10
186.7
20
12.193394057219688
10
195.39999999999998
20
13.089321553962169
10
204.1
20
13.934214449085614
10
212.79999999999998
20
14.49319800633527
10
221.49999999999997
20
14.62082686007023
10
230.2
20
14.303356515807424
10
238.89999999999998
20
13.66202503834488
10
247.59999999999997
20
12.91640194427336
0
LWPOLYLINE
5
2D
330
6
100
AcDbEntity
8
Topography
100
AcDbPolyline
90
29
70
0
38
0
10
4
20
18.57246411591202
10
12.7
20
18.95433050661225
10
21.4
20
18.846478826312367
10
30.099999999999998
20
18.294195606644223
10
38.8
20
17.468232853922142
10
47.5
20
16.614190748537744
10
56.199999999999996
20
15.980013603825556
10
64.89999999999999
20
15.742986289716159
10
73.6
20
15.957759465091733
10
82.3
20
16.540723429214783
10
91
20
17.295323605836725
10
99.69999999999999
20
17.970829677939484
10
108.39999999999999
20
18.337198666471735
10
117.1
20
18.253921614162383
10
125.79999999999998
20
17.71251531887818
10
134.5
20
16.840092259956773
10
143.2
20
15.86292126099365
10
151.89999999999998
20
15.040692693842296
10
160.6
20
14.590844341948149
10
169.29999999999998
20
14.625238296621813
10
178
20
15.117839910782129
10
186.7
20
15.912910194231381
10
195.39999999999998
20
16.771278704693614
10
204.1
20
17.441037794792745
10
212.79999999999998
20
17.731802009853965
10
221.49999999999997
20
17.57063108109683
10
230.2
20
17.02312945037109
10
238.89999999999998
20
16.273512387827274
10
247.59999999999997
20
15.569537083934371
0
LWPOLYLINE
5
2E
330
6
100
AcDbEntity
8
Topography
100
AcDbPolyline
90
29
70
0
38
0
10
4
20
21.937328508769685
10
12.7
20
22.07864146628275
10
21.4
20
21.742622246619995
10
30.099999999999998
20
21.0483801035806
10
38.8
20
20.21564930462396
10
47.5
20
19.499494679498735
10
56.199999999999996
20
19.114774647956764
10
64.89999999999999
20
19.172651295613
10
73.6
20
19.647877699703887
10
82.3
20
20.38650872587884
10
91
20
21.15175245238093
10
99.69999999999999
20
21.694423915953916
10
108.39999999999999
20
21.827201012783902
10
117.1
20
21.480756194526098
10
125.79999999999998
20
20.72517939904969
10
134.5
20
19.750342006762388
10
143.2
20
18.810959982553555
10
151.89999999999998
20
18.15252544055441
10
160.6
20
17.93991892700378
10
169.29999999999998
20
18.20972532429845
10
178
20
18.860287227161415
10
186.7
20
19.68240228133969
10
195.39999999999998
20
20.421587223949025
10
204.1
20
20.853525704916365
10
212.79999999999998
20
20.85043395357985
10
221.49999999999997
20
20.418763103045265
10
230.2
20
19.697117435691517
10
238.89999999999998
20
18.915008348828742
10
247.59999999999997
20
18.32462137793447
0
LWPOLYLINE
5
2F
330
6
100
AcDbEntity
8
Topography
100
AcDbPolyline
90
29
70
0
38
0
10
4
20
25.135595231321883
10
12.7
20
25.026844658450447
10
21.4
20
24.497940587020377
10
30.099999999999998
20
23.730354983007707
10
38.8
20
22.97177791478467
10
47.5
20
22.46237319639832
10
56.199999999999996
20
22.363411242630555
10
64.89999999999999
20
22.709346088480107
10
73.6
20
23.397483009067304
10
82.3
20
24.218289782677235
10
91
20
24.91741057087196
10
99.69999999999999
20
25.271084507300266
10
108.39999999999999
20
25.152711411604464
10
117.1
20
24.570912678713864
10
125.79999999999998
20
23.66783798130699
10
134.5
20
22.678189772659078
10
143.2
20
21.861020600507462
10
151.89999999999998
20
21.424386622733206
10
160.6
20
21.46504654865708
10
169.29999999999998
20
21.94095743809983
10
178
20
22.684646309116737
10
186.7
20
23.45348221029946
10
195.39999999999998
20
24.00199266389313
10
204.1
20
24.154870369767
10
212.79999999999998
20
23.859117244599847
10
221.49999999999997
20
23.19993174200162
10
230.2
20
22.375645217933666
10
238.89999999999998
20
21.639097760472193
10
247.59999999999997
20
21.22274881511038
0
LWPOLYLINE
5
30
330
6
100
AcDbEntity
8
Topography
100
AcDbPolyline
90
29
70
0
38
0
10
4
20
28.166302634834746
10
12.7
20
27.822539377600055
10
21.4
20
27.155310194506928
10
30.099999999999998
20
26.391015818933766
10
38.8
20
25.78157736243632
10
47.5
20
25.529275924226017
10
56.199999999999996
20
25.726361692841756
10
64.89999999999999
20
26.327268413386236
10
73.6
20
27.161647209966837
10
82.3
20
27.98438854348694
10
91
20
28.54788547350347
10
99.69999999999999
20
28.675225140995963
10
108.39999999999999
20
28.312715417827157
10
117.1
20
27.546242756210155
10
125.79999999999998
20
26.57661963011966
10
134.5
20
25.661170900431017
10
143.2
20
25.0387618877897
10
151.89999999999998
20
24.860351264042276
10
160.6
20
25.145519732380272
10
169.29999999999998
20
25.77776234330934
10
178
20
26.53989848336274
10
186.7
20
27.179121503553695
10
195.39999999999998
20
27.482469483396635
10
204.1
20
27.34042770708916
10
212.79999999999998
20
26.779877741074095
10
221.49999999999997
20
25.956653825169475
10
230.2
20
25.109886400842456
10
238.89999999999998
20
24.491589277076105
10
247.59999999999997
20
24.292254924006418
0
LWPOLYLINE
5
31
330
6
100
AcDbEntity
8
Topography
100
AcDbPolyline
90
29
70
0
38
0
10
4
20
31.04382044672788
10
12.7
20
30.502974795567944
10
21.4
20
29.76583803085048
10
30.099999999999998
20
29.082000843393104
10
38.8
20
28.68345996754847
10
47.5
20
28.715211505287535
10
56.199999999999996
20
29.191597332410872
10
64.89999999999999
20
29.991308912704415
10
73.6
20
30.89254690245188
10
82.3
20
31.63798623516495
10
91
20
32.01039986988068
10
99.69999999999999
20
31.896644776832463
10
108.39999999999999
20
31.32114019034222
10
117.1
20
30.438960241455227
10
125.79999999999998
20
29.490568769176782
10
134.5
20
28.73153200242055
10
143.2
20
28.35791981787763
10
151.89999999999998
20
28.449373315664104
10
160.6
20
28.946601950481128
10
169.29999999999998
20
29.669915557109636
10
178
20
30.373291490047148
10
186.7
20
30.81799523378226
10
195.39999999999998
20
30.84400589234827
10
204.1
20
30.41814688932385
10
212.79999999999998
20
29.64469555455094
10
221.49999999999997
20
28.735315660231763
10
230.2
20
27.94715906266463
10
238.89999999999998
20
27.507376236864687
10
247.59999999999997
20
27.54628983515948
0
TEXT
5
32
330
6
100
AcDbEntity
8
Topography
100
AcDbText
10
7
20
31.75
30
0
40
0.9
1
49.00
7
STANDARD
100
AcDbText
0
LWPOLYLINE
5
33
330
6
100
AcDbEntity
8
Topography
100
AcDbPolyline
90
29
70
0
38
0
10
4
20
33.79682409956285
10
12.7
20
33.11581811004312
10
21.4
20
32.38427338595128
10
30.099999999999998
20
31.85100750678106
10
38.8
20
31.705816875870042
10
47.5
20
32.0224456350707
10
56.199999999999996
20
32.73583565272674
10
64.89999999999999
20
33.66040000650334
10
73.6
20
34.543959761243215
10
82.3
20
35.14146126085472
10
91
20
35.2867523758622
10
99.69999999999999
20
34.94126347290413
10
108.39999999999999
20
34.20524513384694
10
117.1
20
33.28825252159102
10
125.79999999999998
20
32.4475803325394
10
134.5
20
31.912799138903335
10
143.2
20
31.81863744466258
10
151.89999999999998
20
32.165986759500775
10
160.6
20
32.82250726104451
10
169.29999999999998
20
33.562627337564585
10
178
20
34.135107900727455
10
186.7
20
34.33820997121936
10
195.39999999999998
20
34.080260393228876
10
204.1
20
33.40771742671035
10
212.79999999999998
20
32.4924250750271
10
221.49999999999997
20
31.581784565427476
10
230.2
20
30.926512258823177
10
238.89999999999998
20
30.707268302072997
10
247.59999999999997
20
30.98177830548017
0
LWPOLYLINE
5
34
330
6
100
AcDbEntity
8
Topography
100
AcDbPolyline
90
29
70
0
38
0
10
4
20
36.46592096670232
10
12.7
20
35.71495953175331
10
21.4
20
35.06411571495943
10
30.099999999999998
20
34.73754001895181
10
38.8
20
34.86456403548226
10
47.5
20
35.44048740120543
10
56.199999999999996
20
36.32690543563918
10
64.89999999999999
20
37.291515034789
10
73.6
20
38.07569088627084
10
82.3
20
38.46993076894834
10
91
20
38.37494430280722
10
99.69999999999999
20
37.83038971619565
10
108.39999999999999
20
37.002800433905335
10
117.1
20
36.13627470582467
10
125.79999999999998
20
35.480478594805255
10
134.5
20
35.21719791129124
10
143.2
20
35.40709649432219
10
151.89999999999998
20
35.972372379475715
10
160.6
20
36.72040969315213
10
169.29999999999998
20
37.40142737207606
10
178
20
37.78309413412493
10
186.7
20
37.72007151125428
10
195.39999999999998
20
37.19794030827508
10
204.1
20
36.33852012586278
10
212.79999999999998
20
35.364978485813964
10
221.49999999999997
20
34.536987052456205
10
230.2
20
34.075019028173145
10
238.89999999999998
20
34.09608759142172
10
247.59999999999997
20
34.579854595496926
0
LWPOLYLINE
5
35
330
6
100
AcDbEntity
8
Topography
100
AcDbPolyline
90
29
70
0
38
0
10
4
20
39.10013584499739
10
12.7
20
38.35573563954259
10
21.4
20
37.852867748040424
10
30.099999999999998
20
37.769477750414374
10
38.8
20
38.16192961215359
10
47.5
20
38.94735457148639
10
56.199999999999996
20
39.92703075018203
10
64.89999999999999
20
40.84393198512378
10
73.6
20
41.45750619055442
10
82.3
20
41.61366064011829
10
91
20
41.28934314992185
10
99.69999999999999
20
40.59859796723952
10
108.39999999999999
20
39.75833419509134
10
117.1
20
39.02392258601501
10
125.79999999999998
20
38.61363024642503
10
134.5
20
38.64418917418317
10
143.2
20
39.09650447536138
10
151.89999999999998
20
39.8216121813707
10
160.6
20
40.58511887644439
10
169.29999999999998
20
41.13699938576016
10
178
20
41.28614420203388
10
186.7
20
40.957642892660616
10
195.39999999999998
20
40.215878110310555
10
204.1
20
39.246586322723566
10
212.79999999999998
20
38.303142523658344
10
221.49999999999997
20
37.632877795509856
10
230.2
20
37.40512847615519
10
238.89999999999998
20
37.66220659392786
10
247.59999999999997
20
38.30772327813704
0
LWPOLYLINE
5
36
330
6
100
AcDbEntity
8
Topography
100
AcDbPolyline
90
29
70
0
38
0
10
4
20
41.752571947110994
10
12.7
20
41.09000746891564
10
21.4
20
40.78786779661603
10
30.099999999999998
20
40.96077402318071
10
38.8
20
41.58658239347483
10
47.5
20
42.51198324222962
10
56.199999999999996
20
43.49670931035744
10
64.89999999999999
20
44.28334680687146
10
73.6
20
44.672192498951105
10
82.3
20
44.57911214887091
10
91
20
44.05936863807323
10
99.69999999999999
20
43.29042355426503
10
108.39999999999999
20
42.51881396511349
10
117.1
20
41.986798353359696
10
125.79999999999998
20
41.86042817134302
10
134.5
20
42.18027569726824
10
143.2
20
42.84936059485547
10
151.89999999999998
20
43.66183969393187
10
160.6
20
44.36399515627112
10
169.29999999999998
20
44.72952363821511
10
178
20
44.62690514240533
10
186.7
20
44.05896100258899
10
195.39999999999998
20
43.16290858344679
10
204.1
20
42.170867905075035
10
212.79999999999998
20
41.34243716637158
10
221.49999999999997
20
40.889190490729845
10
230.2
20
40.91333289527838
10
238.89999999999998
20
41.37857204138777
10
247.59999999999997
20
42.12176530250299
0
LWPOLYLINE
5
37
330
6
100
AcDbEntity
8
Topography
100
AcDbPolyline
90
29
70
0
38
0
10
4
20
44.47564342754261
10
12.7
20
43.96154393698847
10
21.4
20
43.89307956784229
10
30.099999999999998
20
44.3104858904107
10
38.8
20
45.11507099052049
10
47.5
20
46.09753558977325
10
56.199999999999996
20
46.99880086652467
10
64.89999999999999
20
47.58543200306551
10
73.6
20
47.71744326574561
10
82.3
20
47.388519267831335
10
91
20
46.72682361415593
10
99.69999999999999
20
45.95619047728262
10
108.39999999999999
20
45.32917820779161
10
117.1
20
45.05176081107009
10
125.79999999999998
20
45.22189598494786
10
134.5
20
45.800111098136775
10
143.2
20
46.620799647975474
10
151.89999999999998
20
47.440907477686764
10
160.6
20
48.01165386324456
10
169.29999999999998
20
48.15213223171649
10
178
20
47.80307471587257
10
186.7
20
47.0449095197515
10
195.39999999999998
20
46.07476643775893
10
204.1
20
45.14918925123649
10
212.79999999999998
20
44.50942437571891
10
221.49999999999997
20
44.311291037390795
10
230.2
20
44.580284683284574
10
238.89999999999998
20
45.20512158708653
10
247.59999999999997
20
45.97159427806421
0
LWPOLYLINE
5
38
330
6
100
AcDbEntity
8
Topography
100
AcDbPolyline
90
29
70
0
38
0
10
4
20
47.31631840207949
10
12.7
20
47.00213346738609
10
21.4
20
47.177127122491
10
30.099999999999998
20
47.803208439080535
10
38.8
20
48.714417728152746
10
47.5
20
49.665272146912045
10
56.199999999999996
20
50.402418885831075
10
64.89999999999999
20
50.7384860658031
10
73.6
20
50.60637725064901
10
82.3
20
50.07802673224033
10
91
20
49.3421171384112
10
99.69999999999999
20
48.64736599926035
10
108.39999999999999
20
48.228143247097655
10
117.1
20
48.234391896197316
10
125.79999999999998
20
48.68655261627239
10
134.5
20
49.46881469232179
10
143.2
20
50.362707273233426
10
151.89999999999998
20
51.11114146702319
10
160.6
20
51.49402680424258
10
169.29999999999998
20
51.39316577654684
10
178
20
50.827286434302415
10
186.7
20
49.946874647752324
10
195.39999999999998
20
48.99031875416021
10
204.1
20
48.21428462415625
10
212.79999999999998
20
47.818834859064
10
221.49999999999997
20
47.88935168892013
10
230.2
20
48.37236336700171
10
238.89999999999998
20
49.09237145429582
10
247.59999999999997
20
49.80468165649936
0
LWPOLYLINE
5
39
330
6
100
AcDbEntity
8
Topography
100
AcDbPolyline
90
29
70
0
38
0
10
4
20
50.311813327074994
10
12.7
20
50.22877953482911
10
21.4
20
50.63274548285083
10
30.099999999999998
20
51.41085407330538
10
38.8
20
52.34560107546918
10
47.5
20
53.178600466690945
10
56.199999999999996
20
53.68623603077366
10
64.89999999999999
20
53.74490378485344
10
73.6
20
53.36662497009396
10
82.3
20
52.69455279634463
10
91
20
51.95972884946815
10
99.69999999999999
20
51.41187687265952
10
108.39999999999999
20
51.244680622595716
10
117.1
20
51.53761960976844
10
125.79999999999998
20
52.23155183680001
10
134.5
20
53.14527692465335
10
143.2
20
54.02822277979697
10
151.89999999999998
20
54.633740330469166
10
160.6
20
54.791407746510636
10
169.29999999999998
20
54.45703232828359
10
178
20
53.725610496504615
10
186.7
20
52.80342573500429
10
195.39999999999998
20
51.94751043692897
10
204.1
20
51.390317573833855
10
212.79999999999998
20
51.27180472387432
10
221.49999999999997
20
51.59894145773242
10
230.2
20
52.24455795492688
10
238.89999999999998
20
52.98584523199892
10
247.59999999999997
20
53.57111926977447
0
TEXT
5
3A
330
6
100
AcDbEntity
8
Topography
100
AcDbText
10
7
20
54.5
30
0
40
0.9
1
56.00
7
STANDARD
100
AcDbText
0
LWPOLYLINE
5
3B
330
6
100
AcDbEntity
8
Topography
100
AcDbPolyline
90
29
70
0
38
0
10
4
20
53.48614014776978
10
12.7
20
53.64223558201012
10
21.4
20
54.237684900034715
10
30.099999999999998
20
55.09559079103062
10
38.8
20
55.96757679457268
10
47.5
20
56.60689547863395
10
56.199999999999996
20
56.84086930351161
10
64.89999999999999
20
56.621308575988934
10
73.6
20
56.03805226091115
10
82.3
20
55.291659514283964
10
91
20
54.63333278175369
10
99.69999999999999
20
54.289821987338556
10
108.39999999999999
20
54.39549181652157
10
117.1
20
54.9516229260758
10
125.79999999999998
20
55.82498573102427
10
134.5
20
56.78614131083199
10
143.2
20
57.576204706270644
10
151.89999999999998
20
57.982408111011914
10
160.6
20
57.90020221652952
10
169.29999999999998
20
57.36360001508027
10
178
20
56.53482906092066
10
186.7
20
55.65635446223232
10
195.39999999999998
20
54.979427598859374
10
204.1
20
54.69023312078116
10
212.79999999999998
20
54.855409038703584
10
221.49999999999997
20
55.40299473820918
10
230.2
20
56.1444068357185
10
238.89999999999998
20
56.830936809639745
10
247.59999999999997
20
57.22807810990364
0
LWPOLYLINE
5
3C
330
6
100
AcDbEntity
8
Topography
100
AcDbPolyline
90
29
70
0
38
0
10
4
20
56.84783037725444
10
12.7
20
57.2270107681505
10
21.4
20
57.956971425909664
10
30.099999999999998
20
58.81364561438799
10
38.8
20
59.541438601183
10
47.5
20
59.92870985201186
10
56.199999999999996
20
59.870098937169296
10
64.89999999999999
20
59.39731522039889
10
73.6
20
58.66931913862723
10
82.3
20
57.92480617159109
10
91
20
57.41102877296022
10
99.69999999999999
20
57.309975332049504
10
108.39999999999999
20
57.68370862941186
10
117.1
20
58.455018053305
10
125.79999999999998
20
59.42912590394626
10
134.5
20
60.35007996920238
10
143.2
20
60.975233491512355
10
151.89999999999998
20
61.14587733365016
10
160.6
20
60.83322158662844
10
169.29999999999998
20
60.146191113670135
10
178
20
59.298758218853216
10
186.7
20
58.546465144641786
10
195.39999999999998
20
58.11087098014177
10
204.1
20
58.114213274406936
10
212.79999999999998
20
58.543555629358565
10
221.49999999999997
20
59.25498945741582
10
230.2
20
60.01663811374097
10
238.89999999999998
20
60.57776125768229
10
247.59999999999997
20
60.74355403538235
0
LWPOLYLINE
5
3D
330
6
100
AcDbEntity
8
Topography
100
AcDbPolyline
90
29
70
0
38
0
10
4
20
60.3890523805922
10
12.7
20
60.95284191547859
10
21.4
20
61.74630093895961
10
30.099999999999998
20
62.51960021705253
10
38.8
20
63.03430863868863
10
47.5
20
63.13405299805932
10
56.199999999999996
20
62.790787749373116
10
64.89999999999999
20
62.11302266506934
10
73.6
20
61.3135830765888
10
82.3
20
60.64641942921378
10
91
20
60.331117720795014
10
99.69999999999999
20
60.48739549832281
10
108.39999999999999
20
61.098927692045194
10
117.1
20
62.01719978938803
10
125.79999999999998
20
63.004282933528756
10
134.5
20
63.80194765298043
10
143.2
20
64.2067654297352
10
151.89999999999998
20
64.12908118987038
10
160.6
20
63.61849597205278
10
169.29999999999998
20
62.848374694786564
10
178
20
62.063976336337056
10
186.7
20
61.5095293518176
10
195.39999999999998
20
61.35578041263357
10
204.1
20
61.64939947385485
10
212.79999999999998
20
62.299171723347065
10
221.49999999999997
20
63.10305049031005
10
230.2
20
63.8080870170071
10
238.89999999999998
20
64.18554989599889
10
247.59999999999997
20
64.09906108031981
0
LWPOLYLINE
5
3E
330
6
100
AcDbEntity
8
Topography
100
AcDbPolyline
90
29
70
0
38
0
10
4
20
64.08620967010512
10
12.7
20
64.77749158365397
10
21.4
20
65.556239909263
10
30.099999999999998
20
66.17076277588474
10
38.8
20
66.42257732038222
10
47.5
20
66.22550910389384
10
56.199999999999996
20
65.63149391347233
10
64.89999999999999
20
64.81545925652662
10
73.6
20
64.02373830306472
10
82.3
20
63.50123134268844
10
91
20
63.418804446075434
10
99.69999999999999
20
63.822351048559256
10
108.39999999999999
20
64.61855828141894
10
117.1
20
65.60159881846835
10
125.79999999999998
20
66.51290229996609
10
134.5
20
67.11640698968493
10
143.2
20
67.26712887928826
10
151.89999999999998
20
66.95285788870487
10
160.6
20
66.29671730498258
10
169.29999999999998
20
65.51986521835866
10
178
20
64.87537097345083
10
186.7
20
64.57279868686346
10
195.39999999999998
20
64.71576698656195
10
204.1
20
65.27092211621633
10
212.79999999999998
20
66.07749082568397
10
221.49999999999997
20
66.89460461711253
10
230.2
20
67.47244011632984
10
238.89999999999998
20
67.62618954768642
10
247.59999999999997
20
67.29103444642848
0
LWPOLYLINE
5
3F
330
6
100
AcDbEntity
8
Topography
100
AcDbPolyline
90
29
70
0
38
0
10
4
20
67.9019709860586
10
12.7
20
68.65061010579284
10
21.4
20
69.33683363633578
10
30.099999999999998
20
69.73119705409864
10
38.8
20
69.6941781199501
10
47.5
20
69.21807889094318
10
56.199999999999996
20
68.42989779061362
10
64.89999999999999
20
67.55430518016539
10
73.6
20
66.84762880149368
10
82.3
20
66.52231200010647
10
91
20
66.68412383308215
10
99.69999999999999
20
67.30064518600747
10
108.39999999999999
20
68.21033619834309
10
117.1
20
69.16952653401417
10
125.79999999999998
20
69.92348987119529
10
134.5
20
70.28066485340725
10
143.2
20
70.16816039246136
10
151.89999999999998
20
69.65220616129707
10
160.6
20
68.91755027387885
10
169.29999999999998
20
68.21191533004679
10
178
20
67.77192957127171
10
186.7
20
67.75241222767572
10
195.39999999999998
20
68.1799001683677
10
204.1
20
68.94414936362153
10
212.79999999999998
20
69.8301395074733
10
221.49999999999997
20
70.58115854945508
10
230.2
20
70.97437114675765
10
238.89999999999998
20
70.88658686460614
10
247.59999999999997
20
70.33082835143529
0
LWPOLYLINE
5
40
330
6
100
AcDbEntity
8
Topography
100
AcDbPolyline
90
29
70
0
38
0
10
4
20
71.78855018663747
10
12.7
20
72.51830207512197
10
21.4
20
73.0421881419054
10
30.099999999999998
20
73.1750267634122
10
38.8
20
72.84967918280977
10
47.5
20
72.13775554265897
10
56.199999999999996
20
71.22928026352022
10
64.89999999999999
20
70.37728905907392
10
73.6
20
69.82367791271169
10
82.3
20
69.72815935284973
10
91
20
70.12127062726148
10
99.69999999999999
20
70.89529032701813
10
108.39999999999999
20
71.83574507870802
10
117.1
20
72.68422196594366
10
125.79999999999998
20
73.21397453059792
10
134.5
20
73.29604210344411
10
143.2
20
72.93640505406144
10
151.89999999999998
20
72.27324547752855
10
160.6
20
71.53515279862957
10
169.29999999999998
20
70.97263511343833
10
178
20
70.78317150844114
10
186.7
20
71.05194550122155
10
195.39999999999998
20
71.72577328711623
10
204.1
20
72.6279472737825
10
212.79999999999998
20
73.50964403106985
10
221.49999999999997
20
74.12275684280961
10
230.2
20
74.29268886525792
10
238.89999999999998
20
73.96964895819424
10
247.59999999999997
20
73.24332695090187
0
LWPOLYLINE
5
41
330
6
100
AcDbEntity
8
Topography
100
AcDbPolyline
90
29
70
0
38
0
10
4
20
75.69193796037763
10
12.7
20
76.32797424335206
10
21.4
20
76.63459841550664
10
30.099999999999998
20
76.4887065921673
10
38.8
20
75.90209078475307
10
47.5
20
75.01897024695609
10
56.199999999999996
20
74.074384588904
10
64.89999999999999
20
73.3256905760279
10
73.6
20
72.97734113772592
10
82.3
20
73.12111090222413
10
91
20
73.70938169595516
10
99.69999999999999
20
74.5693560196846
10
108.39999999999999
20
75.4540007799448
10
117.1
20
76.11469611849812
10
125.79999999999998
20
76.37416840714071
10
134.5
20
76.1782086010729
10
143.2
20
75.6109399483754
10
151.89999999999998
20
74.86915513717919
10
160.6
20
74.20331964927104
10
169.29999999999998
20
73.84267321369094
10
178
20
73.92655383056248
10
186.7
20
74.46223470977972
10
195.39999999999998
20
75.3217445787001
10
204.1
20
76.2786426379799
10
212.79999999999998
20
77.07393270989162
10
221.49999999999997
20
77.49170340456101
10
230.2
20
77.42220843169027
10
238.89999999999998
20
76.89380094271277
10
247.59999999999997
20
76.06431690855119
0
TEXT
5
42
330
6
100
AcDbEntity
8
Topography
100
AcDbText
10
7
20
77.25
30
0
40
0.9
1
63.00
7
STANDARD
100
AcDbText
0
LWPOLYLINE
5
43
330
6
100
AcDbEntity
8
Topography
100
AcDbPolyline
90
29
70
0
38
0
10
4
20
79.55669899750897
10
12.7
20
80.03301794576866
10
21.4
20
80.0878424620609
10
30.099999999999998
20
79.67205370976252
10
38.8
20
78.87541428141898
10
47.5
20
77.90115490369179
10
56.199999999999996
20
77.00705690497776
10
64.89999999999999
20
76.43037508951676
10
73.6
20
76.31871420611549
10
82.3
20
76.68721943582491
10
91
20
77.41468412520881
10
99.69999999999999
20
78.2797042190951
10
108.39999999999999
20
79.02620254062214
10
117.1
20
79.43898933032222
10
125.79999999999998
20
79.40707141093914
10
134.5
20
78.95604209004736
10
143.2
20
78.24000960092698
10
151.89999999999998
20
77.49546168844066
10
160.6
20
76.97069603070044
10
169.29999999999998
20
76.85165746994971
10
178
20
77.20608639034842
10
186.7
20
77.96248427125235
10
195.39999999999998
20
78.93013461514128
10
204.1
20
79.85430855625263
10
212.79999999999998
20
80.49040601495301
10
221.49999999999997
20
80.67519642718986
10
230.2
20
80.37417574800156
10
238.89999999999998
20
79.6910971982117
10
247.59999999999997
20
78.83688553362744
0
LWPOLYLINE
5
44
330
6
100
AcDbEntity
8
Topography
100
AcDbPolyline
90
29
70
0
38
0
10
4
20
83.33089581471785
10
12.7
20
83.59689712006795
10
21.4
20
83.38934294584695
10
30.099999999999998
20
82.73795509453852
10
38.8
20
81.80208198067729
10
47.5
20
80.82475784062439
10
56.199999999999996
20
80.06208594713863
10
64.89999999999999
20
79.7087398590993
10
73.6
20
79.8415226061775
10
82.3
20
80.39759946826368
10
91
20
81.1937959862123
10
99.69999999999999
20
81.98124452288562
10
108.39999999999999
20
82.51924131501252
10
117.1
20
82.6465151603681
10
125.79999999999998
20
82.32887815533101
10
134.5
20
81.66920114952642
10
143.2
20
80.8767751471349
10
151.89999999999998
20
80.2051051273888
10
160.6
20
79.87649942416967
10
169.29999999999998
20
80.01571774976716
10
178
20
80.61227370751813
10
186.7
20
81.52253976816108
10
195.39999999999998
20
82.5110657698644
10
204.1
20
83.31895776386368
10
212.79999999999998
20
83.73918329046042
10
221.49999999999997
20
83.67662583601673
10
230.2
20
83.17520798605663
10
238.89999999999998
20
82.40411337546986
10
247.59999999999997
20
81.60719787938895
0
LWPOLYLINE
5
45
330
6
100
AcDbEntity
8
Topography
100
AcDbPolyline
90
29
70
0
38
0
10
4
20
86.97068884293915
10
12.7
20
86.99627091004243
10
21.4
20
86.54100816583264
10
30.099999999999998
20
85.71079491858714
10
38.8
20
84.71954632820483
10
47.5
20
83.82710422792165
10
56.199999999999996
20
83.26364758825856
10
64.89999999999999
20
83.16286886658497
10
73.6
20
83.52359143661974
10
82.3
20
84.21111514071308
10
91
20
84.99786082866339
10
99.69999999999999
20
85.63129618442244
10
108.39999999999999
20
85.90908216628392
10
117.1
20
85.73925416195522
10
125.79999999999998
20
85.16767117869688
10
134.5
20
84.36462642985464
10
143.2
20
83.57456411951065
10
151.89999999999998
20
83.04373528711884
10
160.6
20
82.94713860984305
10
169.29999999999998
20
83.33630884732115
10
178
20
84.12337202005033
10
186.7
20
85.10609432158178
10
195.39999999999998
20
86.02656466304465
10
204.1
20
86.64623360786372
10
212.79999999999998
20
86.81520924382322
10
221.49999999999997
20
86.515405505948
10
230.2
20
85.86485064133443
10
238.89999999999998
20
85.08191818405933
10
247.59999999999997
20
84.42006145470309
0
LWPOLYLINE
5
46
330
6
100
AcDbEntity
8
Topography
100
AcDbPolyline
90
29
70
0
38
0
10
4
20
90.44419273859094
10
12.7
20
90.22287215304281
10
21.4
20
89.55869104770257
10
30.099999999999998
20
88.62377003220963
10
38.8
20
87.66636036714283
10
47.5
20
86.93851076251597
10
56.199999999999996
20
86.6227057405583
10
64.89999999999999
20
86.77908196946096
10
73.6
20
87.32875754551128
10
82.3
20
88.07815680153742
10
91
20
88.77712181275682
10
99.69999999999999
20
89.19363772046951
10
108.39999999999999
20
89.18310116162387
10
117.1
20
88.7316740199695
10
125.79999999999998
20
87.96091255750001
10
134.5
20
87.09228886615855
10
143.2
20
86.38205696764132
10
151.89999999999998
20
86.04566874401961
10
160.6
20
86.19403334764783
10
169.29999999999998
20
86.80042666987049
10
178
20
87.70782315912565
10
186.7
20
88.6745052492413
10
195.39999999999998
20
89.44452064703532
10
204.1
20
89.82223309798718
10
212.79999999999998
20
89.7290082685088
10
221.49999999999997
20
89.2253480586274
10
230.2
20
88.4919790261359
10
238.89999999999998
20
87.7755073704263
10
247.59999999999997
20
87.31470318089472
0
LWPOLYLINE
5
47
330
6
100
AcDbEntity
8
Topography
100
AcDbPolyline
90
29
70
0
38
0
10
4
20
93.73423829870165
10
12.7
20
93.28398092741327
10
21.4
20
92.47033664039111
10
30.099999999999998
20
91.51536842563898
10
38.8
20
90.67814151850591
10
47.5
20
90.17904224275864
10
56.199999999999996
20
90.13563290074876
10
64.89999999999999
20
90.52893464839211
10
73.6
20
91.2100522981038
10
82.3
20
91.94515387349257
10
91
20
92.485503812065
10
99.69999999999999
20
92.64185906755505
10
108.39999999999999
20
92.34125158604695
10
117.1
20
91.64937792671121
10
125.79999999999998
20
90.7519641519325
10
134.5
20
89.9005784493939
10
143.2
20
89.33885495328835
10
151.89999999999998
20
89.23087541537627
10
160.6
20
89.61282480754396
10
169.29999999999998
20
90.38217841243905
10
178
20
91.3276142076934
10
186.7
20
92.19083843589031
10
195.39999999999998
20
92.74210513689489
10
204.1
20
92.84717655468411
10
212.79999999999998
20
92.50600034210453
10
221.49999999999997
20
91.85172529469808
10
230.2
20
91.1103782269595
10
238.89999999999998
20
90.53312928769543
10
247.59999999999997
20
90.32115862980343
0
LWPOLYLINE
5
48
330
6
100
AcDbEntity
8
Topography
100
AcDbPolyline
90
29
70
0
38
0
10
4
20
96.83979130992144
10
12.7
20
96.20146458357311
10
21.4
20
95.31301269155966
10
30.099999999999998
20
94.42536517734924
10
38.8
20
93.78382247154373
10
47.5
20
93.5562378429709
10
56.199999999999996
20
93.78419944897597
10
64.89999999999999
20
94.3715890729369
10
73.6
20
95.11386549580203
10
82.3
20
95.75940518871508
10
91
20
96.0847751606639
10
99.69999999999999
20
95.96170203267637
10
108.39999999999999
20
95.39595025886345
10
117.1
20
94.52660859583311
10
125.79999999999998
20
93.5859633941255
10
134.5
20
92.83176511719644
10
143.2
20
92.47184095200286
10
151.89999999999998
20
92.6032685314277
10
160.6
20
93.18403626793602
10
169.29999999999998
20
94.04553962721876
10
178
20
94.94222416386611
10
186.7
20
95.6237358705061
10
195.39999999999998
20
95.90830694971294
10
204.1
20
95.735746552005
10
212.79999999999998
20
95.18442690462822
10
221.49999999999997
20
94.44727954708169
10
230.2
20
93.77391029383743
10
238.89999999999998
20
93.3959378278476
10
247.59999999999997
20
93.45761098100269
0
LWPOLYLINE
5
49
330
6
100
AcDbEntity
8
Topography
100
AcDbPolyline
90
29
70
0
38
0
10
4
20
99.77590454678638
10
12.7
20
99.00948978155272
10
21.4
20
98.12912246731896
10
30.099999999999998
20
97.39073524392636
10
38.8
20
97.00256522047385
10
47.5
20
97.06404285575513
10
56.199999999999996
20
97.53695149871491
10
64.89999999999999
20
98.25734838512291
10
73.6
20
98.98471001154236
10
82.3
20
99.47378087493875
10
91
20
99.54790444496608
10
99.69999999999999
20
99.15217525417826
10
108.39999999999999
20
98.37070101253187
10
117.1
20
97.40284876901002
10
125.79999999999998
20
96.50544728631098
10
134.5
20
95.91796059094037
10
143.2
20
95.79267292827353
10
151.89999999999998
20
96.15045079886181
10
160.6
20
96.87510818413442
10
169.29999999999998
20
97.7480201468192
10
178
20
98.51276436233753
10
186.7
20
98.95071939762921
10
195.39999999999998
20
98.94532304273855
10
204.1
20
98.51604488555746
10
212.79999999999998
20
97.81206605567654
10
221.49999999999997
20
97.0675489693715
10
230.2
20
96.53171386756077
10
238.89999999999998
20
96.39437383169646
10
247.59999999999997
20
96.72892272662305
0
TEXT
5
4A
330
6
100
AcDbEntity
8
Topography
100
AcDbText
10
7
20
100
30
0
40
0.9
1
70.00
7
STANDARD
100
AcDbText
0
LWPOLYLINE
5
4B
330
6
100
AcDbEntity
8
Topography
100
AcDbPolyline
90
29
70
0
38
0
10
4
20
102.5722152161938
10
12.7
20
101.75113535946396
10
21.4
20
100.96217420510479
10
30.099999999999998
20
100.44188829156789
10
38.8
20
100.34164970177065
10
47.5
20
100.68306615072002
10
56.199999999999996
20
101.35186490511704
10
64.89999999999999
20
102.13203616997073
10
73.6
20
102.77015114750041
10
82.3
20
103.05086452157342
10
91
20
102.86130749280795
10
99.69999999999999
20
102.22535024770251
10
108.39999999999999
20
101.297596715318
10
117.1
20
100.3188494108098
10
125.79999999999998
20
99.54614562626907
10
134.5
20
99.17796657360701
10
143.2
20
99.29664607340793
10
151.89999999999998
20
99.8449346755699
10
160.6
20
100.64360422756916
10
169.29999999999998
20
101.44487718018368
10
178
20
102.00590332370018
10
186.7
20
102.16059917333646
10
195.39999999999998
20
101.86865410719264
10
204.1
20
101.22724821438266
10
212.79999999999998
20
100.44203121441501
10
221.49999999999997
20
99.76593380217477
10
230.2
20
99.42387626348507
10
238.89999999999998
20
99.5456038980169
10
247.59999999999997
20
100.12648613535576
0
LWPOLYLINE
5
4C
330
6
100
AcDbEntity
8
Topography
100
AcDbPolyline
90
29
70
0
38
0
10
4
20
105.27013464769904
10
12.7
20
104.47423578068742
10
21.4
20
103.85252041775111
10
30.099999999999998
20
103.59959716627134
10
38.8
20
103.79555330308077
10
47.5
20
104.3821556458863
10
56.199999999999996
20
105.1800405657045
10
64.89999999999999
20
105.94182247475955
10
73.6
20
106.42544976603205
10
82.3
20
106.4661592198941
10
91
20
106.02578772769958
10
99.69999999999999
20
105.20487369996634
10
108.39999999999999
20
104.21395152781923
10
117.1
20
103.31247517968423
10
125.79999999999998
20
102.73335248828512
10
134.5
20
102.61531454515219
10
143.2
20
102.96303347616275
10
151.89999999999998
20
103.64671840167622
10
160.6
20
104.44127728045883
10
169.29999999999998
20
105.09346538223143
10
178
20
105.39719041040124
10
186.7
20
105.25474323512195
10
195.39999999999998
20
104.70587983913578
10
204.1
20
103.91616824516994
10
212.79999999999998
20
103.12803515121215
10
221.49999999999997
20
102.58895495794076
10
230.2
20
102.47797182284084
10
238.89999999999998
20
102.85224280735594
10
247.59999999999997
20
103.62939019281133
0
LWPOLYLINE
5
4D
330
6
100
AcDbEntity
8
Topography
100
AcDbPolyline
90
29
70
0
38
0
10
4
20
107.91899734974739
10
12.7
20
107.22685403466721
10
21.4
20
106.83347918086167
10
30.099999999999998
20
106.8729219049665
10
38.8
20
107.34632092456216
10
47.5
20
108.1211559831263
10
56.199999999999996
20
108.97010510834046
10
64.89999999999999
20
109.63805414106031
10
73.6
20
109.91749528034353
10
82.3
20
109.71007084781334
10
91
20
109.05609892072616
10
99.69999999999999
20
108.12335558093089
10
108.39999999999999
20
107.15840068403688
10
117.1
20
106.41477743850342
10
125.79999999999998
20
106.07923358438487
10
134.5
20
106.21769286402865
10
143.2
20
106.75687852929401
10
151.89999999999998
20
107.506974546703
10
160.6
20
108.21860668766975
10
169.29999999999998
20
108.65730473639903
10
178
20
108.67345374257218
10
186.7
20
108.24707647251869
10
195.39999999999998
20
107.49421731972421
10
204.1
20
106.63302884908214
10
212.79999999999998
20
105.9195536365649
10
221.49999999999997
20
105.5721385359427
10
230.2
20
105.70677758076413
10
238.89999999999998
20
106.30246244984558
10
247.59999999999997
20
107.20677452967153
0
LWPOLYLINE
5
4E
330
6
100
AcDbEntity
8
Topography
100
AcDbPolyline
90
29
70
0
38
0
10
4
20
110.57153144899185
10
12.7
20
110.05281382950186
10
21.4
20
109.92820884665319
10
30.099999999999998
20
110.25833223538005
10
38.8
20
110.9651985521146
10
47.5
20
111.85459668345887
10
56.199999999999996
20
112.67291118262135
10
64.89999999999999
20
113.18164483571479
10
73.6
20
113.2276710534372
10
82.3
20
112.7884980698667
10
91
20
111.97919101892847
10
99.69999999999999
20
111.01890090592084
10
108.39999999999999
20
110.16685767841395
10
117.1
20
109.64668588409054
10
125.79999999999998
20
109.58134101715682
10
134.5
20
109.957828232615
10
143.2
20
110.63207786380754
10
151.89999999999998
20
111.37250601309842
10
160.6
20
111.92937749688572
10
169.29999999999998
20
112.10947832186443
10
178
20
111.83404024661263
10
186.7
20
111.16280228200773
10
195.39999999999998
20
110.27708538941677
10
204.1
20
109.42685006056162
10
212.79999999999998
20
108.85733480031816
10
221.49999999999997
20
108.73690178190276
10
230.2
20
109.1073658838943
10
238.89999999999998
20
109.87145800710098
10
247.59999999999997
20
110.82112694854565
0
LWPOLYLINE
5
4F
330
6
100
AcDbEntity
8
Topography
100
AcDbPolyline
90
29
70
0
38
0
10
4
20
113.27907318358446
10
12.7
20
112.98771099192004
10
21.4
20
113.14763143958984
10
30.099999999999998
20
113.74011294503146
10
38.8
20
114.61537872459202
10
47.5
20
115.5359665516272
10
56.199999999999996
20
116.24609965260953
10
64.89999999999999
20
116.54661933927788
10
73.6
20
116.35339437155484
10
82.3
20
115.72198990365058
10
91
20
114.83132459024365
10
99.69999999999999
20
113.9311347152321
10
108.39999999999999
20
113.26873321118558
10
117.1
20
113.01665252853995
10
125.79999999999998
20
113.22249415783384
10
134.5
20
113.79575288532101
10
143.2
20
114.53547405060435
10
151.89999999999998
20
115.19055516570828
10
160.6
20
115.53487259826002
10
169.29999999999998
20
115.4350402587566
10
178
20
114.8907804441506
10
186.7
20
114.03596618568065
10
195.39999999999998
20
113.09999662516161
10
204.1
20
112.34086995679145
10
212.79999999999998
20
111.96967040265288
10
221.49999999999997
20
112.08872299690174
10
230.2
20
112.66164409778132
10
238.89999999999998
20
113.52411378112282
10
247.59999999999997
20
114.43219146263894
0
LWPOLYLINE
5
50
330
6
100
AcDbEntity
8
Topography
100
AcDbPolyline
90
29
70
0
38
0
10
4
20
116.08696896228729
10
12.7
20
116.05577435257791
10
21.4
20
116.4895957952651
10
30.099999999999998
20
117.29200984992053
10
38.8
20
118.25559593713999
10
47.5
20
119.12217002122745
10
56.199999999999996
20
119.65809525076796
10
64.89999999999999
20
119.72248378617097
10
73.6
20
119.30819654850718
10
82.3
20
118.5435659162413
10
91
20
117.65434563394338
10
99.69999999999999
20
116.89711725245266
10
108.39999999999999
20
116.48379516976478
10
117.1
20
116.51949163700455
10
125.79999999999998
20
116.97205657037252
10
134.5
20
117.68225889230057
10
143.2
20
118.41158383052279
10
151.89999999999998
20
118.91352143383779
10
160.6
20
119.00728936796963
10
169.29999999999998
20
118.63221260288266
10
178
20
117.86668647164244
10
186.7
20
116.90609545413353
10
195.39999999999998
20
116.00616690588706
10
204.1
20
115.40843585450881
10
212.79999999999998
20
115.26977627607096
10
221.49999999999997
20
115.6167587149968
10
230.2
20
116.33827622686893
10
238.89999999999998
20
117.21859867024355
10
247.59999999999997
20
118.00109680181964
0
LWPOLYLINE
5
51
330
6
100
AcDbEntity
8
Topography
100
AcDbPolyline
90
29
70
0
38
0
10
4
20
119.03058773005002
10
12.7
20
119.26786198222665
10
21.4
20
119.93934945947022
10
30.099999999999998
20
120.87995166418294
10
38.8
20
121.84422466787336
10
47.5
20
122.5777394297893
10
56.199999999999996
20
122.89115701768769
10
64.89999999999999
20
122.71520148022668
10
73.6
20
122.12034427303158
10
82.3
20
121.29541848679193
10
91
20
120.49149002362877
10
99.69999999999999
20
119.94755494140209
10
108.39999999999999
20
119.81998670049035
10
117.1
20
120.13654487440057
10
125.79999999999998
20
120.78850625916682
10
134.5
20
121.56322901636476
10
143.2
20
122.20752899337307
10
151.89999999999998
20
122.50315407210896
10
160.6
20
122.33206954753334
10
169.29999999999998
20
121.7122690914728
10
178
20
120.79351662375119
10
186.7
20
119.81424112994142
10
195.39999999999998
20
119.03226383609653
10
204.1
20
118.64975583258709
10
212.79999999999998
20
118.75452758260185
10
221.49999999999997
20
119.29493730119862
10
230.2
20
120.0957928887553
10
238.89999999999998
20
120.91053547438631
10
247.59999999999997
20
121.49429648881576
0
TEXT
5
52
330
6
100
AcDbEntity
8
Topography
100
AcDbText
10
7
20
122.75
30
0
40
0.9
1
77.00
7
STANDARD
100
AcDbText
0
LWPOLYLINE
5
53
330
6
100
AcDbEntity
8
Topography
100
AcDbPolyline
90
29
70
0
38
0
10
4
20
122.13230612973008
10
12.7
20
122.62076768502018
10
21.4
20
123.4712603071694
10
30.099999999999998
20
124.4655767538603
10
38.8
20
125.34348071028262
10
47.5
20
125.87839618601018
10
56.199999999999996
20
125.9431905990728
10
64.89999999999999
20
125.54668255367042
10
73.6
20
124.8301383002786
10
82.3
20
124.02481941220896
10
91
20
123.38312842027617
10
99.69999999999999
20
123.10368186100756
10
108.39999999999999
20
123.27242604337424
10
117.1
20
123.83717325644346
10
125.79999999999998
20
124.62307266651891
10
134.5
20
125.38445022483849
10
143.2
20
125.87771871229144
10
151.89999999999998
20
125.93383854966903
10
160.6
20
125.50893713122272
10
169.29999999999998
20
124.698131872489
10
178
20
123.70845132625495
10
186.7
20
122.79880976942074
10
195.39999999999998
20
122.20470627788673
10
204.1
20
122.06982392120469
10
212.79999999999998
20
122.40466971267176
10
221.49999999999997
20
123.08442156135906
10
230.2
20
123.88658670171603
10
238.89999999999998
20
124.55733700260379
10
247.59999999999997
20
124.88693252336071
0
LWPOLYLINE
5
54
330
6
100
AcDbEntity
8
Topography
100
AcDbPolyline
90
29
70
0
38
0
10
4
20
125.39973507173845
10
12.7
20
126.09788587054364
10
21.4
20
127.05160715248256
10
30.099999999999998
20
128.01021388403572
10
38.8
20
128.72331301211645
10
47.5
20
129.01361185628775
10
56.199999999999996
20
128.82814325576499
10
64.89999999999999
20
128.2528330587994
10
73.6
20
127.48614735661413
10
82.3
20
126.77962483417429
10
91
20
126.36286432482171
10
99.69999999999999
20
126.37511908568602
10
108.39999999999999
20
126.82369627250674
10
117.1
20
127.58144877808581
10
125.79999999999998
20
128.4241106224285
10
134.5
20
129.09646917435782
10
143.2
20
129.3878558446404
10
151.89999999999998
20
129.1946822356861
10
160.6
20
128.55156374994684
10
169.29999999999998
20
127.62183229717328
10
178
20
126.65021303900629
10
186.7
20
125.89159569136449
10
195.39999999999998
20
125.53687855595577
10
204.1
20
125.65772456668678
10
212.79999999999998
20
126.18648930213598
10
221.49999999999997
20
126.93720680101723
10
230.2
20
127.66140998213179
10
238.89999999999998
20
128.12229005286017
10
247.59999999999997
20
128.16529328283482
0
LWPOLYLINE
5
55
330
6
100
AcDbEntity
8
Topography
100
AcDbPolyline
90
29
70
0
38
0
10
4
20
128.82533782818973
10
12.7
20
129.67115250149493
10
21.4
20
130.6421550359429
10
30.099999999999998
20
131.47892041901173
10
38.8
20
131.96459973963144
10
47.5
20
131.98791203032638
10
56.199999999999996
20
131.57493364087227
10
64.89999999999999
20
130.8803422179993
10
73.6
20
130.14073229339365
10
82.3
20
129.6038064109188
10
91
20
129.45436006108844
10
99.69999999999999
20
129.75892209448446
10
108.39999999999999
20
130.4454065714252
10
117.1
20
131.32380119391905
10
125.79999999999998
20
132.14180877468667
10
134.5
20
132.65904325558736
10
143.2
20
132.7179031743419
10
151.89999999999998
20
132.29021930793465
10
160.6
20
131.48591246061983
10
169.29999999999998
20
130.5210964885427
10
178
20
129.65501766379066
10
186.7
20
129.1144081241319
10
195.39999999999998
20
129.02753898657517
10
204.1
20
129.38739423666786
10
212.79999999999998
20
130.05479473260894
10
221.49999999999997
20
130.8005168185215
10
230.2
20
131.37394812493903
10
238.89999999999998
20
131.57799666146033
10
247.59999999999997
20
131.328126679861
0
LWPOLYLINE
5
56
330
6
100
AcDbEntity
8
Topography
100
AcDbPolyline
90
29
70
0
38
0
10
4
20
132.3874579599087
10
12.7
20
133.30405823189707
10
21.4
20
134.20415535749797
10
30.099999999999998
20
134.84417448663416
10
38.8
20
135.06132643327723
10
47.5
20
134.82078285599408
10
56.199999999999996
20
134.22500470904097
10
64.89999999999999
20
133.48250303805708
10
73.6
20
132.84527905578048
10
82.3
20
132.5334298389817
10
91
20
132.66919172345743
10
99.69999999999999
20
133.23990892588827
10
108.39999999999999
20
134.10088142350014
10
117.1
20
135.01728070193298
10
125.79999999999998
20
135.7327949573389
10
134.5
20
136.04477674399868
10
143.2
20
135.86374279463394
10
151.89999999999998
20
135.23968524893246
10
160.6
20
134.34743641619445
10
169.29999999999998
20
133.4354001952165
10
178
20
132.7527622267962
10
186.7
20
132.47663279696337
10
195.39999999999998
20
132.66059106678213
10
204.1
20
133.21978225403282
10
212.79999999999998
20
133.95693427279582
10
221.49999999999997
20
134.62158825266508
10
230.2
20
134.98503907494722
10
238.89999999999998
20
134.9088476508642
10
247.59999999999997
20
134.38668307433974
0
LWPOLYLINE
5
57
330
6
100
AcDbEntity
8
Topography
100
AcDbPolyline
90
29
70
0
38
0
10
4
20
136.0526427842998
10
12.7
20
136.95542869834156
10
21.4
20
137.70237080980027
10
30.099999999999998
20
138.08885011021357
10
38.8
20
138.02151989673945
10
47.5
20
137.5451713536733
10
56.199999999999996
20
136.828716729348
10
64.89999999999999
20
136.11445041549288
10
73.6
20
135.645583088133
10
82.3
20
135.59345512602644
10
91
20
136.0059317506437
10
99.69999999999999
20
136.79223529555478
10
108.39999999999999
20
137.74872226487037
10
117.1
20
138.6180344575017
10
125.79999999999998
20
139.16420700126395
10
134.5
20
139.24160596089087
10
143.2
20
138.8373836476607
10
151.89999999999998
20
138.0749455385268
10
160.6
20
137.17741665507185
10
169.29999999999998
20
136.40188739280097
10
178
20
135.96383122196414
10
186.7
20
135.97397935787893
10
195.39999999999998
20
136.40625742219729
10
204.1
20
137.10622191886236
10
212.79999999999998
20
137.83748407893577
10
221.49999999999997
20
138.3524001859117
10
230.2
20
138.466146948702
10
238.89999999999998
20
138.11229995350385
10
247.59999999999997
20
137.36348787556554
0
LWPOLYLINE
5
58
330
6
100
AcDbEntity
8
Topography
100
AcDbPolyline
90
29
70
0
38
0
10
4
20
139.77902724582958
10
12.7
20
140.58359579124442
10
21.4
20
141.10872397483485
10
30.099999999999998
20
141.20817317331205
10
38.8
20
140.86682980179145
10
47.5
20
140.20470362537998
10
56.199999999999996
20
139.44090615457537
10
64.89999999999999
20
138.82825391395772
10
73.6
20
138.57781027978584
10
82.3
20
138.79565109173544
10
91
20
139.4505367821277
10
99.69999999999999
20
140.38205978678644
10
108.39999999999999
20
141.3468986197229
10
117.1
20
142.08957012421277
10
125.79999999999998
20
142.41684427460999
10
134.5
20
142.25390319227301
10
143.2
20
141.66570718068488
10
151.89999999999998
20
140.83728851683549
10
160.6
20
140.01880301001648
10
169.29999999999998
20
139.45155847570396
10
178
20
139.29684416617883
10
186.7
20
139.58855287544304
10
195.39999999999998
20
140.2235635882941
10
204.1
20
140.9927090622585
10
212.79999999999998
20
141.64317658986946
10
221.49999999999997
20
141.95391394199416
10
230.2
20
141.80177233999564
10
238.89999999999998
20
141.19884703995456
10
247.59999999999997
20
140.2899690022873
0
LWPOLYLINE
5
59
330
6
100
AcDbEntity
8
Road & access
100
AcDbPolyline
90
4
70
1
38
0
10
8
20
10
10
244
20
10
10
244
20
137
10
8
20
137
0
LWPOLYLINE
5
5A
330
6
100
AcDbEntity
8
Road & access
100
AcDbPolyline
90
4
70
1
38
0
10
13
20
15
10
239
20
15
10
239
20
132
10
13
20
132
0
LWPOLYLINE
5
5B
330
6
100
AcDbEntity
8
Road & access
100
AcDbPolyline
90
4
70
1
38
0
10
119
20
16
10
188
20
16
10
188
20
64
10
119
20
64
0
LWPOLYLINE
5
5C
330
6
100
AcDbEntity
8
Road & access
100
AcDbPolyline
90
4
70
1
38
0
10
124
20
21
10
183
20
21
10
183
20
59
10
124
20
59
0
LINE
5
5D
330
6
100
AcDbEntity
8
Road & access
100
AcDbLine
10
18
20
12.5
30
0
11
21.8
21
12.5
31
0
0
LINE
5
5E
330
6
100
AcDbEntity
8
Road & access
100
AcDbLine
10
25
20
12.5
30
0
11
28.8
21
12.5
31
0
0
LINE
5
5F
330
6
100
AcDbEntity
8
Road & access
100
AcDbLine
10
32
20
12.5
30
0
11
35.8
21
12.5
31
0
0
LINE
5
60
330
6
100
AcDbEntity
8
Road & access
100
AcDbLine
10
39
20
12.5
30
0
11
42.8
21
12.5
31
0
0
LINE
5
61
330
6
100
AcDbEntity
8
Road & access
100
AcDbLine
10
46
20
12.5
30
0
11
49.8
21
12.5
31
0
0
LINE
5
62
330
6
100
AcDbEntity
8
Road & access
100
AcDbLine
10
53
20
12.5
30
0
11
56.8
21
12.5
31
0
0
LINE
5
63
330
6
100
AcDbEntity
8
Road & access
100
AcDbLine
10
60
20
12.5
30
0
11
63.8
21
12.5
31
0
0
LINE
5
64
330
6
100
AcDbEntity
8
Road & access
100
AcDbLine
10
67
20
12.5
30
0
11
70.8
21
12.5
31
0
0
LINE
5
65
330
6
100
AcDbEntity
8
Road & access
100
AcDbLine
10
74
20
12.5
30
0
11
77.8
21
12.5
31
0
0
LINE
5
66
330
6
100
AcDbEntity
8
Road & access
100
AcDbLine
10
81
20
12.5
30
0
11
84.8
21
12.5
31
0
0
LINE
5
67
330
6
100
AcDbEntity
8
Road & access
100
AcDbLine
10
88
20
12.5
30
0
11
91.8
21
12.5
31
0
0
LINE
5
68
330
6
100
AcDbEntity
8
Road & access
100
AcDbLine
10
95
20
12.5
30
0
11
98.8
21
12.5
31
0
0
LINE
5
69
330
6
100
AcDbEntity
8
Road & access
100
AcDbLine
10
102
20
12.5
30
0
11
105.8
21
12.5
31
0
0
LINE
5
6A
330
6
100
AcDbEntity
8
Road & access
100
AcDbLine
10
109
20
12.5
30
0
11
112.8
21
12.5
31
0
0
LINE
5
6B
330
6
100
AcDbEntity
8
Road & access
100
AcDbLine
10
116
20
12.5
30
0
11
119.8
21
12.5
31
0
0
LINE
5
6C
330
6
100
AcDbEntity
8
Road & access
100
AcDbLine
10
123
20
12.5
30
0
11
126.8
21
12.5
31
0
0
LINE
5
6D
330
6
100
AcDbEntity
8
Road & access
100
AcDbLine
10
130
20
12.5
30
0
11
133.8
21
12.5
31
0
0
LINE
5
6E
330
6
100
AcDbEntity
8
Road & access
100
AcDbLine
10
137
20
12.5
30
0
11
140.8
21
12.5
31
0
0
LINE
5
6F
330
6
100
AcDbEntity
8
Road & access
100
AcDbLine
10
144
20
12.5
30
0
11
147.8
21
12.5
31
0
0
LINE
5
70
330
6
100
AcDbEntity
8
Road & access
100
AcDbLine
10
151
20
12.5
30
0
11
154.8
21
12.5
31
0
0
LINE
5
71
330
6
100
AcDbEntity
8
Road & access
100
AcDbLine
10
158
20
12.5
30
0
11
161.8
21
12.5
31
0
0
LINE
5
72
330
6
100
AcDbEntity
8
Road & access
100
AcDbLine
10
165
20
12.5
30
0
11
168.8
21
12.5
31
0
0
LINE
5
73
330
6
100
AcDbEntity
8
Road & access
100
AcDbLine
10
172
20
12.5
30
0
11
175.8
21
12.5
31
0
0
LINE
5
74
330
6
100
AcDbEntity
8
Road & access
100
AcDbLine
10
179
20
12.5
30
0
11
182.8
21
12.5
31
0
0
LINE
5
75
330
6
100
AcDbEntity
8
Road & access
100
AcDbLine
10
186
20
12.5
30
0
11
189.8
21
12.5
31
0
0
LINE
5
76
330
6
100
AcDbEntity
8
Road & access
100
AcDbLine
10
193
20
12.5
30
0
11
196.8
21
12.5
31
0
0
LINE
5
77
330
6
100
AcDbEntity
8
Road & access
100
AcDbLine
10
200
20
12.5
30
0
11
203.8
21
12.5
31
0
0
LINE
5
78
330
6
100
AcDbEntity
8
Road & access
100
AcDbLine
10
207
20
12.5
30
0
11
210.8
21
12.5
31
0
0
LINE
5
79
330
6
100
AcDbEntity
8
Road & access
100
AcDbLine
10
214
20
12.5
30
0
11
217.8
21
12.5
31
0
0
LINE
5
7A
330
6
100
AcDbEntity
8
Road & access
100
AcDbLine
10
221
20
12.5
30
0
11
224.8
21
12.5
31
0
0
LINE
5
7B
330
6
100
AcDbEntity
8
Road & access
100
AcDbLine
10
228
20
12.5
30
0
11
231.8
21
12.5
31
0
0
LINE
5
7C
330
6
100
AcDbEntity
8
Road & access
100
AcDbLine
10
18
20
134.5
30
0
11
21.8
21
134.5
31
0
0
LINE
5
7D
330
6
100
AcDbEntity
8
Road & access
100
AcDbLine
10
25
20
134.5
30
0
11
28.8
21
134.5
31
0
0
LINE
5
7E
330
6
100
AcDbEntity
8
Road & access
100
AcDbLine
10
32
20
134.5
30
0
11
35.8
21
134.5
31
0
0
LINE
5
7F
330
6
100
AcDbEntity
8
Road & access
100
AcDbLine
10
39
20
134.5
30
0
11
42.8
21
134.5
31
0
0
LINE
5
80
330
6
100
AcDbEntity
8
Road & access
100
AcDbLine
10
46
20
134.5
30
0
11
49.8
21
134.5
31
0
0
LINE
5
81
330
6
100
AcDbEntity
8
Road & access
100
AcDbLine
10
53
20
134.5
30
0
11
56.8
21
134.5
31
0
0
LINE
5
82
330
6
100
AcDbEntity
8
Road & access
100
AcDbLine
10
60
20
134.5
30
0
11
63.8
21
134.5
31
0
0
LINE
5
83
330
6
100
AcDbEntity
8
Road & access
100
AcDbLine
10
67
20
134.5
30
0
11
70.8
21
134.5
31
0
0
LINE
5
84
330
6
100
AcDbEntity
8
Road & access
100
AcDbLine
10
74
20
134.5
30
0
11
77.8
21
134.5
31
0
0
LINE
5
85
330
6
100
AcDbEntity
8
Road & access
100
AcDbLine
10
81
20
134.5
30
0
11
84.8
21
134.5
31
0
0
LINE
5
86
330
6
100
AcDbEntity
8
Road & access
100
AcDbLine
10
88
20
134.5
30
0
11
91.8
21
134.5
31
0
0
LINE
5
87
330
6
100
AcDbEntity
8
Road & access
100
AcDbLine
10
95
20
134.5
30
0
11
98.8
21
134.5
31
0
0
LINE
5
88
330
6
100
AcDbEntity
8
Road & access
100
AcDbLine
10
102
20
134.5
30
0
11
105.8
21
134.5
31
0
0
LINE
5
89
330
6
100
AcDbEntity
8
Road & access
100
AcDbLine
10
109
20
134.5
30
0
11
112.8
21
134.5
31
0
0
LINE
5
8A
330
6
100
AcDbEntity
8
Road & access
100
AcDbLine
10
116
20
134.5
30
0
11
119.8
21
134.5
31
0
0
LINE
5
8B
330
6
100
AcDbEntity
8
Road & access
100
AcDbLine
10
123
20
134.5
30
0
11
126.8
21
134.5
31
0
0
LINE
5
8C
330
6
100
AcDbEntity
8
Road & access
100
AcDbLine
10
130
20
134.5
30
0
11
133.8
21
134.5
31
0
0
LINE
5
8D
330
6
100
AcDbEntity
8
Road & access
100
AcDbLine
10
137
20
134.5
30
0
11
140.8
21
134.5
31
0
0
LINE
5
8E
330
6
100
AcDbEntity
8
Road & access
100
AcDbLine
10
144
20
134.5
30
0
11
147.8
21
134.5
31
0
0
LINE
5
8F
330
6
100
AcDbEntity
8
Road & access
100
AcDbLine
10
151
20
134.5
30
0
11
154.8
21
134.5
31
0
0
LINE
5
90
330
6
100
AcDbEntity
8
Road & access
100
AcDbLine
10
158
20
134.5
30
0
11
161.8
21
134.5
31
0
0
LINE
5
91
330
6
100
AcDbEntity
8
Road & access
100
AcDbLine
10
165
20
134.5
30
0
11
168.8
21
134.5
31
0
0
LINE
5
92
330
6
100
AcDbEntity
8
Road & access
100
AcDbLine
10
172
20
134.5
30
0
11
175.8
21
134.5
31
0
0
LINE
5
93
330
6
100
AcDbEntity
8
Road & access
100
AcDbLine
10
179
20
134.5
30
0
11
182.8
21
134.5
31
0
0
LINE
5
94
330
6
100
AcDbEntity
8
Road & access
100
AcDbLine
10
186
20
134.5
30
0
11
189.8
21
134.5
31
0
0
LINE
5
95
330
6
100
AcDbEntity
8
Road & access
100
AcDbLine
10
193
20
134.5
30
0
11
196.8
21
134.5
31
0
0
LINE
5
96
330
6
100
AcDbEntity
8
Road & access
100
AcDbLine
10
200
20
134.5
30
0
11
203.8
21
134.5
31
0
0
LINE
5
97
330
6
100
AcDbEntity
8
Road & access
100
AcDbLine
10
207
20
134.5
30
0
11
210.8
21
134.5
31
0
0
LINE
5
98
330
6
100
AcDbEntity
8
Road & access
100
AcDbLine
10
214
20
134.5
30
0
11
217.8
21
134.5
31
0
0
LINE
5
99
330
6
100
AcDbEntity
8
Road & access
100
AcDbLine
10
221
20
134.5
30
0
11
224.8
21
134.5
31
0
0
LINE
5
9A
330
6
100
AcDbEntity
8
Road & access
100
AcDbLine
10
228
20
134.5
30
0
11
231.8
21
134.5
31
0
0
LINE
5
9B
330
6
100
AcDbEntity
8
Road & access
100
AcDbLine
10
10.5
20
22
30
0
11
10.5
21
25.8
31
0
0
LINE
5
9C
330
6
100
AcDbEntity
8
Road & access
100
AcDbLine
10
10.5
20
29
30
0
11
10.5
21
32.8
31
0
0
LINE
5
9D
330
6
100
AcDbEntity
8
Road & access
100
AcDbLine
10
10.5
20
36
30
0
11
10.5
21
39.8
31
0
0
LINE
5
9E
330
6
100
AcDbEntity
8
Road & access
100
AcDbLine
10
10.5
20
43
30
0
11
10.5
21
46.8
31
0
0
LINE
5
9F
330
6
100
AcDbEntity
8
Road & access
100
AcDbLine
10
10.5
20
50
30
0
11
10.5
21
53.8
31
0
0
LINE
5
A0
330
6
100
AcDbEntity
8
Road & access
100
AcDbLine
10
10.5
20
57
30
0
11
10.5
21
60.8
31
0
0
LINE
5
A1
330
6
100
AcDbEntity
8
Road & access
100
AcDbLine
10
10.5
20
64
30
0
11
10.5
21
67.8
31
0
0
LINE
5
A2
330
6
100
AcDbEntity
8
Road & access
100
AcDbLine
10
10.5
20
71
30
0
11
10.5
21
74.8
31
0
0
LINE
5
A3
330
6
100
AcDbEntity
8
Road & access
100
AcDbLine
10
10.5
20
78
30
0
11
10.5
21
81.8
31
0
0
LINE
5
A4
330
6
100
AcDbEntity
8
Road & access
100
AcDbLine
10
10.5
20
85
30
0
11
10.5
21
88.8
31
0
0
LINE
5
A5
330
6
100
AcDbEntity
8
Road & access
100
AcDbLine
10
10.5
20
92
30
0
11
10.5
21
95.8
31
0
0
LINE
5
A6
330
6
100
AcDbEntity
8
Road & access
100
AcDbLine
10
10.5
20
99
30
0
11
10.5
21
102.8
31
0
0
LINE
5
A7
330
6
100
AcDbEntity
8
Road & access
100
AcDbLine
10
10.5
20
106
30
0
11
10.5
21
109.8
31
0
0
LINE
5
A8
330
6
100
AcDbEntity
8
Road & access
100
AcDbLine
10
10.5
20
113
30
0
11
10.5
21
116.8
31
0
0
LINE
5
A9
330
6
100
AcDbEntity
8
Road & access
100
AcDbLine
10
10.5
20
120
30
0
11
10.5
21
123.8
31
0
0
LINE
5
AA
330
6
100
AcDbEntity
8
Road & access
100
AcDbLine
10
241.5
20
22
30
0
11
241.5
21
25.8
31
0
0
LINE
5
AB
330
6
100
AcDbEntity
8
Road & access
100
AcDbLine
10
241.5
20
29
30
0
11
241.5
21
32.8
31
0
0
LINE
5
AC
330
6
100
AcDbEntity
8
Road & access
100
AcDbLine
10
241.5
20
36
30
0
11
241.5
21
39.8
31
0
0
LINE
5
AD
330
6
100
AcDbEntity
8
Road & access
100
AcDbLine
10
241.5
20
43
30
0
11
241.5
21
46.8
31
0
0
LINE
5
AE
330
6
100
AcDbEntity
8
Road & access
100
AcDbLine
10
241.5
20
50
30
0
11
241.5
21
53.8
31
0
0
LINE
5
AF
330
6
100
AcDbEntity
8
Road & access
100
AcDbLine
10
241.5
20
57
30
0
11
241.5
21
60.8
31
0
0
LINE
5
B0
330
6
100
AcDbEntity
8
Road & access
100
AcDbLine
10
241.5
20
64
30
0
11
241.5
21
67.8
31
0
0
LINE
5
B1
330
6
100
AcDbEntity
8
Road & access
100
AcDbLine
10
241.5
20
71
30
0
11
241.5
21
74.8
31
0
0
LINE
5
B2
330
6
100
AcDbEntity
8
Road & access
100
AcDbLine
10
241.5
20
78
30
0
11
241.5
21
81.8
31
0
0
LINE
5
B3
330
6
100
AcDbEntity
8
Road & access
100
AcDbLine
10
241.5
20
85
30
0
11
241.5
21
88.8
31
0
0
LINE
5
B4
330
6
100
AcDbEntity
8
Road & access
100
AcDbLine
10
241.5
20
92
30
0
11
241.5
21
95.8
31
0
0
LINE
5
B5
330
6
100
AcDbEntity
8
Road & access
100
AcDbLine
10
241.5
20
99
30
0
11
241.5
21
102.8
31
0
0
LINE
5
B6
330
6
100
AcDbEntity
8
Road & access
100
AcDbLine
10
241.5
20
106
30
0
11
241.5
21
109.8
31
0
0
LINE
5
B7
330
6
100
AcDbEntity
8
Road & access
100
AcDbLine
10
241.5
20
113
30
0
11
241.5
21
116.8
31
0
0
LINE
5
B8
330
6
100
AcDbEntity
8
Road & access
100
AcDbLine
10
241.5
20
120
30
0
11
241.5
21
123.8
31
0
0
TEXT
5
B9
330
6
100
AcDbEntity
8
Annotations
100
AcDbText
10
16
20
17
30
0
40
1.15
1
EMERGENCY LOOP  /  6.0 m
7
STANDARD
100
AcDbText
0
LWPOLYLINE
5
BA
330
6
100
AcDbEntity
8
Buildings
100
AcDbPolyline
90
4
70
1
38
0
10
26
20
24
10
108
20
24
10
108
20
62
10
26
20
62
0
LWPOLYLINE
5
BB
330
6
100
AcDbEntity
8
Buildings
100
AcDbPolyline
90
4
70
1
38
0
10
27.2
20
25.2
10
106.8
20
25.2
10
106.8
20
60.8
10
27.2
20
60.8
0
LWPOLYLINE
5
BC
330
6
100
AcDbEntity
8
Buildings
100
AcDbPolyline
90
4
70
1
38
0
10
30
20
28
10
58
20
28
10
58
20
57
10
30
20
57
0
LWPOLYLINE
5
BD
330
6
100
AcDbEntity
8
Buildings
100
AcDbPolyline
90
4
70
1
38
0
10
61
20
28
10
103
20
28
10
103
20
57
10
61
20
57
0
LINE
5
BE
330
6
100
AcDbEntity
8
Buildings
100
AcDbLine
10
34
20
26
30
0
11
34
21
61
31
0
0
LINE
5
BF
330
6
100
AcDbEntity
8
Buildings
100
AcDbLine
10
41
20
26
30
0
11
41
21
61
31
0
0
LINE
5
C0
330
6
100
AcDbEntity
8
Buildings
100
AcDbLine
10
48
20
26
30
0
11
48
21
61
31
0
0
LINE
5
C1
330
6
100
AcDbEntity
8
Buildings
100
AcDbLine
10
55
20
26
30
0
11
55
21
61
31
0
0
LINE
5
C2
330
6
100
AcDbEntity
8
Buildings
100
AcDbLine
10
62
20
26
30
0
11
62
21
61
31
0
0
LINE
5
C3
330
6
100
AcDbEntity
8
Buildings
100
AcDbLine
10
69
20
26
30
0
11
69
21
61
31
0
0
LINE
5
C4
330
6
100
AcDbEntity
8
Buildings
100
AcDbLine
10
76
20
26
30
0
11
76
21
61
31
0
0
LINE
5
C5
330
6
100
AcDbEntity
8
Buildings
100
AcDbLine
10
83
20
26
30
0
11
83
21
61
31
0
0
LINE
5
C6
330
6
100
AcDbEntity
8
Buildings
100
AcDbLine
10
90
20
26
30
0
11
90
21
61
31
0
0
LINE
5
C7
330
6
100
AcDbEntity
8
Buildings
100
AcDbLine
10
97
20
26
30
0
11
97
21
61
31
0
0
LINE
5
C8
330
6
100
AcDbEntity
8
Buildings
100
AcDbLine
10
27
20
32
30
0
11
107
21
32
31
0
0
LINE
5
C9
330
6
100
AcDbEntity
8
Buildings
100
AcDbLine
10
27
20
38
30
0
11
107
21
38
31
0
0
LINE
5
CA
330
6
100
AcDbEntity
8
Buildings
100
AcDbLine
10
27
20
44
30
0
11
107
21
44
31
0
0
LINE
5
CB
330
6
100
AcDbEntity
8
Buildings
100
AcDbLine
10
27
20
50
30
0
11
107
21
50
31
0
0
LINE
5
CC
330
6
100
AcDbEntity
8
Buildings
100
AcDbLine
10
27
20
56
30
0
11
107
21
56
31
0
0
LWPOLYLINE
5
CD
330
6
100
AcDbEntity
8
Energy network
100
AcDbPolyline
90
4
70
1
38
0
10
30
20
19
10
103
20
19
10
103
20
22
10
30
20
22
0
CIRCLE
5
CE
330
6
100
AcDbEntity
8
Energy network
100
AcDbCircle
10
32
20
20.5
30
0
40
0.55
210
0
220
0
230
1
0
CIRCLE
5
CF
330
6
100
AcDbEntity
8
Energy network
100
AcDbCircle
10
36.8
20
20.5
30
0
40
0.55
210
0
220
0
230
1
0
CIRCLE
5
D0
330
6
100
AcDbEntity
8
Energy network
100
AcDbCircle
10
41.599999999999994
20
20.5
30
0
40
0.55
210
0
220
0
230
1
0
CIRCLE
5
D1
330
6
100
AcDbEntity
8
Energy network
100
AcDbCircle
10
46.39999999999999
20
20.5
30
0
40
0.55
210
0
220
0
230
1
0
CIRCLE
5
D2
330
6
100
AcDbEntity
8
Energy network
100
AcDbCircle
10
51.19999999999999
20
20.5
30
0
40
0.55
210
0
220
0
230
1
0
CIRCLE
5
D3
330
6
100
AcDbEntity
8
Energy network
100
AcDbCircle
10
55.999999999999986
20
20.5
30
0
40
0.55
210
0
220
0
230
1
0
CIRCLE
5
D4
330
6
100
AcDbEntity
8
Energy network
100
AcDbCircle
10
60.79999999999998
20
20.5
30
0
40
0.55
210
0
220
0
230
1
0
CIRCLE
5
D5
330
6
100
AcDbEntity
8
Energy network
100
AcDbCircle
10
65.59999999999998
20
20.5
30
0
40
0.55
210
0
220
0
230
1
0
CIRCLE
5
D6
330
6
100
AcDbEntity
8
Energy network
100
AcDbCircle
10
70.39999999999998
20
20.5
30
0
40
0.55
210
0
220
0
230
1
0
CIRCLE
5
D7
330
6
100
AcDbEntity
8
Energy network
100
AcDbCircle
10
75.19999999999997
20
20.5
30
0
40
0.55
210
0
220
0
230
1
0
CIRCLE
5
D8
330
6
100
AcDbEntity
8
Energy network
100
AcDbCircle
10
79.99999999999997
20
20.5
30
0
40
0.55
210
0
220
0
230
1
0
CIRCLE
5
D9
330
6
100
AcDbEntity
8
Energy network
100
AcDbCircle
10
84.79999999999997
20
20.5
30
0
40
0.55
210
0
220
0
230
1
0
CIRCLE
5
DA
330
6
100
AcDbEntity
8
Energy network
100
AcDbCircle
10
89.59999999999997
20
20.5
30
0
40
0.55
210
0
220
0
230
1
0
CIRCLE
5
DB
330
6
100
AcDbEntity
8
Energy network
100
AcDbCircle
10
94.39999999999996
20
20.5
30
0
40
0.55
210
0
220
0
230
1
0
CIRCLE
5
DC
330
6
100
AcDbEntity
8
Energy network
100
AcDbCircle
10
99.19999999999996
20
20.5
30
0
40
0.55
210
0
220
0
230
1
0
TEXT
5
DD
330
6
100
AcDbEntity
8
Annotations
100
AcDbText
10
32
20
48
30
0
40
2.4
1
OPERATIONS + LAB
7
STANDARD
100
AcDbText
0
TEXT
5
DE
330
6
100
AcDbEntity
8
Annotations
100
AcDbText
10
32
20
44.5
30
0
40
1.15
1
BUILDING 01  /  2 980 m²
7
STANDARD
100
AcDbText
0
LWPOLYLINE
5
DF
330
6
100
AcDbEntity
8
Road & access
100
AcDbPolyline
90
4
70
1
38
0
10
18
20
66
10
110
20
66
10
110
20
75
10
18
20
75
0
LINE
5
E0
330
6
100
AcDbEntity
8
Road & access
100
AcDbLine
10
20
20
66
30
0
11
21.45
21
75
31
0
0
LINE
5
E1
330
6
100
AcDbEntity
8
Road & access
100
AcDbLine
10
21.45
20
75
30
0
11
22.1
21
75
31
0
0
LINE
5
E2
330
6
100
AcDbEntity
8
Road & access
100
AcDbLine
10
22.75
20
66
30
0
11
24.2
21
75
31
0
0
LINE
5
E3
330
6
100
AcDbEntity
8
Road & access
100
AcDbLine
10
24.2
20
75
30
0
11
24.85
21
75
31
0
0
LINE
5
E4
330
6
100
AcDbEntity
8
Road & access
100
AcDbLine
10
25.5
20
66
30
0
11
26.95
21
75
31
0
0
LINE
5
E5
330
6
100
AcDbEntity
8
Road & access
100
AcDbLine
10
26.95
20
75
30
0
11
27.6
21
75
31
0
0
LINE
5
E6
330
6
100
AcDbEntity
8
Road & access
100
AcDbLine
10
28.25
20
66
30
0
11
29.7
21
75
31
0
0
LINE
5
E7
330
6
100
AcDbEntity
8
Road & access
100
AcDbLine
10
29.7
20
75
30
0
11
30.35
21
75
31
0
0
LINE
5
E8
330
6
100
AcDbEntity
8
Road & access
100
AcDbLine
10
31
20
66
30
0
11
32.45
21
75
31
0
0
LINE
5
E9
330
6
100
AcDbEntity
8
Road & access
100
AcDbLine
10
32.45
20
75
30
0
11
33.1
21
75
31
0
0
LINE
5
EA
330
6
100
AcDbEntity
8
Road & access
100
AcDbLine
10
33.75
20
66
30
0
11
35.2
21
75
31
0
0
LINE
5
EB
330
6
100
AcDbEntity
8
Road & access
100
AcDbLine
10
35.2
20
75
30
0
11
35.85
21
75
31
0
0
LINE
5
EC
330
6
100
AcDbEntity
8
Road & access
100
AcDbLine
10
36.5
20
66
30
0
11
37.95
21
75
31
0
0
LINE
5
ED
330
6
100
AcDbEntity
8
Road & access
100
AcDbLine
10
37.95
20
75
30
0
11
38.6
21
75
31
0
0
LINE
5
EE
330
6
100
AcDbEntity
8
Road & access
100
AcDbLine
10
39.25
20
66
30
0
11
40.7
21
75
31
0
0
LINE
5
EF
330
6
100
AcDbEntity
8
Road & access
100
AcDbLine
10
40.7
20
75
30
0
11
41.35
21
75
31
0
0
LINE
5
F0
330
6
100
AcDbEntity
8
Road & access
100
AcDbLine
10
42
20
66
30
0
11
43.45
21
75
31
0
0
LINE
5
F1
330
6
100
AcDbEntity
8
Road & access
100
AcDbLine
10
43.45
20
75
30
0
11
44.1
21
75
31
0
0
LINE
5
F2
330
6
100
AcDbEntity
8
Road & access
100
AcDbLine
10
44.75
20
66
30
0
11
46.2
21
75
31
0
0
LINE
5
F3
330
6
100
AcDbEntity
8
Road & access
100
AcDbLine
10
46.2
20
75
30
0
11
46.85
21
75
31
0
0
LINE
5
F4
330
6
100
AcDbEntity
8
Road & access
100
AcDbLine
10
47.5
20
66
30
0
11
48.95
21
75
31
0
0
LINE
5
F5
330
6
100
AcDbEntity
8
Road & access
100
AcDbLine
10
48.95
20
75
30
0
11
49.6
21
75
31
0
0
LINE
5
F6
330
6
100
AcDbEntity
8
Road & access
100
AcDbLine
10
50.25
20
66
30
0
11
51.7
21
75
31
0
0
LINE
5
F7
330
6
100
AcDbEntity
8
Road & access
100
AcDbLine
10
51.7
20
75
30
0
11
52.35
21
75
31
0
0
LINE
5
F8
330
6
100
AcDbEntity
8
Road & access
100
AcDbLine
10
53
20
66
30
0
11
54.45
21
75
31
0
0
LINE
5
F9
330
6
100
AcDbEntity
8
Road & access
100
AcDbLine
10
54.45
20
75
30
0
11
55.1
21
75
31
0
0
LINE
5
FA
330
6
100
AcDbEntity
8
Road & access
100
AcDbLine
10
55.75
20
66
30
0
11
57.2
21
75
31
0
0
LINE
5
FB
330
6
100
AcDbEntity
8
Road & access
100
AcDbLine
10
57.2
20
75
30
0
11
57.85
21
75
31
0
0
LINE
5
FC
330
6
100
AcDbEntity
8
Road & access
100
AcDbLine
10
58.5
20
66
30
0
11
59.95
21
75
31
0
0
LINE
5
FD
330
6
100
AcDbEntity
8
Road & access
100
AcDbLine
10
59.95
20
75
30
0
11
60.6
21
75
31
0
0
LINE
5
FE
330
6
100
AcDbEntity
8
Road & access
100
AcDbLine
10
61.25
20
66
30
0
11
62.7
21
75
31
0
0
LINE
5
FF
330
6
100
AcDbEntity
8
Road & access
100
AcDbLine
10
62.7
20
75
30
0
11
63.35
21
75
31
0
0
LINE
5
100
330
6
100
AcDbEntity
8
Road & access
100
AcDbLine
10
64
20
66
30
0
11
65.45
21
75
31
0
0
LINE
5
101
330
6
100
AcDbEntity
8
Road & access
100
AcDbLine
10
65.45
20
75
30
0
11
66.1
21
75
31
0
0
LINE
5
102
330
6
100
AcDbEntity
8
Road & access
100
AcDbLine
10
66.75
20
66
30
0
11
68.2
21
75
31
0
0
LINE
5
103
330
6
100
AcDbEntity
8
Road & access
100
AcDbLine
10
68.2
20
75
30
0
11
68.85
21
75
31
0
0
LINE
5
104
330
6
100
AcDbEntity
8
Road & access
100
AcDbLine
10
69.5
20
66
30
0
11
70.95
21
75
31
0
0
LINE
5
105
330
6
100
AcDbEntity
8
Road & access
100
AcDbLine
10
70.95
20
75
30
0
11
71.6
21
75
31
0
0
LINE
5
106
330
6
100
AcDbEntity
8
Road & access
100
AcDbLine
10
72.25
20
66
30
0
11
73.7
21
75
31
0
0
LINE
5
107
330
6
100
AcDbEntity
8
Road & access
100
AcDbLine
10
73.7
20
75
30
0
11
74.35
21
75
31
0
0
LINE
5
108
330
6
100
AcDbEntity
8
Road & access
100
AcDbLine
10
75
20
66
30
0
11
76.45
21
75
31
0
0
LINE
5
109
330
6
100
AcDbEntity
8
Road & access
100
AcDbLine
10
76.45
20
75
30
0
11
77.1
21
75
31
0
0
LINE
5
10A
330
6
100
AcDbEntity
8
Road & access
100
AcDbLine
10
77.75
20
66
30
0
11
79.2
21
75
31
0
0
LINE
5
10B
330
6
100
AcDbEntity
8
Road & access
100
AcDbLine
10
79.2
20
75
30
0
11
79.85
21
75
31
0
0
LINE
5
10C
330
6
100
AcDbEntity
8
Road & access
100
AcDbLine
10
80.5
20
66
30
0
11
81.95
21
75
31
0
0
LINE
5
10D
330
6
100
AcDbEntity
8
Road & access
100
AcDbLine
10
81.95
20
75
30
0
11
82.6
21
75
31
0
0
LINE
5
10E
330
6
100
AcDbEntity
8
Road & access
100
AcDbLine
10
83.25
20
66
30
0
11
84.7
21
75
31
0
0
LINE
5
10F
330
6
100
AcDbEntity
8
Road & access
100
AcDbLine
10
84.7
20
75
30
0
11
85.35
21
75
31
0
0
LINE
5
110
330
6
100
AcDbEntity
8
Road & access
100
AcDbLine
10
86
20
66
30
0
11
87.45
21
75
31
0
0
LINE
5
111
330
6
100
AcDbEntity
8
Road & access
100
AcDbLine
10
87.45
20
75
30
0
11
88.1
21
75
31
0
0
LINE
5
112
330
6
100
AcDbEntity
8
Road & access
100
AcDbLine
10
88.75
20
66
30
0
11
90.2
21
75
31
0
0
LINE
5
113
330
6
100
AcDbEntity
8
Road & access
100
AcDbLine
10
90.2
20
75
30
0
11
90.85
21
75
31
0
0
LINE
5
114
330
6
100
AcDbEntity
8
Road & access
100
AcDbLine
10
91.5
20
66
30
0
11
92.95
21
75
31
0
0
LINE
5
115
330
6
100
AcDbEntity
8
Road & access
100
AcDbLine
10
92.95
20
75
30
0
11
93.6
21
75
31
0
0
LINE
5
116
330
6
100
AcDbEntity
8
Road & access
100
AcDbLine
10
94.25
20
66
30
0
11
95.7
21
75
31
0
0
LINE
5
117
330
6
100
AcDbEntity
8
Road & access
100
AcDbLine
10
95.7
20
75
30
0
11
96.35
21
75
31
0
0
LINE
5
118
330
6
100
AcDbEntity
8
Road & access
100
AcDbLine
10
97
20
66
30
0
11
98.45
21
75
31
0
0
LINE
5
119
330
6
100
AcDbEntity
8
Road & access
100
AcDbLine
10
98.45
20
75
30
0
11
99.1
21
75
31
0
0
LINE
5
11A
330
6
100
AcDbEntity
8
Road & access
100
AcDbLine
10
99.75
20
66
30
0
11
101.2
21
75
31
0
0
LINE
5
11B
330
6
100
AcDbEntity
8
Road & access
100
AcDbLine
10
101.2
20
75
30
0
11
101.85
21
75
31
0
0
LINE
5
11C
330
6
100
AcDbEntity
8
Road & access
100
AcDbLine
10
102.5
20
66
30
0
11
103.95
21
75
31
0
0
LINE
5
11D
330
6
100
AcDbEntity
8
Road & access
100
AcDbLine
10
103.95
20
75
30
0
11
104.6
21
75
31
0
0
LINE
5
11E
330
6
100
AcDbEntity
8
Road & access
100
AcDbLine
10
105.25
20
66
30
0
11
106.7
21
75
31
0
0
LINE
5
11F
330
6
100
AcDbEntity
8
Road & access
100
AcDbLine
10
106.7
20
75
30
0
11
107.35
21
75
31
0
0
LINE
5
120
330
6
100
AcDbEntity
8
Road & access
100
AcDbLine
10
108
20
66
30
0
11
109.45
21
75
31
0
0
LINE
5
121
330
6
100
AcDbEntity
8
Road & access
100
AcDbLine
10
109.45
20
75
30
0
11
110.1
21
75
31
0
0
TEXT
5
122
330
6
100
AcDbEntity
8
Annotations
100
AcDbText
10
21
20
69.2
30
0
40
1.05
1
P
7
STANDARD
100
AcDbText
0
TEXT
5
123
330
6
100
AcDbEntity
8
Annotations
100
AcDbText
10
32
20
69.2
30
0
40
1.05
1
P
7
STANDARD
100
AcDbText
0
TEXT
5
124
330
6
100
AcDbEntity
8
Annotations
100
AcDbText
10
43
20
69.2
30
0
40
1.05
1
P
7
STANDARD
100
AcDbText
0
TEXT
5
125
330
6
100
AcDbEntity
8
Annotations
100
AcDbText
10
54
20
69.2
30
0
40
1.05
1
P
7
STANDARD
100
AcDbText
0
TEXT
5
126
330
6
100
AcDbEntity
8
Annotations
100
AcDbText
10
65
20
69.2
30
0
40
1.05
1
P
7
STANDARD
100
AcDbText
0
TEXT
5
127
330
6
100
AcDbEntity
8
Annotations
100
AcDbText
10
76
20
69.2
30
0
40
1.05
1
P
7
STANDARD
100
AcDbText
0
TEXT
5
128
330
6
100
AcDbEntity
8
Annotations
100
AcDbText
10
87
20
69.2
30
0
40
1.05
1
P
7
STANDARD
100
AcDbText
0
TEXT
5
129
330
6
100
AcDbEntity
8
Annotations
100
AcDbText
10
98
20
69.2
30
0
40
1.05
1
P
7
STANDARD
100
AcDbText
0
LWPOLYLINE
5
12A
330
6
100
AcDbEntity
8
Energy network
100
AcDbPolyline
90
4
70
1
38
0
10
15
20
80
10
114
20
80
10
114
20
136
10
15
20
136
0
LWPOLYLINE
5
12B
330
6
100
AcDbEntity
8
Solar modules
100
AcDbPolyline
90
4
70
1
38
0
10
17
20
82
10
19.75
20
82
10
19.75
20
84.55
10
17
20
84.55
0
LINE
5
12C
330
6
100
AcDbEntity
8
Solar modules
100
AcDbLine
10
18.375
20
82
30
0
11
18.375
21
84.55
31
0
0
LWPOLYLINE
5
12D
330
6
100
AcDbEntity
8
Solar modules
100
AcDbPolyline
90
4
70
1
38
0
10
20.45
20
82
10
23.2
20
82
10
23.2
20
84.55
10
20.45
20
84.55
0
LINE
5
12E
330
6
100
AcDbEntity
8
Solar modules
100
AcDbLine
10
21.825
20
82
30
0
11
21.825
21
84.55
31
0
0
LWPOLYLINE
5
12F
330
6
100
AcDbEntity
8
Solar modules
100
AcDbPolyline
90
4
70
1
38
0
10
23.9
20
82
10
26.65
20
82
10
26.65
20
84.55
10
23.9
20
84.55
0
LINE
5
130
330
6
100
AcDbEntity
8
Solar modules
100
AcDbLine
10
25.275
20
82
30
0
11
25.275
21
84.55
31
0
0
LWPOLYLINE
5
131
330
6
100
AcDbEntity
8
Solar modules
100
AcDbPolyline
90
4
70
1
38
0
10
27.35
20
82
10
30.1
20
82
10
30.1
20
84.55
10
27.35
20
84.55
0
LINE
5
132
330
6
100
AcDbEntity
8
Solar modules
100
AcDbLine
10
28.725
20
82
30
0
11
28.725
21
84.55
31
0
0
LWPOLYLINE
5
133
330
6
100
AcDbEntity
8
Solar modules
100
AcDbPolyline
90
4
70
1
38
0
10
30.8
20
82
10
33.55
20
82
10
33.55
20
84.55
10
30.8
20
84.55
0
LINE
5
134
330
6
100
AcDbEntity
8
Solar modules
100
AcDbLine
10
32.175
20
82
30
0
11
32.175
21
84.55
31
0
0
LWPOLYLINE
5
135
330
6
100
AcDbEntity
8
Solar modules
100
AcDbPolyline
90
4
70
1
38
0
10
34.25
20
82
10
37
20
82
10
37
20
84.55
10
34.25
20
84.55
0
LINE
5
136
330
6
100
AcDbEntity
8
Solar modules
100
AcDbLine
10
35.625
20
82
30
0
11
35.625
21
84.55
31
0
0
LWPOLYLINE
5
137
330
6
100
AcDbEntity
8
Solar modules
100
AcDbPolyline
90
4
70
1
38
0
10
37.7
20
82
10
40.45
20
82
10
40.45
20
84.55
10
37.7
20
84.55
0
LINE
5
138
330
6
100
AcDbEntity
8
Solar modules
100
AcDbLine
10
39.075
20
82
30
0
11
39.075
21
84.55
31
0
0
LWPOLYLINE
5
139
330
6
100
AcDbEntity
8
Solar modules
100
AcDbPolyline
90
4
70
1
38
0
10
41.150000000000006
20
82
10
43.900000000000006
20
82
10
43.900000000000006
20
84.55
10
41.150000000000006
20
84.55
0
LINE
5
13A
330
6
100
AcDbEntity
8
Solar modules
100
AcDbLine
10
42.525000000000006
20
82
30
0
11
42.525000000000006
21
84.55
31
0
0
LWPOLYLINE
5
13B
330
6
100
AcDbEntity
8
Solar modules
100
AcDbPolyline
90
4
70
1
38
0
10
44.6
20
82
10
47.35
20
82
10
47.35
20
84.55
10
44.6
20
84.55
0
LINE
5
13C
330
6
100
AcDbEntity
8
Solar modules
100
AcDbLine
10
45.975
20
82
30
0
11
45.975
21
84.55
31
0
0
LWPOLYLINE
5
13D
330
6
100
AcDbEntity
8
Solar modules
100
AcDbPolyline
90
4
70
1
38
0
10
48.05
20
82
10
50.8
20
82
10
50.8
20
84.55
10
48.05
20
84.55
0
LINE
5
13E
330
6
100
AcDbEntity
8
Solar modules
100
AcDbLine
10
49.425
20
82
30
0
11
49.425
21
84.55
31
0
0
LWPOLYLINE
5
13F
330
6
100
AcDbEntity
8
Solar modules
100
AcDbPolyline
90
4
70
1
38
0
10
51.5
20
82
10
54.25
20
82
10
54.25
20
84.55
10
51.5
20
84.55
0
LINE
5
140
330
6
100
AcDbEntity
8
Solar modules
100
AcDbLine
10
52.875
20
82
30
0
11
52.875
21
84.55
31
0
0
LWPOLYLINE
5
141
330
6
100
AcDbEntity
8
Solar modules
100
AcDbPolyline
90
4
70
1
38
0
10
54.95
20
82
10
57.7
20
82
10
57.7
20
84.55
10
54.95
20
84.55
0
LINE
5
142
330
6
100
AcDbEntity
8
Solar modules
100
AcDbLine
10
56.325
20
82
30
0
11
56.325
21
84.55
31
0
0
LWPOLYLINE
5
143
330
6
100
AcDbEntity
8
Solar modules
100
AcDbPolyline
90
4
70
1
38
0
10
58.400000000000006
20
82
10
61.150000000000006
20
82
10
61.150000000000006
20
84.55
10
58.400000000000006
20
84.55
0
LINE
5
144
330
6
100
AcDbEntity
8
Solar modules
100
AcDbLine
10
59.775000000000006
20
82
30
0
11
59.775000000000006
21
84.55
31
0
0
LWPOLYLINE
5
145
330
6
100
AcDbEntity
8
Solar modules
100
AcDbPolyline
90
4
70
1
38
0
10
61.85
20
82
10
64.6
20
82
10
64.6
20
84.55
10
61.85
20
84.55
0
LINE
5
146
330
6
100
AcDbEntity
8
Solar modules
100
AcDbLine
10
63.225
20
82
30
0
11
63.225
21
84.55
31
0
0
LWPOLYLINE
5
147
330
6
100
AcDbEntity
8
Solar modules
100
AcDbPolyline
90
4
70
1
38
0
10
65.30000000000001
20
82
10
68.05000000000001
20
82
10
68.05000000000001
20
84.55
10
65.30000000000001
20
84.55
0
LINE
5
148
330
6
100
AcDbEntity
8
Solar modules
100
AcDbLine
10
66.67500000000001
20
82
30
0
11
66.67500000000001
21
84.55
31
0
0
LWPOLYLINE
5
149
330
6
100
AcDbEntity
8
Solar modules
100
AcDbPolyline
90
4
70
1
38
0
10
68.75
20
82
10
71.5
20
82
10
71.5
20
84.55
10
68.75
20
84.55
0
LINE
5
14A
330
6
100
AcDbEntity
8
Solar modules
100
AcDbLine
10
70.125
20
82
30
0
11
70.125
21
84.55
31
0
0
LWPOLYLINE
5
14B
330
6
100
AcDbEntity
8
Solar modules
100
AcDbPolyline
90
4
70
1
38
0
10
72.2
20
82
10
74.95
20
82
10
74.95
20
84.55
10
72.2
20
84.55
0
LINE
5
14C
330
6
100
AcDbEntity
8
Solar modules
100
AcDbLine
10
73.575
20
82
30
0
11
73.575
21
84.55
31
0
0
LWPOLYLINE
5
14D
330
6
100
AcDbEntity
8
Solar modules
100
AcDbPolyline
90
4
70
1
38
0
10
75.65
20
82
10
78.4
20
82
10
78.4
20
84.55
10
75.65
20
84.55
0
LINE
5
14E
330
6
100
AcDbEntity
8
Solar modules
100
AcDbLine
10
77.025
20
82
30
0
11
77.025
21
84.55
31
0
0
LWPOLYLINE
5
14F
330
6
100
AcDbEntity
8
Solar modules
100
AcDbPolyline
90
4
70
1
38
0
10
79.1
20
82
10
81.85
20
82
10
81.85
20
84.55
10
79.1
20
84.55
0
LINE
5
150
330
6
100
AcDbEntity
8
Solar modules
100
AcDbLine
10
80.475
20
82
30
0
11
80.475
21
84.55
31
0
0
LWPOLYLINE
5
151
330
6
100
AcDbEntity
8
Solar modules
100
AcDbPolyline
90
4
70
1
38
0
10
82.55
20
82
10
85.3
20
82
10
85.3
20
84.55
10
82.55
20
84.55
0
LINE
5
152
330
6
100
AcDbEntity
8
Solar modules
100
AcDbLine
10
83.925
20
82
30
0
11
83.925
21
84.55
31
0
0
LWPOLYLINE
5
153
330
6
100
AcDbEntity
8
Solar modules
100
AcDbPolyline
90
4
70
1
38
0
10
86
20
82
10
88.75
20
82
10
88.75
20
84.55
10
86
20
84.55
0
LINE
5
154
330
6
100
AcDbEntity
8
Solar modules
100
AcDbLine
10
87.375
20
82
30
0
11
87.375
21
84.55
31
0
0
LWPOLYLINE
5
155
330
6
100
AcDbEntity
8
Solar modules
100
AcDbPolyline
90
4
70
1
38
0
10
89.45
20
82
10
92.2
20
82
10
92.2
20
84.55
10
89.45
20
84.55
0
LINE
5
156
330
6
100
AcDbEntity
8
Solar modules
100
AcDbLine
10
90.825
20
82
30
0
11
90.825
21
84.55
31
0
0
LWPOLYLINE
5
157
330
6
100
AcDbEntity
8
Solar modules
100
AcDbPolyline
90
4
70
1
38
0
10
92.9
20
82
10
95.65
20
82
10
95.65
20
84.55
10
92.9
20
84.55
0
LINE
5
158
330
6
100
AcDbEntity
8
Solar modules
100
AcDbLine
10
94.275
20
82
30
0
11
94.275
21
84.55
31
0
0
LWPOLYLINE
5
159
330
6
100
AcDbEntity
8
Solar modules
100
AcDbPolyline
90
4
70
1
38
0
10
96.35000000000001
20
82
10
99.10000000000001
20
82
10
99.10000000000001
20
84.55
10
96.35000000000001
20
84.55
0
LINE
5
15A
330
6
100
AcDbEntity
8
Solar modules
100
AcDbLine
10
97.72500000000001
20
82
30
0
11
97.72500000000001
21
84.55
31
0
0
LWPOLYLINE
5
15B
330
6
100
AcDbEntity
8
Solar modules
100
AcDbPolyline
90
4
70
1
38
0
10
99.80000000000001
20
82
10
102.55000000000001
20
82
10
102.55000000000001
20
84.55
10
99.80000000000001
20
84.55
0
LINE
5
15C
330
6
100
AcDbEntity
8
Solar modules
100
AcDbLine
10
101.17500000000001
20
82
30
0
11
101.17500000000001
21
84.55
31
0
0
LWPOLYLINE
5
15D
330
6
100
AcDbEntity
8
Solar modules
100
AcDbPolyline
90
4
70
1
38
0
10
103.25
20
82
10
106
20
82
10
106
20
84.55
10
103.25
20
84.55
0
LINE
5
15E
330
6
100
AcDbEntity
8
Solar modules
100
AcDbLine
10
104.625
20
82
30
0
11
104.625
21
84.55
31
0
0
LWPOLYLINE
5
15F
330
6
100
AcDbEntity
8
Solar modules
100
AcDbPolyline
90
4
70
1
38
0
10
106.7
20
82
10
109.45
20
82
10
109.45
20
84.55
10
106.7
20
84.55
0
LINE
5
160
330
6
100
AcDbEntity
8
Solar modules
100
AcDbLine
10
108.075
20
82
30
0
11
108.075
21
84.55
31
0
0
LWPOLYLINE
5
161
330
6
100
AcDbEntity
8
Solar modules
100
AcDbPolyline
90
4
70
1
38
0
10
110.15
20
82
10
112.9
20
82
10
112.9
20
84.55
10
110.15
20
84.55
0
LINE
5
162
330
6
100
AcDbEntity
8
Solar modules
100
AcDbLine
10
111.525
20
82
30
0
11
111.525
21
84.55
31
0
0
LWPOLYLINE
5
163
330
6
100
AcDbEntity
8
Solar modules
100
AcDbPolyline
90
4
70
1
38
0
10
17
20
85.65
10
19.75
20
85.65
10
19.75
20
88.2
10
17
20
88.2
0
LINE
5
164
330
6
100
AcDbEntity
8
Solar modules
100
AcDbLine
10
18.375
20
85.65
30
0
11
18.375
21
88.2
31
0
0
LWPOLYLINE
5
165
330
6
100
AcDbEntity
8
Solar modules
100
AcDbPolyline
90
4
70
1
38
0
10
20.45
20
85.65
10
23.2
20
85.65
10
23.2
20
88.2
10
20.45
20
88.2
0
LINE
5
166
330
6
100
AcDbEntity
8
Solar modules
100
AcDbLine
10
21.825
20
85.65
30
0
11
21.825
21
88.2
31
0
0
LWPOLYLINE
5
167
330
6
100
AcDbEntity
8
Solar modules
100
AcDbPolyline
90
4
70
1
38
0
10
23.9
20
85.65
10
26.65
20
85.65
10
26.65
20
88.2
10
23.9
20
88.2
0
LINE
5
168
330
6
100
AcDbEntity
8
Solar modules
100
AcDbLine
10
25.275
20
85.65
30
0
11
25.275
21
88.2
31
0
0
LWPOLYLINE
5
169
330
6
100
AcDbEntity
8
Solar modules
100
AcDbPolyline
90
4
70
1
38
0
10
27.35
20
85.65
10
30.1
20
85.65
10
30.1
20
88.2
10
27.35
20
88.2
0
LINE
5
16A
330
6
100
AcDbEntity
8
Solar modules
100
AcDbLine
10
28.725
20
85.65
30
0
11
28.725
21
88.2
31
0
0
LWPOLYLINE
5
16B
330
6
100
AcDbEntity
8
Solar modules
100
AcDbPolyline
90
4
70
1
38
0
10
30.8
20
85.65
10
33.55
20
85.65
10
33.55
20
88.2
10
30.8
20
88.2
0
LINE
5
16C
330
6
100
AcDbEntity
8
Solar modules
100
AcDbLine
10
32.175
20
85.65
30
0
11
32.175
21
88.2
31
0
0
LWPOLYLINE
5
16D
330
6
100
AcDbEntity
8
Solar modules
100
AcDbPolyline
90
4
70
1
38
0
10
34.25
20
85.65
10
37
20
85.65
10
37
20
88.2
10
34.25
20
88.2
0
LINE
5
16E
330
6
100
AcDbEntity
8
Solar modules
100
AcDbLine
10
35.625
20
85.65
30
0
11
35.625
21
88.2
31
0
0
LWPOLYLINE
5
16F
330
6
100
AcDbEntity
8
Solar modules
100
AcDbPolyline
90
4
70
1
38
0
10
37.7
20
85.65
10
40.45
20
85.65
10
40.45
20
88.2
10
37.7
20
88.2
0
LINE
5
170
330
6
100
AcDbEntity
8
Solar modules
100
AcDbLine
10
39.075
20
85.65
30
0
11
39.075
21
88.2
31
0
0
LWPOLYLINE
5
171
330
6
100
AcDbEntity
8
Solar modules
100
AcDbPolyline
90
4
70
1
38
0
10
41.150000000000006
20
85.65
10
43.900000000000006
20
85.65
10
43.900000000000006
20
88.2
10
41.150000000000006
20
88.2
0
LINE
5
172
330
6
100
AcDbEntity
8
Solar modules
100
AcDbLine
10
42.525000000000006
20
85.65
30
0
11
42.525000000000006
21
88.2
31
0
0
LWPOLYLINE
5
173
330
6
100
AcDbEntity
8
Solar modules
100
AcDbPolyline
90
4
70
1
38
0
10
44.6
20
85.65
10
47.35
20
85.65
10
47.35
20
88.2
10
44.6
20
88.2
0
LINE
5
174
330
6
100
AcDbEntity
8
Solar modules
100
AcDbLine
10
45.975
20
85.65
30
0
11
45.975
21
88.2
31
0
0
LWPOLYLINE
5
175
330
6
100
AcDbEntity
8
Solar modules
100
AcDbPolyline
90
4
70
1
38
0
10
48.05
20
85.65
10
50.8
20
85.65
10
50.8
20
88.2
10
48.05
20
88.2
0
LINE
5
176
330
6
100
AcDbEntity
8
Solar modules
100
AcDbLine
10
49.425
20
85.65
30
0
11
49.425
21
88.2
31
0
0
LWPOLYLINE
5
177
330
6
100
AcDbEntity
8
Solar modules
100
AcDbPolyline
90
4
70
1
38
0
10
51.5
20
85.65
10
54.25
20
85.65
10
54.25
20
88.2
10
51.5
20
88.2
0
LINE
5
178
330
6
100
AcDbEntity
8
Solar modules
100
AcDbLine
10
52.875
20
85.65
30
0
11
52.875
21
88.2
31
0
0
LWPOLYLINE
5
179
330
6
100
AcDbEntity
8
Solar modules
100
AcDbPolyline
90
4
70
1
38
0
10
54.95
20
85.65
10
57.7
20
85.65
10
57.7
20
88.2
10
54.95
20
88.2
0
LINE
5
17A
330
6
100
AcDbEntity
8
Solar modules
100
AcDbLine
10
56.325
20
85.65
30
0
11
56.325
21
88.2
31
0
0
LWPOLYLINE
5
17B
330
6
100
AcDbEntity
8
Solar modules
100
AcDbPolyline
90
4
70
1
38
0
10
58.400000000000006
20
85.65
10
61.150000000000006
20
85.65
10
61.150000000000006
20
88.2
10
58.400000000000006
20
88.2
0
LINE
5
17C
330
6
100
AcDbEntity
8
Solar modules
100
AcDbLine
10
59.775000000000006
20
85.65
30
0
11
59.775000000000006
21
88.2
31
0
0
LWPOLYLINE
5
17D
330
6
100
AcDbEntity
8
Solar modules
100
AcDbPolyline
90
4
70
1
38
0
10
61.85
20
85.65
10
64.6
20
85.65
10
64.6
20
88.2
10
61.85
20
88.2
0
LINE
5
17E
330
6
100
AcDbEntity
8
Solar modules
100
AcDbLine
10
63.225
20
85.65
30
0
11
63.225
21
88.2
31
0
0
LWPOLYLINE
5
17F
330
6
100
AcDbEntity
8
Solar modules
100
AcDbPolyline
90
4
70
1
38
0
10
65.30000000000001
20
85.65
10
68.05000000000001
20
85.65
10
68.05000000000001
20
88.2
10
65.30000000000001
20
88.2
0
LINE
5
180
330
6
100
AcDbEntity
8
Solar modules
100
AcDbLine
10
66.67500000000001
20
85.65
30
0
11
66.67500000000001
21
88.2
31
0
0
LWPOLYLINE
5
181
330
6
100
AcDbEntity
8
Solar modules
100
AcDbPolyline
90
4
70
1
38
0
10
68.75
20
85.65
10
71.5
20
85.65
10
71.5
20
88.2
10
68.75
20
88.2
0
LINE
5
182
330
6
100
AcDbEntity
8
Solar modules
100
AcDbLine
10
70.125
20
85.65
30
0
11
70.125
21
88.2
31
0
0
LWPOLYLINE
5
183
330
6
100
AcDbEntity
8
Solar modules
100
AcDbPolyline
90
4
70
1
38
0
10
72.2
20
85.65
10
74.95
20
85.65
10
74.95
20
88.2
10
72.2
20
88.2
0
LINE
5
184
330
6
100
AcDbEntity
8
Solar modules
100
AcDbLine
10
73.575
20
85.65
30
0
11
73.575
21
88.2
31
0
0
LWPOLYLINE
5
185
330
6
100
AcDbEntity
8
Solar modules
100
AcDbPolyline
90
4
70
1
38
0
10
75.65
20
85.65
10
78.4
20
85.65
10
78.4
20
88.2
10
75.65
20
88.2
0
LINE
5
186
330
6
100
AcDbEntity
8
Solar modules
100
AcDbLine
10
77.025
20
85.65
30
0
11
77.025
21
88.2
31
0
0
LWPOLYLINE
5
187
330
6
100
AcDbEntity
8
Solar modules
100
AcDbPolyline
90
4
70
1
38
0
10
79.1
20
85.65
10
81.85
20
85.65
10
81.85
20
88.2
10
79.1
20
88.2
0
LINE
5
188
330
6
100
AcDbEntity
8
Solar modules
100
AcDbLine
10
80.475
20
85.65
30
0
11
80.475
21
88.2
31
0
0
LWPOLYLINE
5
189
330
6
100
AcDbEntity
8
Solar modules
100
AcDbPolyline
90
4
70
1
38
0
10
82.55
20
85.65
10
85.3
20
85.65
10
85.3
20
88.2
10
82.55
20
88.2
0
LINE
5
18A
330
6
100
AcDbEntity
8
Solar modules
100
AcDbLine
10
83.925
20
85.65
30
0
11
83.925
21
88.2
31
0
0
LWPOLYLINE
5
18B
330
6
100
AcDbEntity
8
Solar modules
100
AcDbPolyline
90
4
70
1
38
0
10
86
20
85.65
10
88.75
20
85.65
10
88.75
20
88.2
10
86
20
88.2
0
LINE
5
18C
330
6
100
AcDbEntity
8
Solar modules
100
AcDbLine
10
87.375
20
85.65
30
0
11
87.375
21
88.2
31
0
0
LWPOLYLINE
5
18D
330
6
100
AcDbEntity
8
Solar modules
100
AcDbPolyline
90
4
70
1
38
0
10
89.45
20
85.65
10
92.2
20
85.65
10
92.2
20
88.2
10
89.45
20
88.2
0
LINE
5
18E
330
6
100
AcDbEntity
8
Solar modules
100
AcDbLine
10
90.825
20
85.65
30
0
11
90.825
21
88.2
31
0
0
LWPOLYLINE
5
18F
330
6
100
AcDbEntity
8
Solar modules
100
AcDbPolyline
90
4
70
1
38
0
10
92.9
20
85.65
10
95.65
20
85.65
10
95.65
20
88.2
10
92.9
20
88.2
0
LINE
5
190
330
6
100
AcDbEntity
8
Solar modules
100
AcDbLine
10
94.275
20
85.65
30
0
11
94.275
21
88.2
31
0
0
LWPOLYLINE
5
191
330
6
100
AcDbEntity
8
Solar modules
100
AcDbPolyline
90
4
70
1
38
0
10
96.35000000000001
20
85.65
10
99.10000000000001
20
85.65
10
99.10000000000001
20
88.2
10
96.35000000000001
20
88.2
0
LINE
5
192
330
6
100
AcDbEntity
8
Solar modules
100
AcDbLine
10
97.72500000000001
20
85.65
30
0
11
97.72500000000001
21
88.2
31
0
0
LWPOLYLINE
5
193
330
6
100
AcDbEntity
8
Solar modules
100
AcDbPolyline
90
4
70
1
38
0
10
99.80000000000001
20
85.65
10
102.55000000000001
20
85.65
10
102.55000000000001
20
88.2
10
99.80000000000001
20
88.2
0
LINE
5
194
330
6
100
AcDbEntity
8
Solar modules
100
AcDbLine
10
101.17500000000001
20
85.65
30
0
11
101.17500000000001
21
88.2
31
0
0
LWPOLYLINE
5
195
330
6
100
AcDbEntity
8
Solar modules
100
AcDbPolyline
90
4
70
1
38
0
10
103.25
20
85.65
10
106
20
85.65
10
106
20
88.2
10
103.25
20
88.2
0
LINE
5
196
330
6
100
AcDbEntity
8
Solar modules
100
AcDbLine
10
104.625
20
85.65
30
0
11
104.625
21
88.2
31
0
0
LWPOLYLINE
5
197
330
6
100
AcDbEntity
8
Solar modules
100
AcDbPolyline
90
4
70
1
38
0
10
106.7
20
85.65
10
109.45
20
85.65
10
109.45
20
88.2
10
106.7
20
88.2
0
LINE
5
198
330
6
100
AcDbEntity
8
Solar modules
100
AcDbLine
10
108.075
20
85.65
30
0
11
108.075
21
88.2
31
0
0
LWPOLYLINE
5
199
330
6
100
AcDbEntity
8
Solar modules
100
AcDbPolyline
90
4
70
1
38
0
10
110.15
20
85.65
10
112.9
20
85.65
10
112.9
20
88.2
10
110.15
20
88.2
0
LINE
5
19A
330
6
100
AcDbEntity
8
Solar modules
100
AcDbLine
10
111.525
20
85.65
30
0
11
111.525
21
88.2
31
0
0
LWPOLYLINE
5
19B
330
6
100
AcDbEntity
8
Solar modules
100
AcDbPolyline
90
4
70
1
38
0
10
17
20
89.3
10
19.75
20
89.3
10
19.75
20
91.85
10
17
20
91.85
0
LINE
5
19C
330
6
100
AcDbEntity
8
Solar modules
100
AcDbLine
10
18.375
20
89.3
30
0
11
18.375
21
91.85
31
0
0
LWPOLYLINE
5
19D
330
6
100
AcDbEntity
8
Solar modules
100
AcDbPolyline
90
4
70
1
38
0
10
20.45
20
89.3
10
23.2
20
89.3
10
23.2
20
91.85
10
20.45
20
91.85
0
LINE
5
19E
330
6
100
AcDbEntity
8
Solar modules
100
AcDbLine
10
21.825
20
89.3
30
0
11
21.825
21
91.85
31
0
0
LWPOLYLINE
5
19F
330
6
100
AcDbEntity
8
Solar modules
100
AcDbPolyline
90
4
70
1
38
0
10
23.9
20
89.3
10
26.65
20
89.3
10
26.65
20
91.85
10
23.9
20
91.85
0
LINE
5
1A0
330
6
100
AcDbEntity
8
Solar modules
100
AcDbLine
10
25.275
20
89.3
30
0
11
25.275
21
91.85
31
0
0
LWPOLYLINE
5
1A1
330
6
100
AcDbEntity
8
Solar modules
100
AcDbPolyline
90
4
70
1
38
0
10
27.35
20
89.3
10
30.1
20
89.3
10
30.1
20
91.85
10
27.35
20
91.85
0
LINE
5
1A2
330
6
100
AcDbEntity
8
Solar modules
100
AcDbLine
10
28.725
20
89.3
30
0
11
28.725
21
91.85
31
0
0
LWPOLYLINE
5
1A3
330
6
100
AcDbEntity
8
Solar modules
100
AcDbPolyline
90
4
70
1
38
0
10
30.8
20
89.3
10
33.55
20
89.3
10
33.55
20
91.85
10
30.8
20
91.85
0
LINE
5
1A4
330
6
100
AcDbEntity
8
Solar modules
100
AcDbLine
10
32.175
20
89.3
30
0
11
32.175
21
91.85
31
0
0
LWPOLYLINE
5
1A5
330
6
100
AcDbEntity
8
Solar modules
100
AcDbPolyline
90
4
70
1
38
0
10
34.25
20
89.3
10
37
20
89.3
10
37
20
91.85
10
34.25
20
91.85
0
LINE
5
1A6
330
6
100
AcDbEntity
8
Solar modules
100
AcDbLine
10
35.625
20
89.3
30
0
11
35.625
21
91.85
31
0
0
LWPOLYLINE
5
1A7
330
6
100
AcDbEntity
8
Solar modules
100
AcDbPolyline
90
4
70
1
38
0
10
37.7
20
89.3
10
40.45
20
89.3
10
40.45
20
91.85
10
37.7
20
91.85
0
LINE
5
1A8
330
6
100
AcDbEntity
8
Solar modules
100
AcDbLine
10
39.075
20
89.3
30
0
11
39.075
21
91.85
31
0
0
LWPOLYLINE
5
1A9
330
6
100
AcDbEntity
8
Solar modules
100
AcDbPolyline
90
4
70
1
38
0
10
41.150000000000006
20
89.3
10
43.900000000000006
20
89.3
10
43.900000000000006
20
91.85
10
41.150000000000006
20
91.85
0
LINE
5
1AA
330
6
100
AcDbEntity
8
Solar modules
100
AcDbLine
10
42.525000000000006
20
89.3
30
0
11
42.525000000000006
21
91.85
31
0
0
LWPOLYLINE
5
1AB
330
6
100
AcDbEntity
8
Solar modules
100
AcDbPolyline
90
4
70
1
38
0
10
44.6
20
89.3
10
47.35
20
89.3
10
47.35
20
91.85
10
44.6
20
91.85
0
LINE
5
1AC
330
6
100
AcDbEntity
8
Solar modules
100
AcDbLine
10
45.975
20
89.3
30
0
11
45.975
21
91.85
31
0
0
LWPOLYLINE
5
1AD
330
6
100
AcDbEntity
8
Solar modules
100
AcDbPolyline
90
4
70
1
38
0
10
48.05
20
89.3
10
50.8
20
89.3
10
50.8
20
91.85
10
48.05
20
91.85
0
LINE
5
1AE
330
6
100
AcDbEntity
8
Solar modules
100
AcDbLine
10
49.425
20
89.3
30
0
11
49.425
21
91.85
31
0
0
LWPOLYLINE
5
1AF
330
6
100
AcDbEntity
8
Solar modules
100
AcDbPolyline
90
4
70
1
38
0
10
51.5
20
89.3
10
54.25
20
89.3
10
54.25
20
91.85
10
51.5
20
91.85
0
LINE
5
1B0
330
6
100
AcDbEntity
8
Solar modules
100
AcDbLine
10
52.875
20
89.3
30
0
11
52.875
21
91.85
31
0
0
LWPOLYLINE
5
1B1
330
6
100
AcDbEntity
8
Solar modules
100
AcDbPolyline
90
4
70
1
38
0
10
54.95
20
89.3
10
57.7
20
89.3
10
57.7
20
91.85
10
54.95
20
91.85
0
LINE
5
1B2
330
6
100
AcDbEntity
8
Solar modules
100
AcDbLine
10
56.325
20
89.3
30
0
11
56.325
21
91.85
31
0
0
LWPOLYLINE
5
1B3
330
6
100
AcDbEntity
8
Solar modules
100
AcDbPolyline
90
4
70
1
38
0
10
58.400000000000006
20
89.3
10
61.150000000000006
20
89.3
10
61.150000000000006
20
91.85
10
58.400000000000006
20
91.85
0
LINE
5
1B4
330
6
100
AcDbEntity
8
Solar modules
100
AcDbLine
10
59.775000000000006
20
89.3
30
0
11
59.775000000000006
21
91.85
31
0
0
LWPOLYLINE
5
1B5
330
6
100
AcDbEntity
8
Solar modules
100
AcDbPolyline
90
4
70
1
38
0
10
61.85
20
89.3
10
64.6
20
89.3
10
64.6
20
91.85
10
61.85
20
91.85
0
LINE
5
1B6
330
6
100
AcDbEntity
8
Solar modules
100
AcDbLine
10
63.225
20
89.3
30
0
11
63.225
21
91.85
31
0
0
LWPOLYLINE
5
1B7
330
6
100
AcDbEntity
8
Solar modules
100
AcDbPolyline
90
4
70
1
38
0
10
65.30000000000001
20
89.3
10
68.05000000000001
20
89.3
10
68.05000000000001
20
91.85
10
65.30000000000001
20
91.85
0
LINE
5
1B8
330
6
100
AcDbEntity
8
Solar modules
100
AcDbLine
10
66.67500000000001
20
89.3
30
0
11
66.67500000000001
21
91.85
31
0
0
LWPOLYLINE
5
1B9
330
6
100
AcDbEntity
8
Solar modules
100
AcDbPolyline
90
4
70
1
38
0
10
68.75
20
89.3
10
71.5
20
89.3
10
71.5
20
91.85
10
68.75
20
91.85
0
LINE
5
1BA
330
6
100
AcDbEntity
8
Solar modules
100
AcDbLine
10
70.125
20
89.3
30
0
11
70.125
21
91.85
31
0
0
LWPOLYLINE
5
1BB
330
6
100
AcDbEntity
8
Solar modules
100
AcDbPolyline
90
4
70
1
38
0
10
72.2
20
89.3
10
74.95
20
89.3
10
74.95
20
91.85
10
72.2
20
91.85
0
LINE
5
1BC
330
6
100
AcDbEntity
8
Solar modules
100
AcDbLine
10
73.575
20
89.3
30
0
11
73.575
21
91.85
31
0
0
LWPOLYLINE
5
1BD
330
6
100
AcDbEntity
8
Solar modules
100
AcDbPolyline
90
4
70
1
38
0
10
75.65
20
89.3
10
78.4
20
89.3
10
78.4
20
91.85
10
75.65
20
91.85
0
LINE
5
1BE
330
6
100
AcDbEntity
8
Solar modules
100
AcDbLine
10
77.025
20
89.3
30
0
11
77.025
21
91.85
31
0
0
LWPOLYLINE
5
1BF
330
6
100
AcDbEntity
8
Solar modules
100
AcDbPolyline
90
4
70
1
38
0
10
79.1
20
89.3
10
81.85
20
89.3
10
81.85
20
91.85
10
79.1
20
91.85
0
LINE
5
1C0
330
6
100
AcDbEntity
8
Solar modules
100
AcDbLine
10
80.475
20
89.3
30
0
11
80.475
21
91.85
31
0
0
LWPOLYLINE
5
1C1
330
6
100
AcDbEntity
8
Solar modules
100
AcDbPolyline
90
4
70
1
38
0
10
82.55
20
89.3
10
85.3
20
89.3
10
85.3
20
91.85
10
82.55
20
91.85
0
LINE
5
1C2
330
6
100
AcDbEntity
8
Solar modules
100
AcDbLine
10
83.925
20
89.3
30
0
11
83.925
21
91.85
31
0
0
LWPOLYLINE
5
1C3
330
6
100
AcDbEntity
8
Solar modules
100
AcDbPolyline
90
4
70
1
38
0
10
86
20
89.3
10
88.75
20
89.3
10
88.75
20
91.85
10
86
20
91.85
0
LINE
5
1C4
330
6
100
AcDbEntity
8
Solar modules
100
AcDbLine
10
87.375
20
89.3
30
0
11
87.375
21
91.85
31
0
0
LWPOLYLINE
5
1C5
330
6
100
AcDbEntity
8
Solar modules
100
AcDbPolyline
90
4
70
1
38
0
10
89.45
20
89.3
10
92.2
20
89.3
10
92.2
20
91.85
10
89.45
20
91.85
0
LINE
5
1C6
330
6
100
AcDbEntity
8
Solar modules
100
AcDbLine
10
90.825
20
89.3
30
0
11
90.825
21
91.85
31
0
0
LWPOLYLINE
5
1C7
330
6
100
AcDbEntity
8
Solar modules
100
AcDbPolyline
90
4
70
1
38
0
10
92.9
20
89.3
10
95.65
20
89.3
10
95.65
20
91.85
10
92.9
20
91.85
0
LINE
5
1C8
330
6
100
AcDbEntity
8
Solar modules
100
AcDbLine
10
94.275
20
89.3
30
0
11
94.275
21
91.85
31
0
0
LWPOLYLINE
5
1C9
330
6
100
AcDbEntity
8
Solar modules
100
AcDbPolyline
90
4
70
1
38
0
10
96.35000000000001
20
89.3
10
99.10000000000001
20
89.3
10
99.10000000000001
20
91.85
10
96.35000000000001
20
91.85
0
LINE
5
1CA
330
6
100
AcDbEntity
8
Solar modules
100
AcDbLine
10
97.72500000000001
20
89.3
30
0
11
97.72500000000001
21
91.85
31
0
0
LWPOLYLINE
5
1CB
330
6
100
AcDbEntity
8
Solar modules
100
AcDbPolyline
90
4
70
1
38
0
10
99.80000000000001
20
89.3
10
102.55000000000001
20
89.3
10
102.55000000000001
20
91.85
10
99.80000000000001
20
91.85
0
LINE
5
1CC
330
6
100
AcDbEntity
8
Solar modules
100
AcDbLine
10
101.17500000000001
20
89.3
30
0
11
101.17500000000001
21
91.85
31
0
0
LWPOLYLINE
5
1CD
330
6
100
AcDbEntity
8
Solar modules
100
AcDbPolyline
90
4
70
1
38
0
10
103.25
20
89.3
10
106
20
89.3
10
106
20
91.85
10
103.25
20
91.85
0
LINE
5
1CE
330
6
100
AcDbEntity
8
Solar modules
100
AcDbLine
10
104.625
20
89.3
30
0
11
104.625
21
91.85
31
0
0
LWPOLYLINE
5
1CF
330
6
100
AcDbEntity
8
Solar modules
100
AcDbPolyline
90
4
70
1
38
0
10
106.7
20
89.3
10
109.45
20
89.3
10
109.45
20
91.85
10
106.7
20
91.85
0
LINE
5
1D0
330
6
100
AcDbEntity
8
Solar modules
100
AcDbLine
10
108.075
20
89.3
30
0
11
108.075
21
91.85
31
0
0
LWPOLYLINE
5
1D1
330
6
100
AcDbEntity
8
Solar modules
100
AcDbPolyline
90
4
70
1
38
0
10
110.15
20
89.3
10
112.9
20
89.3
10
112.9
20
91.85
10
110.15
20
91.85
0
LINE
5
1D2
330
6
100
AcDbEntity
8
Solar modules
100
AcDbLine
10
111.525
20
89.3
30
0
11
111.525
21
91.85
31
0
0
LWPOLYLINE
5
1D3
330
6
100
AcDbEntity
8
Solar modules
100
AcDbPolyline
90
4
70
1
38
0
10
17
20
92.95
10
19.75
20
92.95
10
19.75
20
95.5
10
17
20
95.5
0
LINE
5
1D4
330
6
100
AcDbEntity
8
Solar modules
100
AcDbLine
10
18.375
20
92.95
30
0
11
18.375
21
95.5
31
0
0
LWPOLYLINE
5
1D5
330
6
100
AcDbEntity
8
Solar modules
100
AcDbPolyline
90
4
70
1
38
0
10
20.45
20
92.95
10
23.2
20
92.95
10
23.2
20
95.5
10
20.45
20
95.5
0
LINE
5
1D6
330
6
100
AcDbEntity
8
Solar modules
100
AcDbLine
10
21.825
20
92.95
30
0
11
21.825
21
95.5
31
0
0
LWPOLYLINE
5
1D7
330
6
100
AcDbEntity
8
Solar modules
100
AcDbPolyline
90
4
70
1
38
0
10
23.9
20
92.95
10
26.65
20
92.95
10
26.65
20
95.5
10
23.9
20
95.5
0
LINE
5
1D8
330
6
100
AcDbEntity
8
Solar modules
100
AcDbLine
10
25.275
20
92.95
30
0
11
25.275
21
95.5
31
0
0
LWPOLYLINE
5
1D9
330
6
100
AcDbEntity
8
Solar modules
100
AcDbPolyline
90
4
70
1
38
0
10
27.35
20
92.95
10
30.1
20
92.95
10
30.1
20
95.5
10
27.35
20
95.5
0
LINE
5
1DA
330
6
100
AcDbEntity
8
Solar modules
100
AcDbLine
10
28.725
20
92.95
30
0
11
28.725
21
95.5
31
0
0
LWPOLYLINE
5
1DB
330
6
100
AcDbEntity
8
Solar modules
100
AcDbPolyline
90
4
70
1
38
0
10
30.8
20
92.95
10
33.55
20
92.95
10
33.55
20
95.5
10
30.8
20
95.5
0
LINE
5
1DC
330
6
100
AcDbEntity
8
Solar modules
100
AcDbLine
10
32.175
20
92.95
30
0
11
32.175
21
95.5
31
0
0
LWPOLYLINE
5
1DD
330
6
100
AcDbEntity
8
Solar modules
100
AcDbPolyline
90
4
70
1
38
0
10
34.25
20
92.95
10
37
20
92.95
10
37
20
95.5
10
34.25
20
95.5
0
LINE
5
1DE
330
6
100
AcDbEntity
8
Solar modules
100
AcDbLine
10
35.625
20
92.95
30
0
11
35.625
21
95.5
31
0
0
LWPOLYLINE
5
1DF
330
6
100
AcDbEntity
8
Solar modules
100
AcDbPolyline
90
4
70
1
38
0
10
37.7
20
92.95
10
40.45
20
92.95
10
40.45
20
95.5
10
37.7
20
95.5
0
LINE
5
1E0
330
6
100
AcDbEntity
8
Solar modules
100
AcDbLine
10
39.075
20
92.95
30
0
11
39.075
21
95.5
31
0
0
LWPOLYLINE
5
1E1
330
6
100
AcDbEntity
8
Solar modules
100
AcDbPolyline
90
4
70
1
38
0
10
41.150000000000006
20
92.95
10
43.900000000000006
20
92.95
10
43.900000000000006
20
95.5
10
41.150000000000006
20
95.5
0
LINE
5
1E2
330
6
100
AcDbEntity
8
Solar modules
100
AcDbLine
10
42.525000000000006
20
92.95
30
0
11
42.525000000000006
21
95.5
31
0
0
LWPOLYLINE
5
1E3
330
6
100
AcDbEntity
8
Solar modules
100
AcDbPolyline
90
4
70
1
38
0
10
44.6
20
92.95
10
47.35
20
92.95
10
47.35
20
95.5
10
44.6
20
95.5
0
LINE
5
1E4
330
6
100
AcDbEntity
8
Solar modules
100
AcDbLine
10
45.975
20
92.95
30
0
11
45.975
21
95.5
31
0
0
LWPOLYLINE
5
1E5
330
6
100
AcDbEntity
8
Solar modules
100
AcDbPolyline
90
4
70
1
38
0
10
48.05
20
92.95
10
50.8
20
92.95
10
50.8
20
95.5
10
48.05
20
95.5
0
LINE
5
1E6
330
6
100
AcDbEntity
8
Solar modules
100
AcDbLine
10
49.425
20
92.95
30
0
11
49.425
21
95.5
31
0
0
LWPOLYLINE
5
1E7
330
6
100
AcDbEntity
8
Solar modules
100
AcDbPolyline
90
4
70
1
38
0
10
51.5
20
92.95
10
54.25
20
92.95
10
54.25
20
95.5
10
51.5
20
95.5
0
LINE
5
1E8
330
6
100
AcDbEntity
8
Solar modules
100
AcDbLine
10
52.875
20
92.95
30
0
11
52.875
21
95.5
31
0
0
LWPOLYLINE
5
1E9
330
6
100
AcDbEntity
8
Solar modules
100
AcDbPolyline
90
4
70
1
38
0
10
54.95
20
92.95
10
57.7
20
92.95
10
57.7
20
95.5
10
54.95
20
95.5
0
LINE
5
1EA
330
6
100
AcDbEntity
8
Solar modules
100
AcDbLine
10
56.325
20
92.95
30
0
11
56.325
21
95.5
31
0
0
LWPOLYLINE
5
1EB
330
6
100
AcDbEntity
8
Solar modules
100
AcDbPolyline
90
4
70
1
38
0
10
58.400000000000006
20
92.95
10
61.150000000000006
20
92.95
10
61.150000000000006
20
95.5
10
58.400000000000006
20
95.5
0
LINE
5
1EC
330
6
100
AcDbEntity
8
Solar modules
100
AcDbLine
10
59.775000000000006
20
92.95
30
0
11
59.775000000000006
21
95.5
31
0
0
LWPOLYLINE
5
1ED
330
6
100
AcDbEntity
8
Solar modules
100
AcDbPolyline
90
4
70
1
38
0
10
61.85
20
92.95
10
64.6
20
92.95
10
64.6
20
95.5
10
61.85
20
95.5
0
LINE
5
1EE
330
6
100
AcDbEntity
8
Solar modules
100
AcDbLine
10
63.225
20
92.95
30
0
11
63.225
21
95.5
31
0
0
LWPOLYLINE
5
1EF
330
6
100
AcDbEntity
8
Solar modules
100
AcDbPolyline
90
4
70
1
38
0
10
65.30000000000001
20
92.95
10
68.05000000000001
20
92.95
10
68.05000000000001
20
95.5
10
65.30000000000001
20
95.5
0
LINE
5
1F0
330
6
100
AcDbEntity
8
Solar modules
100
AcDbLine
10
66.67500000000001
20
92.95
30
0
11
66.67500000000001
21
95.5
31
0
0
LWPOLYLINE
5
1F1
330
6
100
AcDbEntity
8
Solar modules
100
AcDbPolyline
90
4
70
1
38
0
10
68.75
20
92.95
10
71.5
20
92.95
10
71.5
20
95.5
10
68.75
20
95.5
0
LINE
5
1F2
330
6
100
AcDbEntity
8
Solar modules
100
AcDbLine
10
70.125
20
92.95
30
0
11
70.125
21
95.5
31
0
0
LWPOLYLINE
5
1F3
330
6
100
AcDbEntity
8
Solar modules
100
AcDbPolyline
90
4
70
1
38
0
10
72.2
20
92.95
10
74.95
20
92.95
10
74.95
20
95.5
10
72.2
20
95.5
0
LINE
5
1F4
330
6
100
AcDbEntity
8
Solar modules
100
AcDbLine
10
73.575
20
92.95
30
0
11
73.575
21
95.5
31
0
0
LWPOLYLINE
5
1F5
330
6
100
AcDbEntity
8
Solar modules
100
AcDbPolyline
90
4
70
1
38
0
10
75.65
20
92.95
10
78.4
20
92.95
10
78.4
20
95.5
10
75.65
20
95.5
0
LINE
5
1F6
330
6
100
AcDbEntity
8
Solar modules
100
AcDbLine
10
77.025
20
92.95
30
0
11
77.025
21
95.5
31
0
0
LWPOLYLINE
5
1F7
330
6
100
AcDbEntity
8
Solar modules
100
AcDbPolyline
90
4
70
1
38
0
10
79.1
20
92.95
10
81.85
20
92.95
10
81.85
20
95.5
10
79.1
20
95.5
0
LINE
5
1F8
330
6
100
AcDbEntity
8
Solar modules
100
AcDbLine
10
80.475
20
92.95
30
0
11
80.475
21
95.5
31
0
0
LWPOLYLINE
5
1F9
330
6
100
AcDbEntity
8
Solar modules
100
AcDbPolyline
90
4
70
1
38
0
10
82.55
20
92.95
10
85.3
20
92.95
10
85.3
20
95.5
10
82.55
20
95.5
0
LINE
5
1FA
330
6
100
AcDbEntity
8
Solar modules
100
AcDbLine
10
83.925
20
92.95
30
0
11
83.925
21
95.5
31
0
0
LWPOLYLINE
5
1FB
330
6
100
AcDbEntity
8
Solar modules
100
AcDbPolyline
90
4
70
1
38
0
10
86
20
92.95
10
88.75
20
92.95
10
88.75
20
95.5
10
86
20
95.5
0
LINE
5
1FC
330
6
100
AcDbEntity
8
Solar modules
100
AcDbLine
10
87.375
20
92.95
30
0
11
87.375
21
95.5
31
0
0
LWPOLYLINE
5
1FD
330
6
100
AcDbEntity
8
Solar modules
100
AcDbPolyline
90
4
70
1
38
0
10
89.45
20
92.95
10
92.2
20
92.95
10
92.2
20
95.5
10
89.45
20
95.5
0
LINE
5
1FE
330
6
100
AcDbEntity
8
Solar modules
100
AcDbLine
10
90.825
20
92.95
30
0
11
90.825
21
95.5
31
0
0
LWPOLYLINE
5
1FF
330
6
100
AcDbEntity
8
Solar modules
100
AcDbPolyline
90
4
70
1
38
0
10
92.9
20
92.95
10
95.65
20
92.95
10
95.65
20
95.5
10
92.9
20
95.5
0
LINE
5
200
330
6
100
AcDbEntity
8
Solar modules
100
AcDbLine
10
94.275
20
92.95
30
0
11
94.275
21
95.5
31
0
0
LWPOLYLINE
5
201
330
6
100
AcDbEntity
8
Solar modules
100
AcDbPolyline
90
4
70
1
38
0
10
96.35000000000001
20
92.95
10
99.10000000000001
20
92.95
10
99.10000000000001
20
95.5
10
96.35000000000001
20
95.5
0
LINE
5
202
330
6
100
AcDbEntity
8
Solar modules
100
AcDbLine
10
97.72500000000001
20
92.95
30
0
11
97.72500000000001
21
95.5
31
0
0
LWPOLYLINE
5
203
330
6
100
AcDbEntity
8
Solar modules
100
AcDbPolyline
90
4
70
1
38
0
10
99.80000000000001
20
92.95
10
102.55000000000001
20
92.95
10
102.55000000000001
20
95.5
10
99.80000000000001
20
95.5
0
LINE
5
204
330
6
100
AcDbEntity
8
Solar modules
100
AcDbLine
10
101.17500000000001
20
92.95
30
0
11
101.17500000000001
21
95.5
31
0
0
LWPOLYLINE
5
205
330
6
100
AcDbEntity
8
Solar modules
100
AcDbPolyline
90
4
70
1
38
0
10
103.25
20
92.95
10
106
20
92.95
10
106
20
95.5
10
103.25
20
95.5
0
LINE
5
206
330
6
100
AcDbEntity
8
Solar modules
100
AcDbLine
10
104.625
20
92.95
30
0
11
104.625
21
95.5
31
0
0
LWPOLYLINE
5
207
330
6
100
AcDbEntity
8
Solar modules
100
AcDbPolyline
90
4
70
1
38
0
10
106.7
20
92.95
10
109.45
20
92.95
10
109.45
20
95.5
10
106.7
20
95.5
0
LINE
5
208
330
6
100
AcDbEntity
8
Solar modules
100
AcDbLine
10
108.075
20
92.95
30
0
11
108.075
21
95.5
31
0
0
LWPOLYLINE
5
209
330
6
100
AcDbEntity
8
Solar modules
100
AcDbPolyline
90
4
70
1
38
0
10
110.15
20
92.95
10
112.9
20
92.95
10
112.9
20
95.5
10
110.15
20
95.5
0
LINE
5
20A
330
6
100
AcDbEntity
8
Solar modules
100
AcDbLine
10
111.525
20
92.95
30
0
11
111.525
21
95.5
31
0
0
LWPOLYLINE
5
20B
330
6
100
AcDbEntity
8
Solar modules
100
AcDbPolyline
90
4
70
1
38
0
10
17
20
96.6
10
19.75
20
96.6
10
19.75
20
99.14999999999999
10
17
20
99.14999999999999
0
LINE
5
20C
330
6
100
AcDbEntity
8
Solar modules
100
AcDbLine
10
18.375
20
96.6
30
0
11
18.375
21
99.14999999999999
31
0
0
LWPOLYLINE
5
20D
330
6
100
AcDbEntity
8
Solar modules
100
AcDbPolyline
90
4
70
1
38
0
10
20.45
20
96.6
10
23.2
20
96.6
10
23.2
20
99.14999999999999
10
20.45
20
99.14999999999999
0
LINE
5
20E
330
6
100
AcDbEntity
8
Solar modules
100
AcDbLine
10
21.825
20
96.6
30
0
11
21.825
21
99.14999999999999
31
0
0
LWPOLYLINE
5
20F
330
6
100
AcDbEntity
8
Solar modules
100
AcDbPolyline
90
4
70
1
38
0
10
23.9
20
96.6
10
26.65
20
96.6
10
26.65
20
99.14999999999999
10
23.9
20
99.14999999999999
0
LINE
5
210
330
6
100
AcDbEntity
8
Solar modules
100
AcDbLine
10
25.275
20
96.6
30
0
11
25.275
21
99.14999999999999
31
0
0
LWPOLYLINE
5
211
330
6
100
AcDbEntity
8
Solar modules
100
AcDbPolyline
90
4
70
1
38
0
10
27.35
20
96.6
10
30.1
20
96.6
10
30.1
20
99.14999999999999
10
27.35
20
99.14999999999999
0
LINE
5
212
330
6
100
AcDbEntity
8
Solar modules
100
AcDbLine
10
28.725
20
96.6
30
0
11
28.725
21
99.14999999999999
31
0
0
LWPOLYLINE
5
213
330
6
100
AcDbEntity
8
Solar modules
100
AcDbPolyline
90
4
70
1
38
0
10
30.8
20
96.6
10
33.55
20
96.6
10
33.55
20
99.14999999999999
10
30.8
20
99.14999999999999
0
LINE
5
214
330
6
100
AcDbEntity
8
Solar modules
100
AcDbLine
10
32.175
20
96.6
30
0
11
32.175
21
99.14999999999999
31
0
0
LWPOLYLINE
5
215
330
6
100
AcDbEntity
8
Solar modules
100
AcDbPolyline
90
4
70
1
38
0
10
34.25
20
96.6
10
37
20
96.6
10
37
20
99.14999999999999
10
34.25
20
99.14999999999999
0
LINE
5
216
330
6
100
AcDbEntity
8
Solar modules
100
AcDbLine
10
35.625
20
96.6
30
0
11
35.625
21
99.14999999999999
31
0
0
LWPOLYLINE
5
217
330
6
100
AcDbEntity
8
Solar modules
100
AcDbPolyline
90
4
70
1
38
0
10
37.7
20
96.6
10
40.45
20
96.6
10
40.45
20
99.14999999999999
10
37.7
20
99.14999999999999
0
LINE
5
218
330
6
100
AcDbEntity
8
Solar modules
100
AcDbLine
10
39.075
20
96.6
30
0
11
39.075
21
99.14999999999999
31
0
0
LWPOLYLINE
5
219
330
6
100
AcDbEntity
8
Solar modules
100
AcDbPolyline
90
4
70
1
38
0
10
41.150000000000006
20
96.6
10
43.900000000000006
20
96.6
10
43.900000000000006
20
99.14999999999999
10
41.150000000000006
20
99.14999999999999
0
LINE
5
21A
330
6
100
AcDbEntity
8
Solar modules
100
AcDbLine
10
42.525000000000006
20
96.6
30
0
11
42.525000000000006
21
99.14999999999999
31
0
0
LWPOLYLINE
5
21B
330
6
100
AcDbEntity
8
Solar modules
100
AcDbPolyline
90
4
70
1
38
0
10
44.6
20
96.6
10
47.35
20
96.6
10
47.35
20
99.14999999999999
10
44.6
20
99.14999999999999
0
LINE
5
21C
330
6
100
AcDbEntity
8
Solar modules
100
AcDbLine
10
45.975
20
96.6
30
0
11
45.975
21
99.14999999999999
31
0
0
LWPOLYLINE
5
21D
330
6
100
AcDbEntity
8
Solar modules
100
AcDbPolyline
90
4
70
1
38
0
10
48.05
20
96.6
10
50.8
20
96.6
10
50.8
20
99.14999999999999
10
48.05
20
99.14999999999999
0
LINE
5
21E
330
6
100
AcDbEntity
8
Solar modules
100
AcDbLine
10
49.425
20
96.6
30
0
11
49.425
21
99.14999999999999
31
0
0
LWPOLYLINE
5
21F
330
6
100
AcDbEntity
8
Solar modules
100
AcDbPolyline
90
4
70
1
38
0
10
51.5
20
96.6
10
54.25
20
96.6
10
54.25
20
99.14999999999999
10
51.5
20
99.14999999999999
0
LINE
5
220
330
6
100
AcDbEntity
8
Solar modules
100
AcDbLine
10
52.875
20
96.6
30
0
11
52.875
21
99.14999999999999
31
0
0
LWPOLYLINE
5
221
330
6
100
AcDbEntity
8
Solar modules
100
AcDbPolyline
90
4
70
1
38
0
10
54.95
20
96.6
10
57.7
20
96.6
10
57.7
20
99.14999999999999
10
54.95
20
99.14999999999999
0
LINE
5
222
330
6
100
AcDbEntity
8
Solar modules
100
AcDbLine
10
56.325
20
96.6
30
0
11
56.325
21
99.14999999999999
31
0
0
LWPOLYLINE
5
223
330
6
100
AcDbEntity
8
Solar modules
100
AcDbPolyline
90
4
70
1
38
0
10
58.400000000000006
20
96.6
10
61.150000000000006
20
96.6
10
61.150000000000006
20
99.14999999999999
10
58.400000000000006
20
99.14999999999999
0
LINE
5
224
330
6
100
AcDbEntity
8
Solar modules
100
AcDbLine
10
59.775000000000006
20
96.6
30
0
11
59.775000000000006
21
99.14999999999999
31
0
0
LWPOLYLINE
5
225
330
6
100
AcDbEntity
8
Solar modules
100
AcDbPolyline
90
4
70
1
38
0
10
61.85
20
96.6
10
64.6
20
96.6
10
64.6
20
99.14999999999999
10
61.85
20
99.14999999999999
0
LINE
5
226
330
6
100
AcDbEntity
8
Solar modules
100
AcDbLine
10
63.225
20
96.6
30
0
11
63.225
21
99.14999999999999
31
0
0
LWPOLYLINE
5
227
330
6
100
AcDbEntity
8
Solar modules
100
AcDbPolyline
90
4
70
1
38
0
10
65.30000000000001
20
96.6
10
68.05000000000001
20
96.6
10
68.05000000000001
20
99.14999999999999
10
65.30000000000001
20
99.14999999999999
0
LINE
5
228
330
6
100
AcDbEntity
8
Solar modules
100
AcDbLine
10
66.67500000000001
20
96.6
30
0
11
66.67500000000001
21
99.14999999999999
31
0
0
LWPOLYLINE
5
229
330
6
100
AcDbEntity
8
Solar modules
100
AcDbPolyline
90
4
70
1
38
0
10
68.75
20
96.6
10
71.5
20
96.6
10
71.5
20
99.14999999999999
10
68.75
20
99.14999999999999
0
LINE
5
22A
330
6
100
AcDbEntity
8
Solar modules
100
AcDbLine
10
70.125
20
96.6
30
0
11
70.125
21
99.14999999999999
31
0
0
LWPOLYLINE
5
22B
330
6
100
AcDbEntity
8
Solar modules
100
AcDbPolyline
90
4
70
1
38
0
10
72.2
20
96.6
10
74.95
20
96.6
10
74.95
20
99.14999999999999
10
72.2
20
99.14999999999999
0
LINE
5
22C
330
6
100
AcDbEntity
8
Solar modules
100
AcDbLine
10
73.575
20
96.6
30
0
11
73.575
21
99.14999999999999
31
0
0
LWPOLYLINE
5
22D
330
6
100
AcDbEntity
8
Solar modules
100
AcDbPolyline
90
4
70
1
38
0
10
75.65
20
96.6
10
78.4
20
96.6
10
78.4
20
99.14999999999999
10
75.65
20
99.14999999999999
0
LINE
5
22E
330
6
100
AcDbEntity
8
Solar modules
100
AcDbLine
10
77.025
20
96.6
30
0
11
77.025
21
99.14999999999999
31
0
0
LWPOLYLINE
5
22F
330
6
100
AcDbEntity
8
Solar modules
100
AcDbPolyline
90
4
70
1
38
0
10
79.1
20
96.6
10
81.85
20
96.6
10
81.85
20
99.14999999999999
10
79.1
20
99.14999999999999
0
LINE
5
230
330
6
100
AcDbEntity
8
Solar modules
100
AcDbLine
10
80.475
20
96.6
30
0
11
80.475
21
99.14999999999999
31
0
0
LWPOLYLINE
5
231
330
6
100
AcDbEntity
8
Solar modules
100
AcDbPolyline
90
4
70
1
38
0
10
82.55
20
96.6
10
85.3
20
96.6
10
85.3
20
99.14999999999999
10
82.55
20
99.14999999999999
0
LINE
5
232
330
6
100
AcDbEntity
8
Solar modules
100
AcDbLine
10
83.925
20
96.6
30
0
11
83.925
21
99.14999999999999
31
0
0
LWPOLYLINE
5
233
330
6
100
AcDbEntity
8
Solar modules
100
AcDbPolyline
90
4
70
1
38
0
10
86
20
96.6
10
88.75
20
96.6
10
88.75
20
99.14999999999999
10
86
20
99.14999999999999
0
LINE
5
234
330
6
100
AcDbEntity
8
Solar modules
100
AcDbLine
10
87.375
20
96.6
30
0
11
87.375
21
99.14999999999999
31
0
0
LWPOLYLINE
5
235
330
6
100
AcDbEntity
8
Solar modules
100
AcDbPolyline
90
4
70
1
38
0
10
89.45
20
96.6
10
92.2
20
96.6
10
92.2
20
99.14999999999999
10
89.45
20
99.14999999999999
0
LINE
5
236
330
6
100
AcDbEntity
8
Solar modules
100
AcDbLine
10
90.825
20
96.6
30
0
11
90.825
21
99.14999999999999
31
0
0
LWPOLYLINE
5
237
330
6
100
AcDbEntity
8
Solar modules
100
AcDbPolyline
90
4
70
1
38
0
10
92.9
20
96.6
10
95.65
20
96.6
10
95.65
20
99.14999999999999
10
92.9
20
99.14999999999999
0
LINE
5
238
330
6
100
AcDbEntity
8
Solar modules
100
AcDbLine
10
94.275
20
96.6
30
0
11
94.275
21
99.14999999999999
31
0
0
LWPOLYLINE
5
239
330
6
100
AcDbEntity
8
Solar modules
100
AcDbPolyline
90
4
70
1
38
0
10
96.35000000000001
20
96.6
10
99.10000000000001
20
96.6
10
99.10000000000001
20
99.14999999999999
10
96.35000000000001
20
99.14999999999999
0
LINE
5
23A
330
6
100
AcDbEntity
8
Solar modules
100
AcDbLine
10
97.72500000000001
20
96.6
30
0
11
97.72500000000001
21
99.14999999999999
31
0
0
LWPOLYLINE
5
23B
330
6
100
AcDbEntity
8
Solar modules
100
AcDbPolyline
90
4
70
1
38
0
10
99.80000000000001
20
96.6
10
102.55000000000001
20
96.6
10
102.55000000000001
20
99.14999999999999
10
99.80000000000001
20
99.14999999999999
0
LINE
5
23C
330
6
100
AcDbEntity
8
Solar modules
100
AcDbLine
10
101.17500000000001
20
96.6
30
0
11
101.17500000000001
21
99.14999999999999
31
0
0
LWPOLYLINE
5
23D
330
6
100
AcDbEntity
8
Solar modules
100
AcDbPolyline
90
4
70
1
38
0
10
103.25
20
96.6
10
106
20
96.6
10
106
20
99.14999999999999
10
103.25
20
99.14999999999999
0
LINE
5
23E
330
6
100
AcDbEntity
8
Solar modules
100
AcDbLine
10
104.625
20
96.6
30
0
11
104.625
21
99.14999999999999
31
0
0
LWPOLYLINE
5
23F
330
6
100
AcDbEntity
8
Solar modules
100
AcDbPolyline
90
4
70
1
38
0
10
106.7
20
96.6
10
109.45
20
96.6
10
109.45
20
99.14999999999999
10
106.7
20
99.14999999999999
0
LINE
5
240
330
6
100
AcDbEntity
8
Solar modules
100
AcDbLine
10
108.075
20
96.6
30
0
11
108.075
21
99.14999999999999
31
0
0
LWPOLYLINE
5
241
330
6
100
AcDbEntity
8
Solar modules
100
AcDbPolyline
90
4
70
1
38
0
10
110.15
20
96.6
10
112.9
20
96.6
10
112.9
20
99.14999999999999
10
110.15
20
99.14999999999999
0
LINE
5
242
330
6
100
AcDbEntity
8
Solar modules
100
AcDbLine
10
111.525
20
96.6
30
0
11
111.525
21
99.14999999999999
31
0
0
LWPOLYLINE
5
243
330
6
100
AcDbEntity
8
Solar modules
100
AcDbPolyline
90
4
70
1
38
0
10
17
20
100.25
10
19.75
20
100.25
10
19.75
20
102.8
10
17
20
102.8
0
LINE
5
244
330
6
100
AcDbEntity
8
Solar modules
100
AcDbLine
10
18.375
20
100.25
30
0
11
18.375
21
102.8
31
0
0
LWPOLYLINE
5
245
330
6
100
AcDbEntity
8
Solar modules
100
AcDbPolyline
90
4
70
1
38
0
10
20.45
20
100.25
10
23.2
20
100.25
10
23.2
20
102.8
10
20.45
20
102.8
0
LINE
5
246
330
6
100
AcDbEntity
8
Solar modules
100
AcDbLine
10
21.825
20
100.25
30
0
11
21.825
21
102.8
31
0
0
LWPOLYLINE
5
247
330
6
100
AcDbEntity
8
Solar modules
100
AcDbPolyline
90
4
70
1
38
0
10
23.9
20
100.25
10
26.65
20
100.25
10
26.65
20
102.8
10
23.9
20
102.8
0
LINE
5
248
330
6
100
AcDbEntity
8
Solar modules
100
AcDbLine
10
25.275
20
100.25
30
0
11
25.275
21
102.8
31
0
0
LWPOLYLINE
5
249
330
6
100
AcDbEntity
8
Solar modules
100
AcDbPolyline
90
4
70
1
38
0
10
27.35
20
100.25
10
30.1
20
100.25
10
30.1
20
102.8
10
27.35
20
102.8
0
LINE
5
24A
330
6
100
AcDbEntity
8
Solar modules
100
AcDbLine
10
28.725
20
100.25
30
0
11
28.725
21
102.8
31
0
0
LWPOLYLINE
5
24B
330
6
100
AcDbEntity
8
Solar modules
100
AcDbPolyline
90
4
70
1
38
0
10
30.8
20
100.25
10
33.55
20
100.25
10
33.55
20
102.8
10
30.8
20
102.8
0
LINE
5
24C
330
6
100
AcDbEntity
8
Solar modules
100
AcDbLine
10
32.175
20
100.25
30
0
11
32.175
21
102.8
31
0
0
LWPOLYLINE
5
24D
330
6
100
AcDbEntity
8
Solar modules
100
AcDbPolyline
90
4
70
1
38
0
10
34.25
20
100.25
10
37
20
100.25
10
37
20
102.8
10
34.25
20
102.8
0
LINE
5
24E
330
6
100
AcDbEntity
8
Solar modules
100
AcDbLine
10
35.625
20
100.25
30
0
11
35.625
21
102.8
31
0
0
LWPOLYLINE
5
24F
330
6
100
AcDbEntity
8
Solar modules
100
AcDbPolyline
90
4
70
1
38
0
10
37.7
20
100.25
10
40.45
20
100.25
10
40.45
20
102.8
10
37.7
20
102.8
0
LINE
5
250
330
6
100
AcDbEntity
8
Solar modules
100
AcDbLine
10
39.075
20
100.25
30
0
11
39.075
21
102.8
31
0
0
LWPOLYLINE
5
251
330
6
100
AcDbEntity
8
Solar modules
100
AcDbPolyline
90
4
70
1
38
0
10
41.150000000000006
20
100.25
10
43.900000000000006
20
100.25
10
43.900000000000006
20
102.8
10
41.150000000000006
20
102.8
0
LINE
5
252
330
6
100
AcDbEntity
8
Solar modules
100
AcDbLine
10
42.525000000000006
20
100.25
30
0
11
42.525000000000006
21
102.8
31
0
0
LWPOLYLINE
5
253
330
6
100
AcDbEntity
8
Solar modules
100
AcDbPolyline
90
4
70
1
38
0
10
44.6
20
100.25
10
47.35
20
100.25
10
47.35
20
102.8
10
44.6
20
102.8
0
LINE
5
254
330
6
100
AcDbEntity
8
Solar modules
100
AcDbLine
10
45.975
20
100.25
30
0
11
45.975
21
102.8
31
0
0
LWPOLYLINE
5
255
330
6
100
AcDbEntity
8
Solar modules
100
AcDbPolyline
90
4
70
1
38
0
10
48.05
20
100.25
10
50.8
20
100.25
10
50.8
20
102.8
10
48.05
20
102.8
0
LINE
5
256
330
6
100
AcDbEntity
8
Solar modules
100
AcDbLine
10
49.425
20
100.25
30
0
11
49.425
21
102.8
31
0
0
LWPOLYLINE
5
257
330
6
100
AcDbEntity
8
Solar modules
100
AcDbPolyline
90
4
70
1
38
0
10
51.5
20
100.25
10
54.25
20
100.25
10
54.25
20
102.8
10
51.5
20
102.8
0
LINE
5
258
330
6
100
AcDbEntity
8
Solar modules
100
AcDbLine
10
52.875
20
100.25
30
0
11
52.875
21
102.8
31
0
0
LWPOLYLINE
5
259
330
6
100
AcDbEntity
8
Solar modules
100
AcDbPolyline
90
4
70
1
38
0
10
54.95
20
100.25
10
57.7
20
100.25
10
57.7
20
102.8
10
54.95
20
102.8
0
LINE
5
25A
330
6
100
AcDbEntity
8
Solar modules
100
AcDbLine
10
56.325
20
100.25
30
0
11
56.325
21
102.8
31
0
0
LWPOLYLINE
5
25B
330
6
100
AcDbEntity
8
Solar modules
100
AcDbPolyline
90
4
70
1
38
0
10
58.400000000000006
20
100.25
10
61.150000000000006
20
100.25
10
61.150000000000006
20
102.8
10
58.400000000000006
20
102.8
0
LINE
5
25C
330
6
100
AcDbEntity
8
Solar modules
100
AcDbLine
10
59.775000000000006
20
100.25
30
0
11
59.775000000000006
21
102.8
31
0
0
LWPOLYLINE
5
25D
330
6
100
AcDbEntity
8
Solar modules
100
AcDbPolyline
90
4
70
1
38
0
10
61.85
20
100.25
10
64.6
20
100.25
10
64.6
20
102.8
10
61.85
20
102.8
0
LINE
5
25E
330
6
100
AcDbEntity
8
Solar modules
100
AcDbLine
10
63.225
20
100.25
30
0
11
63.225
21
102.8
31
0
0
LWPOLYLINE
5
25F
330
6
100
AcDbEntity
8
Solar modules
100
AcDbPolyline
90
4
70
1
38
0
10
65.30000000000001
20
100.25
10
68.05000000000001
20
100.25
10
68.05000000000001
20
102.8
10
65.30000000000001
20
102.8
0
LINE
5
260
330
6
100
AcDbEntity
8
Solar modules
100
AcDbLine
10
66.67500000000001
20
100.25
30
0
11
66.67500000000001
21
102.8
31
0
0
LWPOLYLINE
5
261
330
6
100
AcDbEntity
8
Solar modules
100
AcDbPolyline
90
4
70
1
38
0
10
68.75
20
100.25
10
71.5
20
100.25
10
71.5
20
102.8
10
68.75
20
102.8
0
LINE
5
262
330
6
100
AcDbEntity
8
Solar modules
100
AcDbLine
10
70.125
20
100.25
30
0
11
70.125
21
102.8
31
0
0
LWPOLYLINE
5
263
330
6
100
AcDbEntity
8
Solar modules
100
AcDbPolyline
90
4
70
1
38
0
10
72.2
20
100.25
10
74.95
20
100.25
10
74.95
20
102.8
10
72.2
20
102.8
0
LINE
5
264
330
6
100
AcDbEntity
8
Solar modules
100
AcDbLine
10
73.575
20
100.25
30
0
11
73.575
21
102.8
31
0
0
LWPOLYLINE
5
265
330
6
100
AcDbEntity
8
Solar modules
100
AcDbPolyline
90
4
70
1
38
0
10
75.65
20
100.25
10
78.4
20
100.25
10
78.4
20
102.8
10
75.65
20
102.8
0
LINE
5
266
330
6
100
AcDbEntity
8
Solar modules
100
AcDbLine
10
77.025
20
100.25
30
0
11
77.025
21
102.8
31
0
0
LWPOLYLINE
5
267
330
6
100
AcDbEntity
8
Solar modules
100
AcDbPolyline
90
4
70
1
38
0
10
79.1
20
100.25
10
81.85
20
100.25
10
81.85
20
102.8
10
79.1
20
102.8
0
LINE
5
268
330
6
100
AcDbEntity
8
Solar modules
100
AcDbLine
10
80.475
20
100.25
30
0
11
80.475
21
102.8
31
0
0
LWPOLYLINE
5
269
330
6
100
AcDbEntity
8
Solar modules
100
AcDbPolyline
90
4
70
1
38
0
10
82.55
20
100.25
10
85.3
20
100.25
10
85.3
20
102.8
10
82.55
20
102.8
0
LINE
5
26A
330
6
100
AcDbEntity
8
Solar modules
100
AcDbLine
10
83.925
20
100.25
30
0
11
83.925
21
102.8
31
0
0
LWPOLYLINE
5
26B
330
6
100
AcDbEntity
8
Solar modules
100
AcDbPolyline
90
4
70
1
38
0
10
86
20
100.25
10
88.75
20
100.25
10
88.75
20
102.8
10
86
20
102.8
0
LINE
5
26C
330
6
100
AcDbEntity
8
Solar modules
100
AcDbLine
10
87.375
20
100.25
30
0
11
87.375
21
102.8
31
0
0
LWPOLYLINE
5
26D
330
6
100
AcDbEntity
8
Solar modules
100
AcDbPolyline
90
4
70
1
38
0
10
89.45
20
100.25
10
92.2
20
100.25
10
92.2
20
102.8
10
89.45
20
102.8
0
LINE
5
26E
330
6
100
AcDbEntity
8
Solar modules
100
AcDbLine
10
90.825
20
100.25
30
0
11
90.825
21
102.8
31
0
0
LWPOLYLINE
5
26F
330
6
100
AcDbEntity
8
Solar modules
100
AcDbPolyline
90
4
70
1
38
0
10
92.9
20
100.25
10
95.65
20
100.25
10
95.65
20
102.8
10
92.9
20
102.8
0
LINE
5
270
330
6
100
AcDbEntity
8
Solar modules
100
AcDbLine
10
94.275
20
100.25
30
0
11
94.275
21
102.8
31
0
0
LWPOLYLINE
5
271
330
6
100
AcDbEntity
8
Solar modules
100
AcDbPolyline
90
4
70
1
38
0
10
96.35000000000001
20
100.25
10
99.10000000000001
20
100.25
10
99.10000000000001
20
102.8
10
96.35000000000001
20
102.8
0
LINE
5
272
330
6
100
AcDbEntity
8
Solar modules
100
AcDbLine
10
97.72500000000001
20
100.25
30
0
11
97.72500000000001
21
102.8
31
0
0
LWPOLYLINE
5
273
330
6
100
AcDbEntity
8
Solar modules
100
AcDbPolyline
90
4
70
1
38
0
10
99.80000000000001
20
100.25
10
102.55000000000001
20
100.25
10
102.55000000000001
20
102.8
10
99.80000000000001
20
102.8
0
LINE
5
274
330
6
100
AcDbEntity
8
Solar modules
100
AcDbLine
10
101.17500000000001
20
100.25
30
0
11
101.17500000000001
21
102.8
31
0
0
LWPOLYLINE
5
275
330
6
100
AcDbEntity
8
Solar modules
100
AcDbPolyline
90
4
70
1
38
0
10
103.25
20
100.25
10
106
20
100.25
10
106
20
102.8
10
103.25
20
102.8
0
LINE
5
276
330
6
100
AcDbEntity
8
Solar modules
100
AcDbLine
10
104.625
20
100.25
30
0
11
104.625
21
102.8
31
0
0
LWPOLYLINE
5
277
330
6
100
AcDbEntity
8
Solar modules
100
AcDbPolyline
90
4
70
1
38
0
10
106.7
20
100.25
10
109.45
20
100.25
10
109.45
20
102.8
10
106.7
20
102.8
0
LINE
5
278
330
6
100
AcDbEntity
8
Solar modules
100
AcDbLine
10
108.075
20
100.25
30
0
11
108.075
21
102.8
31
0
0
LWPOLYLINE
5
279
330
6
100
AcDbEntity
8
Solar modules
100
AcDbPolyline
90
4
70
1
38
0
10
110.15
20
100.25
10
112.9
20
100.25
10
112.9
20
102.8
10
110.15
20
102.8
0
LINE
5
27A
330
6
100
AcDbEntity
8
Solar modules
100
AcDbLine
10
111.525
20
100.25
30
0
11
111.525
21
102.8
31
0
0
LWPOLYLINE
5
27B
330
6
100
AcDbEntity
8
Solar modules
100
AcDbPolyline
90
4
70
1
38
0
10
17
20
103.9
10
19.75
20
103.9
10
19.75
20
106.45
10
17
20
106.45
0
LINE
5
27C
330
6
100
AcDbEntity
8
Solar modules
100
AcDbLine
10
18.375
20
103.9
30
0
11
18.375
21
106.45
31
0
0
LWPOLYLINE
5
27D
330
6
100
AcDbEntity
8
Solar modules
100
AcDbPolyline
90
4
70
1
38
0
10
20.45
20
103.9
10
23.2
20
103.9
10
23.2
20
106.45
10
20.45
20
106.45
0
LINE
5
27E
330
6
100
AcDbEntity
8
Solar modules
100
AcDbLine
10
21.825
20
103.9
30
0
11
21.825
21
106.45
31
0
0
LWPOLYLINE
5
27F
330
6
100
AcDbEntity
8
Solar modules
100
AcDbPolyline
90
4
70
1
38
0
10
23.9
20
103.9
10
26.65
20
103.9
10
26.65
20
106.45
10
23.9
20
106.45
0
LINE
5
280
330
6
100
AcDbEntity
8
Solar modules
100
AcDbLine
10
25.275
20
103.9
30
0
11
25.275
21
106.45
31
0
0
LWPOLYLINE
5
281
330
6
100
AcDbEntity
8
Solar modules
100
AcDbPolyline
90
4
70
1
38
0
10
27.35
20
103.9
10
30.1
20
103.9
10
30.1
20
106.45
10
27.35
20
106.45
0
LINE
5
282
330
6
100
AcDbEntity
8
Solar modules
100
AcDbLine
10
28.725
20
103.9
30
0
11
28.725
21
106.45
31
0
0
LWPOLYLINE
5
283
330
6
100
AcDbEntity
8
Solar modules
100
AcDbPolyline
90
4
70
1
38
0
10
30.8
20
103.9
10
33.55
20
103.9
10
33.55
20
106.45
10
30.8
20
106.45
0
LINE
5
284
330
6
100
AcDbEntity
8
Solar modules
100
AcDbLine
10
32.175
20
103.9
30
0
11
32.175
21
106.45
31
0
0
LWPOLYLINE
5
285
330
6
100
AcDbEntity
8
Solar modules
100
AcDbPolyline
90
4
70
1
38
0
10
34.25
20
103.9
10
37
20
103.9
10
37
20
106.45
10
34.25
20
106.45
0
LINE
5
286
330
6
100
AcDbEntity
8
Solar modules
100
AcDbLine
10
35.625
20
103.9
30
0
11
35.625
21
106.45
31
0
0
LWPOLYLINE
5
287
330
6
100
AcDbEntity
8
Solar modules
100
AcDbPolyline
90
4
70
1
38
0
10
37.7
20
103.9
10
40.45
20
103.9
10
40.45
20
106.45
10
37.7
20
106.45
0
LINE
5
288
330
6
100
AcDbEntity
8
Solar modules
100
AcDbLine
10
39.075
20
103.9
30
0
11
39.075
21
106.45
31
0
0
LWPOLYLINE
5
289
330
6
100
AcDbEntity
8
Solar modules
100
AcDbPolyline
90
4
70
1
38
0
10
41.150000000000006
20
103.9
10
43.900000000000006
20
103.9
10
43.900000000000006
20
106.45
10
41.150000000000006
20
106.45
0
LINE
5
28A
330
6
100
AcDbEntity
8
Solar modules
100
AcDbLine
10
42.525000000000006
20
103.9
30
0
11
42.525000000000006
21
106.45
31
0
0
LWPOLYLINE
5
28B
330
6
100
AcDbEntity
8
Solar modules
100
AcDbPolyline
90
4
70
1
38
0
10
44.6
20
103.9
10
47.35
20
103.9
10
47.35
20
106.45
10
44.6
20
106.45
0
LINE
5
28C
330
6
100
AcDbEntity
8
Solar modules
100
AcDbLine
10
45.975
20
103.9
30
0
11
45.975
21
106.45
31
0
0
LWPOLYLINE
5
28D
330
6
100
AcDbEntity
8
Solar modules
100
AcDbPolyline
90
4
70
1
38
0
10
48.05
20
103.9
10
50.8
20
103.9
10
50.8
20
106.45
10
48.05
20
106.45
0
LINE
5
28E
330
6
100
AcDbEntity
8
Solar modules
100
AcDbLine
10
49.425
20
103.9
30
0
11
49.425
21
106.45
31
0
0
LWPOLYLINE
5
28F
330
6
100
AcDbEntity
8
Solar modules
100
AcDbPolyline
90
4
70
1
38
0
10
51.5
20
103.9
10
54.25
20
103.9
10
54.25
20
106.45
10
51.5
20
106.45
0
LINE
5
290
330
6
100
AcDbEntity
8
Solar modules
100
AcDbLine
10
52.875
20
103.9
30
0
11
52.875
21
106.45
31
0
0
LWPOLYLINE
5
291
330
6
100
AcDbEntity
8
Solar modules
100
AcDbPolyline
90
4
70
1
38
0
10
54.95
20
103.9
10
57.7
20
103.9
10
57.7
20
106.45
10
54.95
20
106.45
0
LINE
5
292
330
6
100
AcDbEntity
8
Solar modules
100
AcDbLine
10
56.325
20
103.9
30
0
11
56.325
21
106.45
31
0
0
LWPOLYLINE
5
293
330
6
100
AcDbEntity
8
Solar modules
100
AcDbPolyline
90
4
70
1
38
0
10
58.400000000000006
20
103.9
10
61.150000000000006
20
103.9
10
61.150000000000006
20
106.45
10
58.400000000000006
20
106.45
0
LINE
5
294
330
6
100
AcDbEntity
8
Solar modules
100
AcDbLine
10
59.775000000000006
20
103.9
30
0
11
59.775000000000006
21
106.45
31
0
0
LWPOLYLINE
5
295
330
6
100
AcDbEntity
8
Solar modules
100
AcDbPolyline
90
4
70
1
38
0
10
61.85
20
103.9
10
64.6
20
103.9
10
64.6
20
106.45
10
61.85
20
106.45
0
LINE
5
296
330
6
100
AcDbEntity
8
Solar modules
100
AcDbLine
10
63.225
20
103.9
30
0
11
63.225
21
106.45
31
0
0
LWPOLYLINE
5
297
330
6
100
AcDbEntity
8
Solar modules
100
AcDbPolyline
90
4
70
1
38
0
10
65.30000000000001
20
103.9
10
68.05000000000001
20
103.9
10
68.05000000000001
20
106.45
10
65.30000000000001
20
106.45
0
LINE
5
298
330
6
100
AcDbEntity
8
Solar modules
100
AcDbLine
10
66.67500000000001
20
103.9
30
0
11
66.67500000000001
21
106.45
31
0
0
LWPOLYLINE
5
299
330
6
100
AcDbEntity
8
Solar modules
100
AcDbPolyline
90
4
70
1
38
0
10
68.75
20
103.9
10
71.5
20
103.9
10
71.5
20
106.45
10
68.75
20
106.45
0
LINE
5
29A
330
6
100
AcDbEntity
8
Solar modules
100
AcDbLine
10
70.125
20
103.9
30
0
11
70.125
21
106.45
31
0
0
LWPOLYLINE
5
29B
330
6
100
AcDbEntity
8
Solar modules
100
AcDbPolyline
90
4
70
1
38
0
10
72.2
20
103.9
10
74.95
20
103.9
10
74.95
20
106.45
10
72.2
20
106.45
0
LINE
5
29C
330
6
100
AcDbEntity
8
Solar modules
100
AcDbLine
10
73.575
20
103.9
30
0
11
73.575
21
106.45
31
0
0
LWPOLYLINE
5
29D
330
6
100
AcDbEntity
8
Solar modules
100
AcDbPolyline
90
4
70
1
38
0
10
75.65
20
103.9
10
78.4
20
103.9
10
78.4
20
106.45
10
75.65
20
106.45
0
LINE
5
29E
330
6
100
AcDbEntity
8
Solar modules
100
AcDbLine
10
77.025
20
103.9
30
0
11
77.025
21
106.45
31
0
0
LWPOLYLINE
5
29F
330
6
100
AcDbEntity
8
Solar modules
100
AcDbPolyline
90
4
70
1
38
0
10
79.1
20
103.9
10
81.85
20
103.9
10
81.85
20
106.45
10
79.1
20
106.45
0
LINE
5
2A0
330
6
100
AcDbEntity
8
Solar modules
100
AcDbLine
10
80.475
20
103.9
30
0
11
80.475
21
106.45
31
0
0
LWPOLYLINE
5
2A1
330
6
100
AcDbEntity
8
Solar modules
100
AcDbPolyline
90
4
70
1
38
0
10
82.55
20
103.9
10
85.3
20
103.9
10
85.3
20
106.45
10
82.55
20
106.45
0
LINE
5
2A2
330
6
100
AcDbEntity
8
Solar modules
100
AcDbLine
10
83.925
20
103.9
30
0
11
83.925
21
106.45
31
0
0
LWPOLYLINE
5
2A3
330
6
100
AcDbEntity
8
Solar modules
100
AcDbPolyline
90
4
70
1
38
0
10
86
20
103.9
10
88.75
20
103.9
10
88.75
20
106.45
10
86
20
106.45
0
LINE
5
2A4
330
6
100
AcDbEntity
8
Solar modules
100
AcDbLine
10
87.375
20
103.9
30
0
11
87.375
21
106.45
31
0
0
LWPOLYLINE
5
2A5
330
6
100
AcDbEntity
8
Solar modules
100
AcDbPolyline
90
4
70
1
38
0
10
89.45
20
103.9
10
92.2
20
103.9
10
92.2
20
106.45
10
89.45
20
106.45
0
LINE
5
2A6
330
6
100
AcDbEntity
8
Solar modules
100
AcDbLine
10
90.825
20
103.9
30
0
11
90.825
21
106.45
31
0
0
LWPOLYLINE
5
2A7
330
6
100
AcDbEntity
8
Solar modules
100
AcDbPolyline
90
4
70
1
38
0
10
92.9
20
103.9
10
95.65
20
103.9
10
95.65
20
106.45
10
92.9
20
106.45
0
LINE
5
2A8
330
6
100
AcDbEntity
8
Solar modules
100
AcDbLine
10
94.275
20
103.9
30
0
11
94.275
21
106.45
31
0
0
LWPOLYLINE
5
2A9
330
6
100
AcDbEntity
8
Solar modules
100
AcDbPolyline
90
4
70
1
38
0
10
96.35000000000001
20
103.9
10
99.10000000000001
20
103.9
10
99.10000000000001
20
106.45
10
96.35000000000001
20
106.45
0
LINE
5
2AA
330
6
100
AcDbEntity
8
Solar modules
100
AcDbLine
10
97.72500000000001
20
103.9
30
0
11
97.72500000000001
21
106.45
31
0
0
LWPOLYLINE
5
2AB
330
6
100
AcDbEntity
8
Solar modules
100
AcDbPolyline
90
4
70
1
38
0
10
99.80000000000001
20
103.9
10
102.55000000000001
20
103.9
10
102.55000000000001
20
106.45
10
99.80000000000001
20
106.45
0
LINE
5
2AC
330
6
100
AcDbEntity
8
Solar modules
100
AcDbLine
10
101.17500000000001
20
103.9
30
0
11
101.17500000000001
21
106.45
31
0
0
LWPOLYLINE
5
2AD
330
6
100
AcDbEntity
8
Solar modules
100
AcDbPolyline
90
4
70
1
38
0
10
103.25
20
103.9
10
106
20
103.9
10
106
20
106.45
10
103.25
20
106.45
0
LINE
5
2AE
330
6
100
AcDbEntity
8
Solar modules
100
AcDbLine
10
104.625
20
103.9
30
0
11
104.625
21
106.45
31
0
0
LWPOLYLINE
5
2AF
330
6
100
AcDbEntity
8
Solar modules
100
AcDbPolyline
90
4
70
1
38
0
10
106.7
20
103.9
10
109.45
20
103.9
10
109.45
20
106.45
10
106.7
20
106.45
0
LINE
5
2B0
330
6
100
AcDbEntity
8
Solar modules
100
AcDbLine
10
108.075
20
103.9
30
0
11
108.075
21
106.45
31
0
0
LWPOLYLINE
5
2B1
330
6
100
AcDbEntity
8
Solar modules
100
AcDbPolyline
90
4
70
1
38
0
10
110.15
20
103.9
10
112.9
20
103.9
10
112.9
20
106.45
10
110.15
20
106.45
0
LINE
5
2B2
330
6
100
AcDbEntity
8
Solar modules
100
AcDbLine
10
111.525
20
103.9
30
0
11
111.525
21
106.45
31
0
0
LWPOLYLINE
5
2B3
330
6
100
AcDbEntity
8
Solar modules
100
AcDbPolyline
90
4
70
1
38
0
10
17
20
107.55
10
19.75
20
107.55
10
19.75
20
110.1
10
17
20
110.1
0
LINE
5
2B4
330
6
100
AcDbEntity
8
Solar modules
100
AcDbLine
10
18.375
20
107.55
30
0
11
18.375
21
110.1
31
0
0
LWPOLYLINE
5
2B5
330
6
100
AcDbEntity
8
Solar modules
100
AcDbPolyline
90
4
70
1
38
0
10
20.45
20
107.55
10
23.2
20
107.55
10
23.2
20
110.1
10
20.45
20
110.1
0
LINE
5
2B6
330
6
100
AcDbEntity
8
Solar modules
100
AcDbLine
10
21.825
20
107.55
30
0
11
21.825
21
110.1
31
0
0
LWPOLYLINE
5
2B7
330
6
100
AcDbEntity
8
Solar modules
100
AcDbPolyline
90
4
70
1
38
0
10
23.9
20
107.55
10
26.65
20
107.55
10
26.65
20
110.1
10
23.9
20
110.1
0
LINE
5
2B8
330
6
100
AcDbEntity
8
Solar modules
100
AcDbLine
10
25.275
20
107.55
30
0
11
25.275
21
110.1
31
0
0
LWPOLYLINE
5
2B9
330
6
100
AcDbEntity
8
Solar modules
100
AcDbPolyline
90
4
70
1
38
0
10
27.35
20
107.55
10
30.1
20
107.55
10
30.1
20
110.1
10
27.35
20
110.1
0
LINE
5
2BA
330
6
100
AcDbEntity
8
Solar modules
100
AcDbLine
10
28.725
20
107.55
30
0
11
28.725
21
110.1
31
0
0
LWPOLYLINE
5
2BB
330
6
100
AcDbEntity
8
Solar modules
100
AcDbPolyline
90
4
70
1
38
0
10
30.8
20
107.55
10
33.55
20
107.55
10
33.55
20
110.1
10
30.8
20
110.1
0
LINE
5
2BC
330
6
100
AcDbEntity
8
Solar modules
100
AcDbLine
10
32.175
20
107.55
30
0
11
32.175
21
110.1
31
0
0
LWPOLYLINE
5
2BD
330
6
100
AcDbEntity
8
Solar modules
100
AcDbPolyline
90
4
70
1
38
0
10
34.25
20
107.55
10
37
20
107.55
10
37
20
110.1
10
34.25
20
110.1
0
LINE
5
2BE
330
6
100
AcDbEntity
8
Solar modules
100
AcDbLine
10
35.625
20
107.55
30
0
11
35.625
21
110.1
31
0
0
LWPOLYLINE
5
2BF
330
6
100
AcDbEntity
8
Solar modules
100
AcDbPolyline
90
4
70
1
38
0
10
37.7
20
107.55
10
40.45
20
107.55
10
40.45
20
110.1
10
37.7
20
110.1
0
LINE
5
2C0
330
6
100
AcDbEntity
8
Solar modules
100
AcDbLine
10
39.075
20
107.55
30
0
11
39.075
21
110.1
31
0
0
LWPOLYLINE
5
2C1
330
6
100
AcDbEntity
8
Solar modules
100
AcDbPolyline
90
4
70
1
38
0
10
41.150000000000006
20
107.55
10
43.900000000000006
20
107.55
10
43.900000000000006
20
110.1
10
41.150000000000006
20
110.1
0
LINE
5
2C2
330
6
100
AcDbEntity
8
Solar modules
100
AcDbLine
10
42.525000000000006
20
107.55
30
0
11
42.525000000000006
21
110.1
31
0
0
LWPOLYLINE
5
2C3
330
6
100
AcDbEntity
8
Solar modules
100
AcDbPolyline
90
4
70
1
38
0
10
44.6
20
107.55
10
47.35
20
107.55
10
47.35
20
110.1
10
44.6
20
110.1
0
LINE
5
2C4
330
6
100
AcDbEntity
8
Solar modules
100
AcDbLine
10
45.975
20
107.55
30
0
11
45.975
21
110.1
31
0
0
LWPOLYLINE
5
2C5
330
6
100
AcDbEntity
8
Solar modules
100
AcDbPolyline
90
4
70
1
38
0
10
48.05
20
107.55
10
50.8
20
107.55
10
50.8
20
110.1
10
48.05
20
110.1
0
LINE
5
2C6
330
6
100
AcDbEntity
8
Solar modules
100
AcDbLine
10
49.425
20
107.55
30
0
11
49.425
21
110.1
31
0
0
LWPOLYLINE
5
2C7
330
6
100
AcDbEntity
8
Solar modules
100
AcDbPolyline
90
4
70
1
38
0
10
51.5
20
107.55
10
54.25
20
107.55
10
54.25
20
110.1
10
51.5
20
110.1
0
LINE
5
2C8
330
6
100
AcDbEntity
8
Solar modules
100
AcDbLine
10
52.875
20
107.55
30
0
11
52.875
21
110.1
31
0
0
LWPOLYLINE
5
2C9
330
6
100
AcDbEntity
8
Solar modules
100
AcDbPolyline
90
4
70
1
38
0
10
54.95
20
107.55
10
57.7
20
107.55
10
57.7
20
110.1
10
54.95
20
110.1
0
LINE
5
2CA
330
6
100
AcDbEntity
8
Solar modules
100
AcDbLine
10
56.325
20
107.55
30
0
11
56.325
21
110.1
31
0
0
LWPOLYLINE
5
2CB
330
6
100
AcDbEntity
8
Solar modules
100
AcDbPolyline
90
4
70
1
38
0
10
58.400000000000006
20
107.55
10
61.150000000000006
20
107.55
10
61.150000000000006
20
110.1
10
58.400000000000006
20
110.1
0
LINE
5
2CC
330
6
100
AcDbEntity
8
Solar modules
100
AcDbLine
10
59.775000000000006
20
107.55
30
0
11
59.775000000000006
21
110.1
31
0
0
LWPOLYLINE
5
2CD
330
6
100
AcDbEntity
8
Solar modules
100
AcDbPolyline
90
4
70
1
38
0
10
61.85
20
107.55
10
64.6
20
107.55
10
64.6
20
110.1
10
61.85
20
110.1
0
LINE
5
2CE
330
6
100
AcDbEntity
8
Solar modules
100
AcDbLine
10
63.225
20
107.55
30
0
11
63.225
21
110.1
31
0
0
LWPOLYLINE
5
2CF
330
6
100
AcDbEntity
8
Solar modules
100
AcDbPolyline
90
4
70
1
38
0
10
65.30000000000001
20
107.55
10
68.05000000000001
20
107.55
10
68.05000000000001
20
110.1
10
65.30000000000001
20
110.1
0
LINE
5
2D0
330
6
100
AcDbEntity
8
Solar modules
100
AcDbLine
10
66.67500000000001
20
107.55
30
0
11
66.67500000000001
21
110.1
31
0
0
LWPOLYLINE
5
2D1
330
6
100
AcDbEntity
8
Solar modules
100
AcDbPolyline
90
4
70
1
38
0
10
68.75
20
107.55
10
71.5
20
107.55
10
71.5
20
110.1
10
68.75
20
110.1
0
LINE
5
2D2
330
6
100
AcDbEntity
8
Solar modules
100
AcDbLine
10
70.125
20
107.55
30
0
11
70.125
21
110.1
31
0
0
LWPOLYLINE
5
2D3
330
6
100
AcDbEntity
8
Solar modules
100
AcDbPolyline
90
4
70
1
38
0
10
72.2
20
107.55
10
74.95
20
107.55
10
74.95
20
110.1
10
72.2
20
110.1
0
LINE
5
2D4
330
6
100
AcDbEntity
8
Solar modules
100
AcDbLine
10
73.575
20
107.55
30
0
11
73.575
21
110.1
31
0
0
LWPOLYLINE
5
2D5
330
6
100
AcDbEntity
8
Solar modules
100
AcDbPolyline
90
4
70
1
38
0
10
75.65
20
107.55
10
78.4
20
107.55
10
78.4
20
110.1
10
75.65
20
110.1
0
LINE
5
2D6
330
6
100
AcDbEntity
8
Solar modules
100
AcDbLine
10
77.025
20
107.55
30
0
11
77.025
21
110.1
31
0
0
LWPOLYLINE
5
2D7
330
6
100
AcDbEntity
8
Solar modules
100
AcDbPolyline
90
4
70
1
38
0
10
79.1
20
107.55
10
81.85
20
107.55
10
81.85
20
110.1
10
79.1
20
110.1
0
LINE
5
2D8
330
6
100
AcDbEntity
8
Solar modules
100
AcDbLine
10
80.475
20
107.55
30
0
11
80.475
21
110.1
31
0
0
LWPOLYLINE
5
2D9
330
6
100
AcDbEntity
8
Solar modules
100
AcDbPolyline
90
4
70
1
38
0
10
82.55
20
107.55
10
85.3
20
107.55
10
85.3
20
110.1
10
82.55
20
110.1
0
LINE
5
2DA
330
6
100
AcDbEntity
8
Solar modules
100
AcDbLine
10
83.925
20
107.55
30
0
11
83.925
21
110.1
31
0
0
LWPOLYLINE
5
2DB
330
6
100
AcDbEntity
8
Solar modules
100
AcDbPolyline
90
4
70
1
38
0
10
86
20
107.55
10
88.75
20
107.55
10
88.75
20
110.1
10
86
20
110.1
0
LINE
5
2DC
330
6
100
AcDbEntity
8
Solar modules
100
AcDbLine
10
87.375
20
107.55
30
0
11
87.375
21
110.1
31
0
0
LWPOLYLINE
5
2DD
330
6
100
AcDbEntity
8
Solar modules
100
AcDbPolyline
90
4
70
1
38
0
10
89.45
20
107.55
10
92.2
20
107.55
10
92.2
20
110.1
10
89.45
20
110.1
0
LINE
5
2DE
330
6
100
AcDbEntity
8
Solar modules
100
AcDbLine
10
90.825
20
107.55
30
0
11
90.825
21
110.1
31
0
0
LWPOLYLINE
5
2DF
330
6
100
AcDbEntity
8
Solar modules
100
AcDbPolyline
90
4
70
1
38
0
10
92.9
20
107.55
10
95.65
20
107.55
10
95.65
20
110.1
10
92.9
20
110.1
0
LINE
5
2E0
330
6
100
AcDbEntity
8
Solar modules
100
AcDbLine
10
94.275
20
107.55
30
0
11
94.275
21
110.1
31
0
0
LWPOLYLINE
5
2E1
330
6
100
AcDbEntity
8
Solar modules
100
AcDbPolyline
90
4
70
1
38
0
10
96.35000000000001
20
107.55
10
99.10000000000001
20
107.55
10
99.10000000000001
20
110.1
10
96.35000000000001
20
110.1
0
LINE
5
2E2
330
6
100
AcDbEntity
8
Solar modules
100
AcDbLine
10
97.72500000000001
20
107.55
30
0
11
97.72500000000001
21
110.1
31
0
0
LWPOLYLINE
5
2E3
330
6
100
AcDbEntity
8
Solar modules
100
AcDbPolyline
90
4
70
1
38
0
10
99.80000000000001
20
107.55
10
102.55000000000001
20
107.55
10
102.55000000000001
20
110.1
10
99.80000000000001
20
110.1
0
LINE
5
2E4
330
6
100
AcDbEntity
8
Solar modules
100
AcDbLine
10
101.17500000000001
20
107.55
30
0
11
101.17500000000001
21
110.1
31
0
0
LWPOLYLINE
5
2E5
330
6
100
AcDbEntity
8
Solar modules
100
AcDbPolyline
90
4
70
1
38
0
10
103.25
20
107.55
10
106
20
107.55
10
106
20
110.1
10
103.25
20
110.1
0
LINE
5
2E6
330
6
100
AcDbEntity
8
Solar modules
100
AcDbLine
10
104.625
20
107.55
30
0
11
104.625
21
110.1
31
0
0
LWPOLYLINE
5
2E7
330
6
100
AcDbEntity
8
Solar modules
100
AcDbPolyline
90
4
70
1
38
0
10
106.7
20
107.55
10
109.45
20
107.55
10
109.45
20
110.1
10
106.7
20
110.1
0
LINE
5
2E8
330
6
100
AcDbEntity
8
Solar modules
100
AcDbLine
10
108.075
20
107.55
30
0
11
108.075
21
110.1
31
0
0
LWPOLYLINE
5
2E9
330
6
100
AcDbEntity
8
Solar modules
100
AcDbPolyline
90
4
70
1
38
0
10
110.15
20
107.55
10
112.9
20
107.55
10
112.9
20
110.1
10
110.15
20
110.1
0
LINE
5
2EA
330
6
100
AcDbEntity
8
Solar modules
100
AcDbLine
10
111.525
20
107.55
30
0
11
111.525
21
110.1
31
0
0
LWPOLYLINE
5
2EB
330
6
100
AcDbEntity
8
Solar modules
100
AcDbPolyline
90
4
70
1
38
0
10
17
20
111.2
10
19.75
20
111.2
10
19.75
20
113.75
10
17
20
113.75
0
LINE
5
2EC
330
6
100
AcDbEntity
8
Solar modules
100
AcDbLine
10
18.375
20
111.2
30
0
11
18.375
21
113.75
31
0
0
LWPOLYLINE
5
2ED
330
6
100
AcDbEntity
8
Solar modules
100
AcDbPolyline
90
4
70
1
38
0
10
20.45
20
111.2
10
23.2
20
111.2
10
23.2
20
113.75
10
20.45
20
113.75
0
LINE
5
2EE
330
6
100
AcDbEntity
8
Solar modules
100
AcDbLine
10
21.825
20
111.2
30
0
11
21.825
21
113.75
31
0
0
LWPOLYLINE
5
2EF
330
6
100
AcDbEntity
8
Solar modules
100
AcDbPolyline
90
4
70
1
38
0
10
23.9
20
111.2
10
26.65
20
111.2
10
26.65
20
113.75
10
23.9
20
113.75
0
LINE
5
2F0
330
6
100
AcDbEntity
8
Solar modules
100
AcDbLine
10
25.275
20
111.2
30
0
11
25.275
21
113.75
31
0
0
LWPOLYLINE
5
2F1
330
6
100
AcDbEntity
8
Solar modules
100
AcDbPolyline
90
4
70
1
38
0
10
27.35
20
111.2
10
30.1
20
111.2
10
30.1
20
113.75
10
27.35
20
113.75
0
LINE
5
2F2
330
6
100
AcDbEntity
8
Solar modules
100
AcDbLine
10
28.725
20
111.2
30
0
11
28.725
21
113.75
31
0
0
LWPOLYLINE
5
2F3
330
6
100
AcDbEntity
8
Solar modules
100
AcDbPolyline
90
4
70
1
38
0
10
30.8
20
111.2
10
33.55
20
111.2
10
33.55
20
113.75
10
30.8
20
113.75
0
LINE
5
2F4
330
6
100
AcDbEntity
8
Solar modules
100
AcDbLine
10
32.175
20
111.2
30
0
11
32.175
21
113.75
31
0
0
LWPOLYLINE
5
2F5
330
6
100
AcDbEntity
8
Solar modules
100
AcDbPolyline
90
4
70
1
38
0
10
34.25
20
111.2
10
37
20
111.2
10
37
20
113.75
10
34.25
20
113.75
0
LINE
5
2F6
330
6
100
AcDbEntity
8
Solar modules
100
AcDbLine
10
35.625
20
111.2
30
0
11
35.625
21
113.75
31
0
0
LWPOLYLINE
5
2F7
330
6
100
AcDbEntity
8
Solar modules
100
AcDbPolyline
90
4
70
1
38
0
10
37.7
20
111.2
10
40.45
20
111.2
10
40.45
20
113.75
10
37.7
20
113.75
0
LINE
5
2F8
330
6
100
AcDbEntity
8
Solar modules
100
AcDbLine
10
39.075
20
111.2
30
0
11
39.075
21
113.75
31
0
0
LWPOLYLINE
5
2F9
330
6
100
AcDbEntity
8
Solar modules
100
AcDbPolyline
90
4
70
1
38
0
10
41.150000000000006
20
111.2
10
43.900000000000006
20
111.2
10
43.900000000000006
20
113.75
10
41.150000000000006
20
113.75
0
LINE
5
2FA
330
6
100
AcDbEntity
8
Solar modules
100
AcDbLine
10
42.525000000000006
20
111.2
30
0
11
42.525000000000006
21
113.75
31
0
0
LWPOLYLINE
5
2FB
330
6
100
AcDbEntity
8
Solar modules
100
AcDbPolyline
90
4
70
1
38
0
10
44.6
20
111.2
10
47.35
20
111.2
10
47.35
20
113.75
10
44.6
20
113.75
0
LINE
5
2FC
330
6
100
AcDbEntity
8
Solar modules
100
AcDbLine
10
45.975
20
111.2
30
0
11
45.975
21
113.75
31
0
0
LWPOLYLINE
5
2FD
330
6
100
AcDbEntity
8
Solar modules
100
AcDbPolyline
90
4
70
1
38
0
10
48.05
20
111.2
10
50.8
20
111.2
10
50.8
20
113.75
10
48.05
20
113.75
0
LINE
5
2FE
330
6
100
AcDbEntity
8
Solar modules
100
AcDbLine
10
49.425
20
111.2
30
0
11
49.425
21
113.75
31
0
0
LWPOLYLINE
5
2FF
330
6
100
AcDbEntity
8
Solar modules
100
AcDbPolyline
90
4
70
1
38
0
10
51.5
20
111.2
10
54.25
20
111.2
10
54.25
20
113.75
10
51.5
20
113.75
0
LINE
5
300
330
6
100
AcDbEntity
8
Solar modules
100
AcDbLine
10
52.875
20
111.2
30
0
11
52.875
21
113.75
31
0
0
LWPOLYLINE
5
301
330
6
100
AcDbEntity
8
Solar modules
100
AcDbPolyline
90
4
70
1
38
0
10
54.95
20
111.2
10
57.7
20
111.2
10
57.7
20
113.75
10
54.95
20
113.75
0
LINE
5
302
330
6
100
AcDbEntity
8
Solar modules
100
AcDbLine
10
56.325
20
111.2
30
0
11
56.325
21
113.75
31
0
0
LWPOLYLINE
5
303
330
6
100
AcDbEntity
8
Solar modules
100
AcDbPolyline
90
4
70
1
38
0
10
58.400000000000006
20
111.2
10
61.150000000000006
20
111.2
10
61.150000000000006
20
113.75
10
58.400000000000006
20
113.75
0
LINE
5
304
330
6
100
AcDbEntity
8
Solar modules
100
AcDbLine
10
59.775000000000006
20
111.2
30
0
11
59.775000000000006
21
113.75
31
0
0
LWPOLYLINE
5
305
330
6
100
AcDbEntity
8
Solar modules
100
AcDbPolyline
90
4
70
1
38
0
10
61.85
20
111.2
10
64.6
20
111.2
10
64.6
20
113.75
10
61.85
20
113.75
0
LINE
5
306
330
6
100
AcDbEntity
8
Solar modules
100
AcDbLine
10
63.225
20
111.2
30
0
11
63.225
21
113.75
31
0
0
LWPOLYLINE
5
307
330
6
100
AcDbEntity
8
Solar modules
100
AcDbPolyline
90
4
70
1
38
0
10
65.30000000000001
20
111.2
10
68.05000000000001
20
111.2
10
68.05000000000001
20
113.75
10
65.30000000000001
20
113.75
0
LINE
5
308
330
6
100
AcDbEntity
8
Solar modules
100
AcDbLine
10
66.67500000000001
20
111.2
30
0
11
66.67500000000001
21
113.75
31
0
0
LWPOLYLINE
5
309
330
6
100
AcDbEntity
8
Solar modules
100
AcDbPolyline
90
4
70
1
38
0
10
68.75
20
111.2
10
71.5
20
111.2
10
71.5
20
113.75
10
68.75
20
113.75
0
LINE
5
30A
330
6
100
AcDbEntity
8
Solar modules
100
AcDbLine
10
70.125
20
111.2
30
0
11
70.125
21
113.75
31
0
0
LWPOLYLINE
5
30B
330
6
100
AcDbEntity
8
Solar modules
100
AcDbPolyline
90
4
70
1
38
0
10
72.2
20
111.2
10
74.95
20
111.2
10
74.95
20
113.75
10
72.2
20
113.75
0
LINE
5
30C
330
6
100
AcDbEntity
8
Solar modules
100
AcDbLine
10
73.575
20
111.2
30
0
11
73.575
21
113.75
31
0
0
LWPOLYLINE
5
30D
330
6
100
AcDbEntity
8
Solar modules
100
AcDbPolyline
90
4
70
1
38
0
10
75.65
20
111.2
10
78.4
20
111.2
10
78.4
20
113.75
10
75.65
20
113.75
0
LINE
5
30E
330
6
100
AcDbEntity
8
Solar modules
100
AcDbLine
10
77.025
20
111.2
30
0
11
77.025
21
113.75
31
0
0
LWPOLYLINE
5
30F
330
6
100
AcDbEntity
8
Solar modules
100
AcDbPolyline
90
4
70
1
38
0
10
79.1
20
111.2
10
81.85
20
111.2
10
81.85
20
113.75
10
79.1
20
113.75
0
LINE
5
310
330
6
100
AcDbEntity
8
Solar modules
100
AcDbLine
10
80.475
20
111.2
30
0
11
80.475
21
113.75
31
0
0
LWPOLYLINE
5
311
330
6
100
AcDbEntity
8
Solar modules
100
AcDbPolyline
90
4
70
1
38
0
10
82.55
20
111.2
10
85.3
20
111.2
10
85.3
20
113.75
10
82.55
20
113.75
0
LINE
5
312
330
6
100
AcDbEntity
8
Solar modules
100
AcDbLine
10
83.925
20
111.2
30
0
11
83.925
21
113.75
31
0
0
LWPOLYLINE
5
313
330
6
100
AcDbEntity
8
Solar modules
100
AcDbPolyline
90
4
70
1
38
0
10
86
20
111.2
10
88.75
20
111.2
10
88.75
20
113.75
10
86
20
113.75
0
LINE
5
314
330
6
100
AcDbEntity
8
Solar modules
100
AcDbLine
10
87.375
20
111.2
30
0
11
87.375
21
113.75
31
0
0
LWPOLYLINE
5
315
330
6
100
AcDbEntity
8
Solar modules
100
AcDbPolyline
90
4
70
1
38
0
10
89.45
20
111.2
10
92.2
20
111.2
10
92.2
20
113.75
10
89.45
20
113.75
0
LINE
5
316
330
6
100
AcDbEntity
8
Solar modules
100
AcDbLine
10
90.825
20
111.2
30
0
11
90.825
21
113.75
31
0
0
LWPOLYLINE
5
317
330
6
100
AcDbEntity
8
Solar modules
100
AcDbPolyline
90
4
70
1
38
0
10
92.9
20
111.2
10
95.65
20
111.2
10
95.65
20
113.75
10
92.9
20
113.75
0
LINE
5
318
330
6
100
AcDbEntity
8
Solar modules
100
AcDbLine
10
94.275
20
111.2
30
0
11
94.275
21
113.75
31
0
0
LWPOLYLINE
5
319
330
6
100
AcDbEntity
8
Solar modules
100
AcDbPolyline
90
4
70
1
38
0
10
96.35000000000001
20
111.2
10
99.10000000000001
20
111.2
10
99.10000000000001
20
113.75
10
96.35000000000001
20
113.75
0
LINE
5
31A
330
6
100
AcDbEntity
8
Solar modules
100
AcDbLine
10
97.72500000000001
20
111.2
30
0
11
97.72500000000001
21
113.75
31
0
0
LWPOLYLINE
5
31B
330
6
100
AcDbEntity
8
Solar modules
100
AcDbPolyline
90
4
70
1
38
0
10
99.80000000000001
20
111.2
10
102.55000000000001
20
111.2
10
102.55000000000001
20
113.75
10
99.80000000000001
20
113.75
0
LINE
5
31C
330
6
100
AcDbEntity
8
Solar modules
100
AcDbLine
10
101.17500000000001
20
111.2
30
0
11
101.17500000000001
21
113.75
31
0
0
LWPOLYLINE
5
31D
330
6
100
AcDbEntity
8
Solar modules
100
AcDbPolyline
90
4
70
1
38
0
10
103.25
20
111.2
10
106
20
111.2
10
106
20
113.75
10
103.25
20
113.75
0
LINE
5
31E
330
6
100
AcDbEntity
8
Solar modules
100
AcDbLine
10
104.625
20
111.2
30
0
11
104.625
21
113.75
31
0
0
LWPOLYLINE
5
31F
330
6
100
AcDbEntity
8
Solar modules
100
AcDbPolyline
90
4
70
1
38
0
10
106.7
20
111.2
10
109.45
20
111.2
10
109.45
20
113.75
10
106.7
20
113.75
0
LINE
5
320
330
6
100
AcDbEntity
8
Solar modules
100
AcDbLine
10
108.075
20
111.2
30
0
11
108.075
21
113.75
31
0
0
LWPOLYLINE
5
321
330
6
100
AcDbEntity
8
Solar modules
100
AcDbPolyline
90
4
70
1
38
0
10
110.15
20
111.2
10
112.9
20
111.2
10
112.9
20
113.75
10
110.15
20
113.75
0
LINE
5
322
330
6
100
AcDbEntity
8
Solar modules
100
AcDbLine
10
111.525
20
111.2
30
0
11
111.525
21
113.75
31
0
0
LWPOLYLINE
5
323
330
6
100
AcDbEntity
8
Solar modules
100
AcDbPolyline
90
4
70
1
38
0
10
17
20
114.85
10
19.75
20
114.85
10
19.75
20
117.39999999999999
10
17
20
117.39999999999999
0
LINE
5
324
330
6
100
AcDbEntity
8
Solar modules
100
AcDbLine
10
18.375
20
114.85
30
0
11
18.375
21
117.39999999999999
31
0
0
LWPOLYLINE
5
325
330
6
100
AcDbEntity
8
Solar modules
100
AcDbPolyline
90
4
70
1
38
0
10
20.45
20
114.85
10
23.2
20
114.85
10
23.2
20
117.39999999999999
10
20.45
20
117.39999999999999
0
LINE
5
326
330
6
100
AcDbEntity
8
Solar modules
100
AcDbLine
10
21.825
20
114.85
30
0
11
21.825
21
117.39999999999999
31
0
0
LWPOLYLINE
5
327
330
6
100
AcDbEntity
8
Solar modules
100
AcDbPolyline
90
4
70
1
38
0
10
23.9
20
114.85
10
26.65
20
114.85
10
26.65
20
117.39999999999999
10
23.9
20
117.39999999999999
0
LINE
5
328
330
6
100
AcDbEntity
8
Solar modules
100
AcDbLine
10
25.275
20
114.85
30
0
11
25.275
21
117.39999999999999
31
0
0
LWPOLYLINE
5
329
330
6
100
AcDbEntity
8
Solar modules
100
AcDbPolyline
90
4
70
1
38
0
10
27.35
20
114.85
10
30.1
20
114.85
10
30.1
20
117.39999999999999
10
27.35
20
117.39999999999999
0
LINE
5
32A
330
6
100
AcDbEntity
8
Solar modules
100
AcDbLine
10
28.725
20
114.85
30
0
11
28.725
21
117.39999999999999
31
0
0
LWPOLYLINE
5
32B
330
6
100
AcDbEntity
8
Solar modules
100
AcDbPolyline
90
4
70
1
38
0
10
30.8
20
114.85
10
33.55
20
114.85
10
33.55
20
117.39999999999999
10
30.8
20
117.39999999999999
0
LINE
5
32C
330
6
100
AcDbEntity
8
Solar modules
100
AcDbLine
10
32.175
20
114.85
30
0
11
32.175
21
117.39999999999999
31
0
0
LWPOLYLINE
5
32D
330
6
100
AcDbEntity
8
Solar modules
100
AcDbPolyline
90
4
70
1
38
0
10
34.25
20
114.85
10
37
20
114.85
10
37
20
117.39999999999999
10
34.25
20
117.39999999999999
0
LINE
5
32E
330
6
100
AcDbEntity
8
Solar modules
100
AcDbLine
10
35.625
20
114.85
30
0
11
35.625
21
117.39999999999999
31
0
0
LWPOLYLINE
5
32F
330
6
100
AcDbEntity
8
Solar modules
100
AcDbPolyline
90
4
70
1
38
0
10
37.7
20
114.85
10
40.45
20
114.85
10
40.45
20
117.39999999999999
10
37.7
20
117.39999999999999
0
LINE
5
330
330
6
100
AcDbEntity
8
Solar modules
100
AcDbLine
10
39.075
20
114.85
30
0
11
39.075
21
117.39999999999999
31
0
0
LWPOLYLINE
5
331
330
6
100
AcDbEntity
8
Solar modules
100
AcDbPolyline
90
4
70
1
38
0
10
41.150000000000006
20
114.85
10
43.900000000000006
20
114.85
10
43.900000000000006
20
117.39999999999999
10
41.150000000000006
20
117.39999999999999
0
LINE
5
332
330
6
100
AcDbEntity
8
Solar modules
100
AcDbLine
10
42.525000000000006
20
114.85
30
0
11
42.525000000000006
21
117.39999999999999
31
0
0
LWPOLYLINE
5
333
330
6
100
AcDbEntity
8
Solar modules
100
AcDbPolyline
90
4
70
1
38
0
10
44.6
20
114.85
10
47.35
20
114.85
10
47.35
20
117.39999999999999
10
44.6
20
117.39999999999999
0
LINE
5
334
330
6
100
AcDbEntity
8
Solar modules
100
AcDbLine
10
45.975
20
114.85
30
0
11
45.975
21
117.39999999999999
31
0
0
LWPOLYLINE
5
335
330
6
100
AcDbEntity
8
Solar modules
100
AcDbPolyline
90
4
70
1
38
0
10
48.05
20
114.85
10
50.8
20
114.85
10
50.8
20
117.39999999999999
10
48.05
20
117.39999999999999
0
LINE
5
336
330
6
100
AcDbEntity
8
Solar modules
100
AcDbLine
10
49.425
20
114.85
30
0
11
49.425
21
117.39999999999999
31
0
0
LWPOLYLINE
5
337
330
6
100
AcDbEntity
8
Solar modules
100
AcDbPolyline
90
4
70
1
38
0
10
51.5
20
114.85
10
54.25
20
114.85
10
54.25
20
117.39999999999999
10
51.5
20
117.39999999999999
0
LINE
5
338
330
6
100
AcDbEntity
8
Solar modules
100
AcDbLine
10
52.875
20
114.85
30
0
11
52.875
21
117.39999999999999
31
0
0
LWPOLYLINE
5
339
330
6
100
AcDbEntity
8
Solar modules
100
AcDbPolyline
90
4
70
1
38
0
10
54.95
20
114.85
10
57.7
20
114.85
10
57.7
20
117.39999999999999
10
54.95
20
117.39999999999999
0
LINE
5
33A
330
6
100
AcDbEntity
8
Solar modules
100
AcDbLine
10
56.325
20
114.85
30
0
11
56.325
21
117.39999999999999
31
0
0
LWPOLYLINE
5
33B
330
6
100
AcDbEntity
8
Solar modules
100
AcDbPolyline
90
4
70
1
38
0
10
58.400000000000006
20
114.85
10
61.150000000000006
20
114.85
10
61.150000000000006
20
117.39999999999999
10
58.400000000000006
20
117.39999999999999
0
LINE
5
33C
330
6
100
AcDbEntity
8
Solar modules
100
AcDbLine
10
59.775000000000006
20
114.85
30
0
11
59.775000000000006
21
117.39999999999999
31
0
0
LWPOLYLINE
5
33D
330
6
100
AcDbEntity
8
Solar modules
100
AcDbPolyline
90
4
70
1
38
0
10
61.85
20
114.85
10
64.6
20
114.85
10
64.6
20
117.39999999999999
10
61.85
20
117.39999999999999
0
LINE
5
33E
330
6
100
AcDbEntity
8
Solar modules
100
AcDbLine
10
63.225
20
114.85
30
0
11
63.225
21
117.39999999999999
31
0
0
LWPOLYLINE
5
33F
330
6
100
AcDbEntity
8
Solar modules
100
AcDbPolyline
90
4
70
1
38
0
10
65.30000000000001
20
114.85
10
68.05000000000001
20
114.85
10
68.05000000000001
20
117.39999999999999
10
65.30000000000001
20
117.39999999999999
0
LINE
5
340
330
6
100
AcDbEntity
8
Solar modules
100
AcDbLine
10
66.67500000000001
20
114.85
30
0
11
66.67500000000001
21
117.39999999999999
31
0
0
LWPOLYLINE
5
341
330
6
100
AcDbEntity
8
Solar modules
100
AcDbPolyline
90
4
70
1
38
0
10
68.75
20
114.85
10
71.5
20
114.85
10
71.5
20
117.39999999999999
10
68.75
20
117.39999999999999
0
LINE
5
342
330
6
100
AcDbEntity
8
Solar modules
100
AcDbLine
10
70.125
20
114.85
30
0
11
70.125
21
117.39999999999999
31
0
0
LWPOLYLINE
5
343
330
6
100
AcDbEntity
8
Solar modules
100
AcDbPolyline
90
4
70
1
38
0
10
72.2
20
114.85
10
74.95
20
114.85
10
74.95
20
117.39999999999999
10
72.2
20
117.39999999999999
0
LINE
5
344
330
6
100
AcDbEntity
8
Solar modules
100
AcDbLine
10
73.575
20
114.85
30
0
11
73.575
21
117.39999999999999
31
0
0
LWPOLYLINE
5
345
330
6
100
AcDbEntity
8
Solar modules
100
AcDbPolyline
90
4
70
1
38
0
10
75.65
20
114.85
10
78.4
20
114.85
10
78.4
20
117.39999999999999
10
75.65
20
117.39999999999999
0
LINE
5
346
330
6
100
AcDbEntity
8
Solar modules
100
AcDbLine
10
77.025
20
114.85
30
0
11
77.025
21
117.39999999999999
31
0
0
LWPOLYLINE
5
347
330
6
100
AcDbEntity
8
Solar modules
100
AcDbPolyline
90
4
70
1
38
0
10
79.1
20
114.85
10
81.85
20
114.85
10
81.85
20
117.39999999999999
10
79.1
20
117.39999999999999
0
LINE
5
348
330
6
100
AcDbEntity
8
Solar modules
100
AcDbLine
10
80.475
20
114.85
30
0
11
80.475
21
117.39999999999999
31
0
0
LWPOLYLINE
5
349
330
6
100
AcDbEntity
8
Solar modules
100
AcDbPolyline
90
4
70
1
38
0
10
82.55
20
114.85
10
85.3
20
114.85
10
85.3
20
117.39999999999999
10
82.55
20
117.39999999999999
0
LINE
5
34A
330
6
100
AcDbEntity
8
Solar modules
100
AcDbLine
10
83.925
20
114.85
30
0
11
83.925
21
117.39999999999999
31
0
0
LWPOLYLINE
5
34B
330
6
100
AcDbEntity
8
Solar modules
100
AcDbPolyline
90
4
70
1
38
0
10
86
20
114.85
10
88.75
20
114.85
10
88.75
20
117.39999999999999
10
86
20
117.39999999999999
0
LINE
5
34C
330
6
100
AcDbEntity
8
Solar modules
100
AcDbLine
10
87.375
20
114.85
30
0
11
87.375
21
117.39999999999999
31
0
0
LWPOLYLINE
5
34D
330
6
100
AcDbEntity
8
Solar modules
100
AcDbPolyline
90
4
70
1
38
0
10
89.45
20
114.85
10
92.2
20
114.85
10
92.2
20
117.39999999999999
10
89.45
20
117.39999999999999
0
LINE
5
34E
330
6
100
AcDbEntity
8
Solar modules
100
AcDbLine
10
90.825
20
114.85
30
0
11
90.825
21
117.39999999999999
31
0
0
LWPOLYLINE
5
34F
330
6
100
AcDbEntity
8
Solar modules
100
AcDbPolyline
90
4
70
1
38
0
10
92.9
20
114.85
10
95.65
20
114.85
10
95.65
20
117.39999999999999
10
92.9
20
117.39999999999999
0
LINE
5
350
330
6
100
AcDbEntity
8
Solar modules
100
AcDbLine
10
94.275
20
114.85
30
0
11
94.275
21
117.39999999999999
31
0
0
LWPOLYLINE
5
351
330
6
100
AcDbEntity
8
Solar modules
100
AcDbPolyline
90
4
70
1
38
0
10
96.35000000000001
20
114.85
10
99.10000000000001
20
114.85
10
99.10000000000001
20
117.39999999999999
10
96.35000000000001
20
117.39999999999999
0
LINE
5
352
330
6
100
AcDbEntity
8
Solar modules
100
AcDbLine
10
97.72500000000001
20
114.85
30
0
11
97.72500000000001
21
117.39999999999999
31
0
0
LWPOLYLINE
5
353
330
6
100
AcDbEntity
8
Solar modules
100
AcDbPolyline
90
4
70
1
38
0
10
99.80000000000001
20
114.85
10
102.55000000000001
20
114.85
10
102.55000000000001
20
117.39999999999999
10
99.80000000000001
20
117.39999999999999
0
LINE
5
354
330
6
100
AcDbEntity
8
Solar modules
100
AcDbLine
10
101.17500000000001
20
114.85
30
0
11
101.17500000000001
21
117.39999999999999
31
0
0
LWPOLYLINE
5
355
330
6
100
AcDbEntity
8
Solar modules
100
AcDbPolyline
90
4
70
1
38
0
10
103.25
20
114.85
10
106
20
114.85
10
106
20
117.39999999999999
10
103.25
20
117.39999999999999
0
LINE
5
356
330
6
100
AcDbEntity
8
Solar modules
100
AcDbLine
10
104.625
20
114.85
30
0
11
104.625
21
117.39999999999999
31
0
0
LWPOLYLINE
5
357
330
6
100
AcDbEntity
8
Solar modules
100
AcDbPolyline
90
4
70
1
38
0
10
106.7
20
114.85
10
109.45
20
114.85
10
109.45
20
117.39999999999999
10
106.7
20
117.39999999999999
0
LINE
5
358
330
6
100
AcDbEntity
8
Solar modules
100
AcDbLine
10
108.075
20
114.85
30
0
11
108.075
21
117.39999999999999
31
0
0
LWPOLYLINE
5
359
330
6
100
AcDbEntity
8
Solar modules
100
AcDbPolyline
90
4
70
1
38
0
10
110.15
20
114.85
10
112.9
20
114.85
10
112.9
20
117.39999999999999
10
110.15
20
117.39999999999999
0
LINE
5
35A
330
6
100
AcDbEntity
8
Solar modules
100
AcDbLine
10
111.525
20
114.85
30
0
11
111.525
21
117.39999999999999
31
0
0
LWPOLYLINE
5
35B
330
6
100
AcDbEntity
8
Solar modules
100
AcDbPolyline
90
4
70
1
38
0
10
17
20
118.5
10
19.75
20
118.5
10
19.75
20
121.05
10
17
20
121.05
0
LINE
5
35C
330
6
100
AcDbEntity
8
Solar modules
100
AcDbLine
10
18.375
20
118.5
30
0
11
18.375
21
121.05
31
0
0
LWPOLYLINE
5
35D
330
6
100
AcDbEntity
8
Solar modules
100
AcDbPolyline
90
4
70
1
38
0
10
20.45
20
118.5
10
23.2
20
118.5
10
23.2
20
121.05
10
20.45
20
121.05
0
LINE
5
35E
330
6
100
AcDbEntity
8
Solar modules
100
AcDbLine
10
21.825
20
118.5
30
0
11
21.825
21
121.05
31
0
0
LWPOLYLINE
5
35F
330
6
100
AcDbEntity
8
Solar modules
100
AcDbPolyline
90
4
70
1
38
0
10
23.9
20
118.5
10
26.65
20
118.5
10
26.65
20
121.05
10
23.9
20
121.05
0
LINE
5
360
330
6
100
AcDbEntity
8
Solar modules
100
AcDbLine
10
25.275
20
118.5
30
0
11
25.275
21
121.05
31
0
0
LWPOLYLINE
5
361
330
6
100
AcDbEntity
8
Solar modules
100
AcDbPolyline
90
4
70
1
38
0
10
27.35
20
118.5
10
30.1
20
118.5
10
30.1
20
121.05
10
27.35
20
121.05
0
LINE
5
362
330
6
100
AcDbEntity
8
Solar modules
100
AcDbLine
10
28.725
20
118.5
30
0
11
28.725
21
121.05
31
0
0
LWPOLYLINE
5
363
330
6
100
AcDbEntity
8
Solar modules
100
AcDbPolyline
90
4
70
1
38
0
10
30.8
20
118.5
10
33.55
20
118.5
10
33.55
20
121.05
10
30.8
20
121.05
0
LINE
5
364
330
6
100
AcDbEntity
8
Solar modules
100
AcDbLine
10
32.175
20
118.5
30
0
11
32.175
21
121.05
31
0
0
LWPOLYLINE
5
365
330
6
100
AcDbEntity
8
Solar modules
100
AcDbPolyline
90
4
70
1
38
0
10
34.25
20
118.5
10
37
20
118.5
10
37
20
121.05
10
34.25
20
121.05
0
LINE
5
366
330
6
100
AcDbEntity
8
Solar modules
100
AcDbLine
10
35.625
20
118.5
30
0
11
35.625
21
121.05
31
0
0
LWPOLYLINE
5
367
330
6
100
AcDbEntity
8
Solar modules
100
AcDbPolyline
90
4
70
1
38
0
10
37.7
20
118.5
10
40.45
20
118.5
10
40.45
20
121.05
10
37.7
20
121.05
0
LINE
5
368
330
6
100
AcDbEntity
8
Solar modules
100
AcDbLine
10
39.075
20
118.5
30
0
11
39.075
21
121.05
31
0
0
LWPOLYLINE
5
369
330
6
100
AcDbEntity
8
Solar modules
100
AcDbPolyline
90
4
70
1
38
0
10
41.150000000000006
20
118.5
10
43.900000000000006
20
118.5
10
43.900000000000006
20
121.05
10
41.150000000000006
20
121.05
0
LINE
5
36A
330
6
100
AcDbEntity
8
Solar modules
100
AcDbLine
10
42.525000000000006
20
118.5
30
0
11
42.525000000000006
21
121.05
31
0
0
LWPOLYLINE
5
36B
330
6
100
AcDbEntity
8
Solar modules
100
AcDbPolyline
90
4
70
1
38
0
10
44.6
20
118.5
10
47.35
20
118.5
10
47.35
20
121.05
10
44.6
20
121.05
0
LINE
5
36C
330
6
100
AcDbEntity
8
Solar modules
100
AcDbLine
10
45.975
20
118.5
30
0
11
45.975
21
121.05
31
0
0
LWPOLYLINE
5
36D
330
6
100
AcDbEntity
8
Solar modules
100
AcDbPolyline
90
4
70
1
38
0
10
48.05
20
118.5
10
50.8
20
118.5
10
50.8
20
121.05
10
48.05
20
121.05
0
LINE
5
36E
330
6
100
AcDbEntity
8
Solar modules
100
AcDbLine
10
49.425
20
118.5
30
0
11
49.425
21
121.05
31
0
0
LWPOLYLINE
5
36F
330
6
100
AcDbEntity
8
Solar modules
100
AcDbPolyline
90
4
70
1
38
0
10
51.5
20
118.5
10
54.25
20
118.5
10
54.25
20
121.05
10
51.5
20
121.05
0
LINE
5
370
330
6
100
AcDbEntity
8
Solar modules
100
AcDbLine
10
52.875
20
118.5
30
0
11
52.875
21
121.05
31
0
0
LWPOLYLINE
5
371
330
6
100
AcDbEntity
8
Solar modules
100
AcDbPolyline
90
4
70
1
38
0
10
54.95
20
118.5
10
57.7
20
118.5
10
57.7
20
121.05
10
54.95
20
121.05
0
LINE
5
372
330
6
100
AcDbEntity
8
Solar modules
100
AcDbLine
10
56.325
20
118.5
30
0
11
56.325
21
121.05
31
0
0
LWPOLYLINE
5
373
330
6
100
AcDbEntity
8
Solar modules
100
AcDbPolyline
90
4
70
1
38
0
10
58.400000000000006
20
118.5
10
61.150000000000006
20
118.5
10
61.150000000000006
20
121.05
10
58.400000000000006
20
121.05
0
LINE
5
374
330
6
100
AcDbEntity
8
Solar modules
100
AcDbLine
10
59.775000000000006
20
118.5
30
0
11
59.775000000000006
21
121.05
31
0
0
LWPOLYLINE
5
375
330
6
100
AcDbEntity
8
Solar modules
100
AcDbPolyline
90
4
70
1
38
0
10
61.85
20
118.5
10
64.6
20
118.5
10
64.6
20
121.05
10
61.85
20
121.05
0
LINE
5
376
330
6
100
AcDbEntity
8
Solar modules
100
AcDbLine
10
63.225
20
118.5
30
0
11
63.225
21
121.05
31
0
0
LWPOLYLINE
5
377
330
6
100
AcDbEntity
8
Solar modules
100
AcDbPolyline
90
4
70
1
38
0
10
65.30000000000001
20
118.5
10
68.05000000000001
20
118.5
10
68.05000000000001
20
121.05
10
65.30000000000001
20
121.05
0
LINE
5
378
330
6
100
AcDbEntity
8
Solar modules
100
AcDbLine
10
66.67500000000001
20
118.5
30
0
11
66.67500000000001
21
121.05
31
0
0
LWPOLYLINE
5
379
330
6
100
AcDbEntity
8
Solar modules
100
AcDbPolyline
90
4
70
1
38
0
10
68.75
20
118.5
10
71.5
20
118.5
10
71.5
20
121.05
10
68.75
20
121.05
0
LINE
5
37A
330
6
100
AcDbEntity
8
Solar modules
100
AcDbLine
10
70.125
20
118.5
30
0
11
70.125
21
121.05
31
0
0
LWPOLYLINE
5
37B
330
6
100
AcDbEntity
8
Solar modules
100
AcDbPolyline
90
4
70
1
38
0
10
72.2
20
118.5
10
74.95
20
118.5
10
74.95
20
121.05
10
72.2
20
121.05
0
LINE
5
37C
330
6
100
AcDbEntity
8
Solar modules
100
AcDbLine
10
73.575
20
118.5
30
0
11
73.575
21
121.05
31
0
0
LWPOLYLINE
5
37D
330
6
100
AcDbEntity
8
Solar modules
100
AcDbPolyline
90
4
70
1
38
0
10
75.65
20
118.5
10
78.4
20
118.5
10
78.4
20
121.05
10
75.65
20
121.05
0
LINE
5
37E
330
6
100
AcDbEntity
8
Solar modules
100
AcDbLine
10
77.025
20
118.5
30
0
11
77.025
21
121.05
31
0
0
LWPOLYLINE
5
37F
330
6
100
AcDbEntity
8
Solar modules
100
AcDbPolyline
90
4
70
1
38
0
10
79.1
20
118.5
10
81.85
20
118.5
10
81.85
20
121.05
10
79.1
20
121.05
0
LINE
5
380
330
6
100
AcDbEntity
8
Solar modules
100
AcDbLine
10
80.475
20
118.5
30
0
11
80.475
21
121.05
31
0
0
LWPOLYLINE
5
381
330
6
100
AcDbEntity
8
Solar modules
100
AcDbPolyline
90
4
70
1
38
0
10
82.55
20
118.5
10
85.3
20
118.5
10
85.3
20
121.05
10
82.55
20
121.05
0
LINE
5
382
330
6
100
AcDbEntity
8
Solar modules
100
AcDbLine
10
83.925
20
118.5
30
0
11
83.925
21
121.05
31
0
0
LWPOLYLINE
5
383
330
6
100
AcDbEntity
8
Solar modules
100
AcDbPolyline
90
4
70
1
38
0
10
86
20
118.5
10
88.75
20
118.5
10
88.75
20
121.05
10
86
20
121.05
0
LINE
5
384
330
6
100
AcDbEntity
8
Solar modules
100
AcDbLine
10
87.375
20
118.5
30
0
11
87.375
21
121.05
31
0
0
LWPOLYLINE
5
385
330
6
100
AcDbEntity
8
Solar modules
100
AcDbPolyline
90
4
70
1
38
0
10
89.45
20
118.5
10
92.2
20
118.5
10
92.2
20
121.05
10
89.45
20
121.05
0
LINE
5
386
330
6
100
AcDbEntity
8
Solar modules
100
AcDbLine
10
90.825
20
118.5
30
0
11
90.825
21
121.05
31
0
0
LWPOLYLINE
5
387
330
6
100
AcDbEntity
8
Solar modules
100
AcDbPolyline
90
4
70
1
38
0
10
92.9
20
118.5
10
95.65
20
118.5
10
95.65
20
121.05
10
92.9
20
121.05
0
LINE
5
388
330
6
100
AcDbEntity
8
Solar modules
100
AcDbLine
10
94.275
20
118.5
30
0
11
94.275
21
121.05
31
0
0
LWPOLYLINE
5
389
330
6
100
AcDbEntity
8
Solar modules
100
AcDbPolyline
90
4
70
1
38
0
10
96.35000000000001
20
118.5
10
99.10000000000001
20
118.5
10
99.10000000000001
20
121.05
10
96.35000000000001
20
121.05
0
LINE
5
38A
330
6
100
AcDbEntity
8
Solar modules
100
AcDbLine
10
97.72500000000001
20
118.5
30
0
11
97.72500000000001
21
121.05
31
0
0
LWPOLYLINE
5
38B
330
6
100
AcDbEntity
8
Solar modules
100
AcDbPolyline
90
4
70
1
38
0
10
99.80000000000001
20
118.5
10
102.55000000000001
20
118.5
10
102.55000000000001
20
121.05
10
99.80000000000001
20
121.05
0
LINE
5
38C
330
6
100
AcDbEntity
8
Solar modules
100
AcDbLine
10
101.17500000000001
20
118.5
30
0
11
101.17500000000001
21
121.05
31
0
0
LWPOLYLINE
5
38D
330
6
100
AcDbEntity
8
Solar modules
100
AcDbPolyline
90
4
70
1
38
0
10
103.25
20
118.5
10
106
20
118.5
10
106
20
121.05
10
103.25
20
121.05
0
LINE
5
38E
330
6
100
AcDbEntity
8
Solar modules
100
AcDbLine
10
104.625
20
118.5
30
0
11
104.625
21
121.05
31
0
0
LWPOLYLINE
5
38F
330
6
100
AcDbEntity
8
Solar modules
100
AcDbPolyline
90
4
70
1
38
0
10
106.7
20
118.5
10
109.45
20
118.5
10
109.45
20
121.05
10
106.7
20
121.05
0
LINE
5
390
330
6
100
AcDbEntity
8
Solar modules
100
AcDbLine
10
108.075
20
118.5
30
0
11
108.075
21
121.05
31
0
0
LWPOLYLINE
5
391
330
6
100
AcDbEntity
8
Solar modules
100
AcDbPolyline
90
4
70
1
38
0
10
110.15
20
118.5
10
112.9
20
118.5
10
112.9
20
121.05
10
110.15
20
121.05
0
LINE
5
392
330
6
100
AcDbEntity
8
Solar modules
100
AcDbLine
10
111.525
20
118.5
30
0
11
111.525
21
121.05
31
0
0
LWPOLYLINE
5
393
330
6
100
AcDbEntity
8
Solar modules
100
AcDbPolyline
90
4
70
1
38
0
10
17
20
122.15
10
19.75
20
122.15
10
19.75
20
124.7
10
17
20
124.7
0
LINE
5
394
330
6
100
AcDbEntity
8
Solar modules
100
AcDbLine
10
18.375
20
122.15
30
0
11
18.375
21
124.7
31
0
0
LWPOLYLINE
5
395
330
6
100
AcDbEntity
8
Solar modules
100
AcDbPolyline
90
4
70
1
38
0
10
20.45
20
122.15
10
23.2
20
122.15
10
23.2
20
124.7
10
20.45
20
124.7
0
LINE
5
396
330
6
100
AcDbEntity
8
Solar modules
100
AcDbLine
10
21.825
20
122.15
30
0
11
21.825
21
124.7
31
0
0
LWPOLYLINE
5
397
330
6
100
AcDbEntity
8
Solar modules
100
AcDbPolyline
90
4
70
1
38
0
10
23.9
20
122.15
10
26.65
20
122.15
10
26.65
20
124.7
10
23.9
20
124.7
0
LINE
5
398
330
6
100
AcDbEntity
8
Solar modules
100
AcDbLine
10
25.275
20
122.15
30
0
11
25.275
21
124.7
31
0
0
LWPOLYLINE
5
399
330
6
100
AcDbEntity
8
Solar modules
100
AcDbPolyline
90
4
70
1
38
0
10
27.35
20
122.15
10
30.1
20
122.15
10
30.1
20
124.7
10
27.35
20
124.7
0
LINE
5
39A
330
6
100
AcDbEntity
8
Solar modules
100
AcDbLine
10
28.725
20
122.15
30
0
11
28.725
21
124.7
31
0
0
LWPOLYLINE
5
39B
330
6
100
AcDbEntity
8
Solar modules
100
AcDbPolyline
90
4
70
1
38
0
10
30.8
20
122.15
10
33.55
20
122.15
10
33.55
20
124.7
10
30.8
20
124.7
0
LINE
5
39C
330
6
100
AcDbEntity
8
Solar modules
100
AcDbLine
10
32.175
20
122.15
30
0
11
32.175
21
124.7
31
0
0
LWPOLYLINE
5
39D
330
6
100
AcDbEntity
8
Solar modules
100
AcDbPolyline
90
4
70
1
38
0
10
34.25
20
122.15
10
37
20
122.15
10
37
20
124.7
10
34.25
20
124.7
0
LINE
5
39E
330
6
100
AcDbEntity
8
Solar modules
100
AcDbLine
10
35.625
20
122.15
30
0
11
35.625
21
124.7
31
0
0
LWPOLYLINE
5
39F
330
6
100
AcDbEntity
8
Solar modules
100
AcDbPolyline
90
4
70
1
38
0
10
37.7
20
122.15
10
40.45
20
122.15
10
40.45
20
124.7
10
37.7
20
124.7
0
LINE
5
3A0
330
6
100
AcDbEntity
8
Solar modules
100
AcDbLine
10
39.075
20
122.15
30
0
11
39.075
21
124.7
31
0
0
LWPOLYLINE
5
3A1
330
6
100
AcDbEntity
8
Solar modules
100
AcDbPolyline
90
4
70
1
38
0
10
41.150000000000006
20
122.15
10
43.900000000000006
20
122.15
10
43.900000000000006
20
124.7
10
41.150000000000006
20
124.7
0
LINE
5
3A2
330
6
100
AcDbEntity
8
Solar modules
100
AcDbLine
10
42.525000000000006
20
122.15
30
0
11
42.525000000000006
21
124.7
31
0
0
LWPOLYLINE
5
3A3
330
6
100
AcDbEntity
8
Solar modules
100
AcDbPolyline
90
4
70
1
38
0
10
44.6
20
122.15
10
47.35
20
122.15
10
47.35
20
124.7
10
44.6
20
124.7
0
LINE
5
3A4
330
6
100
AcDbEntity
8
Solar modules
100
AcDbLine
10
45.975
20
122.15
30
0
11
45.975
21
124.7
31
0
0
LWPOLYLINE
5
3A5
330
6
100
AcDbEntity
8
Solar modules
100
AcDbPolyline
90
4
70
1
38
0
10
48.05
20
122.15
10
50.8
20
122.15
10
50.8
20
124.7
10
48.05
20
124.7
0
LINE
5
3A6
330
6
100
AcDbEntity
8
Solar modules
100
AcDbLine
10
49.425
20
122.15
30
0
11
49.425
21
124.7
31
0
0
LWPOLYLINE
5
3A7
330
6
100
AcDbEntity
8
Solar modules
100
AcDbPolyline
90
4
70
1
38
0
10
51.5
20
122.15
10
54.25
20
122.15
10
54.25
20
124.7
10
51.5
20
124.7
0
LINE
5
3A8
330
6
100
AcDbEntity
8
Solar modules
100
AcDbLine
10
52.875
20
122.15
30
0
11
52.875
21
124.7
31
0
0
LWPOLYLINE
5
3A9
330
6
100
AcDbEntity
8
Solar modules
100
AcDbPolyline
90
4
70
1
38
0
10
54.95
20
122.15
10
57.7
20
122.15
10
57.7
20
124.7
10
54.95
20
124.7
0
LINE
5
3AA
330
6
100
AcDbEntity
8
Solar modules
100
AcDbLine
10
56.325
20
122.15
30
0
11
56.325
21
124.7
31
0
0
LWPOLYLINE
5
3AB
330
6
100
AcDbEntity
8
Solar modules
100
AcDbPolyline
90
4
70
1
38
0
10
58.400000000000006
20
122.15
10
61.150000000000006
20
122.15
10
61.150000000000006
20
124.7
10
58.400000000000006
20
124.7
0
LINE
5
3AC
330
6
100
AcDbEntity
8
Solar modules
100
AcDbLine
10
59.775000000000006
20
122.15
30
0
11
59.775000000000006
21
124.7
31
0
0
LWPOLYLINE
5
3AD
330
6
100
AcDbEntity
8
Solar modules
100
AcDbPolyline
90
4
70
1
38
0
10
61.85
20
122.15
10
64.6
20
122.15
10
64.6
20
124.7
10
61.85
20
124.7
0
LINE
5
3AE
330
6
100
AcDbEntity
8
Solar modules
100
AcDbLine
10
63.225
20
122.15
30
0
11
63.225
21
124.7
31
0
0
LWPOLYLINE
5
3AF
330
6
100
AcDbEntity
8
Solar modules
100
AcDbPolyline
90
4
70
1
38
0
10
65.30000000000001
20
122.15
10
68.05000000000001
20
122.15
10
68.05000000000001
20
124.7
10
65.30000000000001
20
124.7
0
LINE
5
3B0
330
6
100
AcDbEntity
8
Solar modules
100
AcDbLine
10
66.67500000000001
20
122.15
30
0
11
66.67500000000001
21
124.7
31
0
0
LWPOLYLINE
5
3B1
330
6
100
AcDbEntity
8
Solar modules
100
AcDbPolyline
90
4
70
1
38
0
10
68.75
20
122.15
10
71.5
20
122.15
10
71.5
20
124.7
10
68.75
20
124.7
0
LINE
5
3B2
330
6
100
AcDbEntity
8
Solar modules
100
AcDbLine
10
70.125
20
122.15
30
0
11
70.125
21
124.7
31
0
0
LWPOLYLINE
5
3B3
330
6
100
AcDbEntity
8
Solar modules
100
AcDbPolyline
90
4
70
1
38
0
10
72.2
20
122.15
10
74.95
20
122.15
10
74.95
20
124.7
10
72.2
20
124.7
0
LINE
5
3B4
330
6
100
AcDbEntity
8
Solar modules
100
AcDbLine
10
73.575
20
122.15
30
0
11
73.575
21
124.7
31
0
0
LWPOLYLINE
5
3B5
330
6
100
AcDbEntity
8
Solar modules
100
AcDbPolyline
90
4
70
1
38
0
10
75.65
20
122.15
10
78.4
20
122.15
10
78.4
20
124.7
10
75.65
20
124.7
0
LINE
5
3B6
330
6
100
AcDbEntity
8
Solar modules
100
AcDbLine
10
77.025
20
122.15
30
0
11
77.025
21
124.7
31
0
0
LWPOLYLINE
5
3B7
330
6
100
AcDbEntity
8
Solar modules
100
AcDbPolyline
90
4
70
1
38
0
10
79.1
20
122.15
10
81.85
20
122.15
10
81.85
20
124.7
10
79.1
20
124.7
0
LINE
5
3B8
330
6
100
AcDbEntity
8
Solar modules
100
AcDbLine
10
80.475
20
122.15
30
0
11
80.475
21
124.7
31
0
0
LWPOLYLINE
5
3B9
330
6
100
AcDbEntity
8
Solar modules
100
AcDbPolyline
90
4
70
1
38
0
10
82.55
20
122.15
10
85.3
20
122.15
10
85.3
20
124.7
10
82.55
20
124.7
0
LINE
5
3BA
330
6
100
AcDbEntity
8
Solar modules
100
AcDbLine
10
83.925
20
122.15
30
0
11
83.925
21
124.7
31
0
0
LWPOLYLINE
5
3BB
330
6
100
AcDbEntity
8
Solar modules
100
AcDbPolyline
90
4
70
1
38
0
10
86
20
122.15
10
88.75
20
122.15
10
88.75
20
124.7
10
86
20
124.7
0
LINE
5
3BC
330
6
100
AcDbEntity
8
Solar modules
100
AcDbLine
10
87.375
20
122.15
30
0
11
87.375
21
124.7
31
0
0
LWPOLYLINE
5
3BD
330
6
100
AcDbEntity
8
Solar modules
100
AcDbPolyline
90
4
70
1
38
0
10
89.45
20
122.15
10
92.2
20
122.15
10
92.2
20
124.7
10
89.45
20
124.7
0
LINE
5
3BE
330
6
100
AcDbEntity
8
Solar modules
100
AcDbLine
10
90.825
20
122.15
30
0
11
90.825
21
124.7
31
0
0
LWPOLYLINE
5
3BF
330
6
100
AcDbEntity
8
Solar modules
100
AcDbPolyline
90
4
70
1
38
0
10
92.9
20
122.15
10
95.65
20
122.15
10
95.65
20
124.7
10
92.9
20
124.7
0
LINE
5
3C0
330
6
100
AcDbEntity
8
Solar modules
100
AcDbLine
10
94.275
20
122.15
30
0
11
94.275
21
124.7
31
0
0
LWPOLYLINE
5
3C1
330
6
100
AcDbEntity
8
Solar modules
100
AcDbPolyline
90
4
70
1
38
0
10
96.35000000000001
20
122.15
10
99.10000000000001
20
122.15
10
99.10000000000001
20
124.7
10
96.35000000000001
20
124.7
0
LINE
5
3C2
330
6
100
AcDbEntity
8
Solar modules
100
AcDbLine
10
97.72500000000001
20
122.15
30
0
11
97.72500000000001
21
124.7
31
0
0
LWPOLYLINE
5
3C3
330
6
100
AcDbEntity
8
Solar modules
100
AcDbPolyline
90
4
70
1
38
0
10
99.80000000000001
20
122.15
10
102.55000000000001
20
122.15
10
102.55000000000001
20
124.7
10
99.80000000000001
20
124.7
0
LINE
5
3C4
330
6
100
AcDbEntity
8
Solar modules
100
AcDbLine
10
101.17500000000001
20
122.15
30
0
11
101.17500000000001
21
124.7
31
0
0
LWPOLYLINE
5
3C5
330
6
100
AcDbEntity
8
Solar modules
100
AcDbPolyline
90
4
70
1
38
0
10
103.25
20
122.15
10
106
20
122.15
10
106
20
124.7
10
103.25
20
124.7
0
LINE
5
3C6
330
6
100
AcDbEntity
8
Solar modules
100
AcDbLine
10
104.625
20
122.15
30
0
11
104.625
21
124.7
31
0
0
LWPOLYLINE
5
3C7
330
6
100
AcDbEntity
8
Solar modules
100
AcDbPolyline
90
4
70
1
38
0
10
106.7
20
122.15
10
109.45
20
122.15
10
109.45
20
124.7
10
106.7
20
124.7
0
LINE
5
3C8
330
6
100
AcDbEntity
8
Solar modules
100
AcDbLine
10
108.075
20
122.15
30
0
11
108.075
21
124.7
31
0
0
LWPOLYLINE
5
3C9
330
6
100
AcDbEntity
8
Solar modules
100
AcDbPolyline
90
4
70
1
38
0
10
110.15
20
122.15
10
112.9
20
122.15
10
112.9
20
124.7
10
110.15
20
124.7
0
LINE
5
3CA
330
6
100
AcDbEntity
8
Solar modules
100
AcDbLine
10
111.525
20
122.15
30
0
11
111.525
21
124.7
31
0
0
LWPOLYLINE
5
3CB
330
6
100
AcDbEntity
8
Solar modules
100
AcDbPolyline
90
4
70
1
38
0
10
17
20
125.8
10
19.75
20
125.8
10
19.75
20
128.35
10
17
20
128.35
0
LINE
5
3CC
330
6
100
AcDbEntity
8
Solar modules
100
AcDbLine
10
18.375
20
125.8
30
0
11
18.375
21
128.35
31
0
0
LWPOLYLINE
5
3CD
330
6
100
AcDbEntity
8
Solar modules
100
AcDbPolyline
90
4
70
1
38
0
10
20.45
20
125.8
10
23.2
20
125.8
10
23.2
20
128.35
10
20.45
20
128.35
0
LINE
5
3CE
330
6
100
AcDbEntity
8
Solar modules
100
AcDbLine
10
21.825
20
125.8
30
0
11
21.825
21
128.35
31
0
0
LWPOLYLINE
5
3CF
330
6
100
AcDbEntity
8
Solar modules
100
AcDbPolyline
90
4
70
1
38
0
10
23.9
20
125.8
10
26.65
20
125.8
10
26.65
20
128.35
10
23.9
20
128.35
0
LINE
5
3D0
330
6
100
AcDbEntity
8
Solar modules
100
AcDbLine
10
25.275
20
125.8
30
0
11
25.275
21
128.35
31
0
0
LWPOLYLINE
5
3D1
330
6
100
AcDbEntity
8
Solar modules
100
AcDbPolyline
90
4
70
1
38
0
10
27.35
20
125.8
10
30.1
20
125.8
10
30.1
20
128.35
10
27.35
20
128.35
0
LINE
5
3D2
330
6
100
AcDbEntity
8
Solar modules
100
AcDbLine
10
28.725
20
125.8
30
0
11
28.725
21
128.35
31
0
0
LWPOLYLINE
5
3D3
330
6
100
AcDbEntity
8
Solar modules
100
AcDbPolyline
90
4
70
1
38
0
10
30.8
20
125.8
10
33.55
20
125.8
10
33.55
20
128.35
10
30.8
20
128.35
0
LINE
5
3D4
330
6
100
AcDbEntity
8
Solar modules
100
AcDbLine
10
32.175
20
125.8
30
0
11
32.175
21
128.35
31
0
0
LWPOLYLINE
5
3D5
330
6
100
AcDbEntity
8
Solar modules
100
AcDbPolyline
90
4
70
1
38
0
10
34.25
20
125.8
10
37
20
125.8
10
37
20
128.35
10
34.25
20
128.35
0
LINE
5
3D6
330
6
100
AcDbEntity
8
Solar modules
100
AcDbLine
10
35.625
20
125.8
30
0
11
35.625
21
128.35
31
0
0
LWPOLYLINE
5
3D7
330
6
100
AcDbEntity
8
Solar modules
100
AcDbPolyline
90
4
70
1
38
0
10
37.7
20
125.8
10
40.45
20
125.8
10
40.45
20
128.35
10
37.7
20
128.35
0
LINE
5
3D8
330
6
100
AcDbEntity
8
Solar modules
100
AcDbLine
10
39.075
20
125.8
30
0
11
39.075
21
128.35
31
0
0
LWPOLYLINE
5
3D9
330
6
100
AcDbEntity
8
Solar modules
100
AcDbPolyline
90
4
70
1
38
0
10
41.150000000000006
20
125.8
10
43.900000000000006
20
125.8
10
43.900000000000006
20
128.35
10
41.150000000000006
20
128.35
0
LINE
5
3DA
330
6
100
AcDbEntity
8
Solar modules
100
AcDbLine
10
42.525000000000006
20
125.8
30
0
11
42.525000000000006
21
128.35
31
0
0
LWPOLYLINE
5
3DB
330
6
100
AcDbEntity
8
Solar modules
100
AcDbPolyline
90
4
70
1
38
0
10
44.6
20
125.8
10
47.35
20
125.8
10
47.35
20
128.35
10
44.6
20
128.35
0
LINE
5
3DC
330
6
100
AcDbEntity
8
Solar modules
100
AcDbLine
10
45.975
20
125.8
30
0
11
45.975
21
128.35
31
0
0
LWPOLYLINE
5
3DD
330
6
100
AcDbEntity
8
Solar modules
100
AcDbPolyline
90
4
70
1
38
0
10
48.05
20
125.8
10
50.8
20
125.8
10
50.8
20
128.35
10
48.05
20
128.35
0
LINE
5
3DE
330
6
100
AcDbEntity
8
Solar modules
100
AcDbLine
10
49.425
20
125.8
30
0
11
49.425
21
128.35
31
0
0
LWPOLYLINE
5
3DF
330
6
100
AcDbEntity
8
Solar modules
100
AcDbPolyline
90
4
70
1
38
0
10
51.5
20
125.8
10
54.25
20
125.8
10
54.25
20
128.35
10
51.5
20
128.35
0
LINE
5
3E0
330
6
100
AcDbEntity
8
Solar modules
100
AcDbLine
10
52.875
20
125.8
30
0
11
52.875
21
128.35
31
0
0
LWPOLYLINE
5
3E1
330
6
100
AcDbEntity
8
Solar modules
100
AcDbPolyline
90
4
70
1
38
0
10
54.95
20
125.8
10
57.7
20
125.8
10
57.7
20
128.35
10
54.95
20
128.35
0
LINE
5
3E2
330
6
100
AcDbEntity
8
Solar modules
100
AcDbLine
10
56.325
20
125.8
30
0
11
56.325
21
128.35
31
0
0
LWPOLYLINE
5
3E3
330
6
100
AcDbEntity
8
Solar modules
100
AcDbPolyline
90
4
70
1
38
0
10
58.400000000000006
20
125.8
10
61.150000000000006
20
125.8
10
61.150000000000006
20
128.35
10
58.400000000000006
20
128.35
0
LINE
5
3E4
330
6
100
AcDbEntity
8
Solar modules
100
AcDbLine
10
59.775000000000006
20
125.8
30
0
11
59.775000000000006
21
128.35
31
0
0
LWPOLYLINE
5
3E5
330
6
100
AcDbEntity
8
Solar modules
100
AcDbPolyline
90
4
70
1
38
0
10
61.85
20
125.8
10
64.6
20
125.8
10
64.6
20
128.35
10
61.85
20
128.35
0
LINE
5
3E6
330
6
100
AcDbEntity
8
Solar modules
100
AcDbLine
10
63.225
20
125.8
30
0
11
63.225
21
128.35
31
0
0
LWPOLYLINE
5
3E7
330
6
100
AcDbEntity
8
Solar modules
100
AcDbPolyline
90
4
70
1
38
0
10
65.30000000000001
20
125.8
10
68.05000000000001
20
125.8
10
68.05000000000001
20
128.35
10
65.30000000000001
20
128.35
0
LINE
5
3E8
330
6
100
AcDbEntity
8
Solar modules
100
AcDbLine
10
66.67500000000001
20
125.8
30
0
11
66.67500000000001
21
128.35
31
0
0
LWPOLYLINE
5
3E9
330
6
100
AcDbEntity
8
Solar modules
100
AcDbPolyline
90
4
70
1
38
0
10
68.75
20
125.8
10
71.5
20
125.8
10
71.5
20
128.35
10
68.75
20
128.35
0
LINE
5
3EA
330
6
100
AcDbEntity
8
Solar modules
100
AcDbLine
10
70.125
20
125.8
30
0
11
70.125
21
128.35
31
0
0
LWPOLYLINE
5
3EB
330
6
100
AcDbEntity
8
Solar modules
100
AcDbPolyline
90
4
70
1
38
0
10
72.2
20
125.8
10
74.95
20
125.8
10
74.95
20
128.35
10
72.2
20
128.35
0
LINE
5
3EC
330
6
100
AcDbEntity
8
Solar modules
100
AcDbLine
10
73.575
20
125.8
30
0
11
73.575
21
128.35
31
0
0
LWPOLYLINE
5
3ED
330
6
100
AcDbEntity
8
Solar modules
100
AcDbPolyline
90
4
70
1
38
0
10
75.65
20
125.8
10
78.4
20
125.8
10
78.4
20
128.35
10
75.65
20
128.35
0
LINE
5
3EE
330
6
100
AcDbEntity
8
Solar modules
100
AcDbLine
10
77.025
20
125.8
30
0
11
77.025
21
128.35
31
0
0
LWPOLYLINE
5
3EF
330
6
100
AcDbEntity
8
Solar modules
100
AcDbPolyline
90
4
70
1
38
0
10
79.1
20
125.8
10
81.85
20
125.8
10
81.85
20
128.35
10
79.1
20
128.35
0
LINE
5
3F0
330
6
100
AcDbEntity
8
Solar modules
100
AcDbLine
10
80.475
20
125.8
30
0
11
80.475
21
128.35
31
0
0
LWPOLYLINE
5
3F1
330
6
100
AcDbEntity
8
Solar modules
100
AcDbPolyline
90
4
70
1
38
0
10
82.55
20
125.8
10
85.3
20
125.8
10
85.3
20
128.35
10
82.55
20
128.35
0
LINE
5
3F2
330
6
100
AcDbEntity
8
Solar modules
100
AcDbLine
10
83.925
20
125.8
30
0
11
83.925
21
128.35
31
0
0
LWPOLYLINE
5
3F3
330
6
100
AcDbEntity
8
Solar modules
100
AcDbPolyline
90
4
70
1
38
0
10
86
20
125.8
10
88.75
20
125.8
10
88.75
20
128.35
10
86
20
128.35
0
LINE
5
3F4
330
6
100
AcDbEntity
8
Solar modules
100
AcDbLine
10
87.375
20
125.8
30
0
11
87.375
21
128.35
31
0
0
LWPOLYLINE
5
3F5
330
6
100
AcDbEntity
8
Solar modules
100
AcDbPolyline
90
4
70
1
38
0
10
89.45
20
125.8
10
92.2
20
125.8
10
92.2
20
128.35
10
89.45
20
128.35
0
LINE
5
3F6
330
6
100
AcDbEntity
8
Solar modules
100
AcDbLine
10
90.825
20
125.8
30
0
11
90.825
21
128.35
31
0
0
LWPOLYLINE
5
3F7
330
6
100
AcDbEntity
8
Solar modules
100
AcDbPolyline
90
4
70
1
38
0
10
92.9
20
125.8
10
95.65
20
125.8
10
95.65
20
128.35
10
92.9
20
128.35
0
LINE
5
3F8
330
6
100
AcDbEntity
8
Solar modules
100
AcDbLine
10
94.275
20
125.8
30
0
11
94.275
21
128.35
31
0
0
LWPOLYLINE
5
3F9
330
6
100
AcDbEntity
8
Solar modules
100
AcDbPolyline
90
4
70
1
38
0
10
96.35000000000001
20
125.8
10
99.10000000000001
20
125.8
10
99.10000000000001
20
128.35
10
96.35000000000001
20
128.35
0
LINE
5
3FA
330
6
100
AcDbEntity
8
Solar modules
100
AcDbLine
10
97.72500000000001
20
125.8
30
0
11
97.72500000000001
21
128.35
31
0
0
LWPOLYLINE
5
3FB
330
6
100
AcDbEntity
8
Solar modules
100
AcDbPolyline
90
4
70
1
38
0
10
99.80000000000001
20
125.8
10
102.55000000000001
20
125.8
10
102.55000000000001
20
128.35
10
99.80000000000001
20
128.35
0
LINE
5
3FC
330
6
100
AcDbEntity
8
Solar modules
100
AcDbLine
10
101.17500000000001
20
125.8
30
0
11
101.17500000000001
21
128.35
31
0
0
LWPOLYLINE
5
3FD
330
6
100
AcDbEntity
8
Solar modules
100
AcDbPolyline
90
4
70
1
38
0
10
103.25
20
125.8
10
106
20
125.8
10
106
20
128.35
10
103.25
20
128.35
0
LINE
5
3FE
330
6
100
AcDbEntity
8
Solar modules
100
AcDbLine
10
104.625
20
125.8
30
0
11
104.625
21
128.35
31
0
0
LWPOLYLINE
5
3FF
330
6
100
AcDbEntity
8
Solar modules
100
AcDbPolyline
90
4
70
1
38
0
10
106.7
20
125.8
10
109.45
20
125.8
10
109.45
20
128.35
10
106.7
20
128.35
0
LINE
5
400
330
6
100
AcDbEntity
8
Solar modules
100
AcDbLine
10
108.075
20
125.8
30
0
11
108.075
21
128.35
31
0
0
LWPOLYLINE
5
401
330
6
100
AcDbEntity
8
Solar modules
100
AcDbPolyline
90
4
70
1
38
0
10
110.15
20
125.8
10
112.9
20
125.8
10
112.9
20
128.35
10
110.15
20
128.35
0
LINE
5
402
330
6
100
AcDbEntity
8
Solar modules
100
AcDbLine
10
111.525
20
125.8
30
0
11
111.525
21
128.35
31
0
0
LWPOLYLINE
5
403
330
6
100
AcDbEntity
8
Solar modules
100
AcDbPolyline
90
4
70
1
38
0
10
17
20
129.45
10
19.75
20
129.45
10
19.75
20
132
10
17
20
132
0
LINE
5
404
330
6
100
AcDbEntity
8
Solar modules
100
AcDbLine
10
18.375
20
129.45
30
0
11
18.375
21
132
31
0
0
LWPOLYLINE
5
405
330
6
100
AcDbEntity
8
Solar modules
100
AcDbPolyline
90
4
70
1
38
0
10
20.45
20
129.45
10
23.2
20
129.45
10
23.2
20
132
10
20.45
20
132
0
LINE
5
406
330
6
100
AcDbEntity
8
Solar modules
100
AcDbLine
10
21.825
20
129.45
30
0
11
21.825
21
132
31
0
0
LWPOLYLINE
5
407
330
6
100
AcDbEntity
8
Solar modules
100
AcDbPolyline
90
4
70
1
38
0
10
23.9
20
129.45
10
26.65
20
129.45
10
26.65
20
132
10
23.9
20
132
0
LINE
5
408
330
6
100
AcDbEntity
8
Solar modules
100
AcDbLine
10
25.275
20
129.45
30
0
11
25.275
21
132
31
0
0
LWPOLYLINE
5
409
330
6
100
AcDbEntity
8
Solar modules
100
AcDbPolyline
90
4
70
1
38
0
10
27.35
20
129.45
10
30.1
20
129.45
10
30.1
20
132
10
27.35
20
132
0
LINE
5
40A
330
6
100
AcDbEntity
8
Solar modules
100
AcDbLine
10
28.725
20
129.45
30
0
11
28.725
21
132
31
0
0
LWPOLYLINE
5
40B
330
6
100
AcDbEntity
8
Solar modules
100
AcDbPolyline
90
4
70
1
38
0
10
30.8
20
129.45
10
33.55
20
129.45
10
33.55
20
132
10
30.8
20
132
0
LINE
5
40C
330
6
100
AcDbEntity
8
Solar modules
100
AcDbLine
10
32.175
20
129.45
30
0
11
32.175
21
132
31
0
0
LWPOLYLINE
5
40D
330
6
100
AcDbEntity
8
Solar modules
100
AcDbPolyline
90
4
70
1
38
0
10
34.25
20
129.45
10
37
20
129.45
10
37
20
132
10
34.25
20
132
0
LINE
5
40E
330
6
100
AcDbEntity
8
Solar modules
100
AcDbLine
10
35.625
20
129.45
30
0
11
35.625
21
132
31
0
0
LWPOLYLINE
5
40F
330
6
100
AcDbEntity
8
Solar modules
100
AcDbPolyline
90
4
70
1
38
0
10
37.7
20
129.45
10
40.45
20
129.45
10
40.45
20
132
10
37.7
20
132
0
LINE
5
410
330
6
100
AcDbEntity
8
Solar modules
100
AcDbLine
10
39.075
20
129.45
30
0
11
39.075
21
132
31
0
0
LWPOLYLINE
5
411
330
6
100
AcDbEntity
8
Solar modules
100
AcDbPolyline
90
4
70
1
38
0
10
41.150000000000006
20
129.45
10
43.900000000000006
20
129.45
10
43.900000000000006
20
132
10
41.150000000000006
20
132
0
LINE
5
412
330
6
100
AcDbEntity
8
Solar modules
100
AcDbLine
10
42.525000000000006
20
129.45
30
0
11
42.525000000000006
21
132
31
0
0
LWPOLYLINE
5
413
330
6
100
AcDbEntity
8
Solar modules
100
AcDbPolyline
90
4
70
1
38
0
10
44.6
20
129.45
10
47.35
20
129.45
10
47.35
20
132
10
44.6
20
132
0
LINE
5
414
330
6
100
AcDbEntity
8
Solar modules
100
AcDbLine
10
45.975
20
129.45
30
0
11
45.975
21
132
31
0
0
LWPOLYLINE
5
415
330
6
100
AcDbEntity
8
Solar modules
100
AcDbPolyline
90
4
70
1
38
0
10
48.05
20
129.45
10
50.8
20
129.45
10
50.8
20
132
10
48.05
20
132
0
LINE
5
416
330
6
100
AcDbEntity
8
Solar modules
100
AcDbLine
10
49.425
20
129.45
30
0
11
49.425
21
132
31
0
0
LWPOLYLINE
5
417
330
6
100
AcDbEntity
8
Solar modules
100
AcDbPolyline
90
4
70
1
38
0
10
51.5
20
129.45
10
54.25
20
129.45
10
54.25
20
132
10
51.5
20
132
0
LINE
5
418
330
6
100
AcDbEntity
8
Solar modules
100
AcDbLine
10
52.875
20
129.45
30
0
11
52.875
21
132
31
0
0
LWPOLYLINE
5
419
330
6
100
AcDbEntity
8
Solar modules
100
AcDbPolyline
90
4
70
1
38
0
10
54.95
20
129.45
10
57.7
20
129.45
10
57.7
20
132
10
54.95
20
132
0
LINE
5
41A
330
6
100
AcDbEntity
8
Solar modules
100
AcDbLine
10
56.325
20
129.45
30
0
11
56.325
21
132
31
0
0
LWPOLYLINE
5
41B
330
6
100
AcDbEntity
8
Solar modules
100
AcDbPolyline
90
4
70
1
38
0
10
58.400000000000006
20
129.45
10
61.150000000000006
20
129.45
10
61.150000000000006
20
132
10
58.400000000000006
20
132
0
LINE
5
41C
330
6
100
AcDbEntity
8
Solar modules
100
AcDbLine
10
59.775000000000006
20
129.45
30
0
11
59.775000000000006
21
132
31
0
0
LWPOLYLINE
5
41D
330
6
100
AcDbEntity
8
Solar modules
100
AcDbPolyline
90
4
70
1
38
0
10
61.85
20
129.45
10
64.6
20
129.45
10
64.6
20
132
10
61.85
20
132
0
LINE
5
41E
330
6
100
AcDbEntity
8
Solar modules
100
AcDbLine
10
63.225
20
129.45
30
0
11
63.225
21
132
31
0
0
LWPOLYLINE
5
41F
330
6
100
AcDbEntity
8
Solar modules
100
AcDbPolyline
90
4
70
1
38
0
10
65.30000000000001
20
129.45
10
68.05000000000001
20
129.45
10
68.05000000000001
20
132
10
65.30000000000001
20
132
0
LINE
5
420
330
6
100
AcDbEntity
8
Solar modules
100
AcDbLine
10
66.67500000000001
20
129.45
30
0
11
66.67500000000001
21
132
31
0
0
LWPOLYLINE
5
421
330
6
100
AcDbEntity
8
Solar modules
100
AcDbPolyline
90
4
70
1
38
0
10
68.75
20
129.45
10
71.5
20
129.45
10
71.5
20
132
10
68.75
20
132
0
LINE
5
422
330
6
100
AcDbEntity
8
Solar modules
100
AcDbLine
10
70.125
20
129.45
30
0
11
70.125
21
132
31
0
0
LWPOLYLINE
5
423
330
6
100
AcDbEntity
8
Solar modules
100
AcDbPolyline
90
4
70
1
38
0
10
72.2
20
129.45
10
74.95
20
129.45
10
74.95
20
132
10
72.2
20
132
0
LINE
5
424
330
6
100
AcDbEntity
8
Solar modules
100
AcDbLine
10
73.575
20
129.45
30
0
11
73.575
21
132
31
0
0
LWPOLYLINE
5
425
330
6
100
AcDbEntity
8
Solar modules
100
AcDbPolyline
90
4
70
1
38
0
10
75.65
20
129.45
10
78.4
20
129.45
10
78.4
20
132
10
75.65
20
132
0
LINE
5
426
330
6
100
AcDbEntity
8
Solar modules
100
AcDbLine
10
77.025
20
129.45
30
0
11
77.025
21
132
31
0
0
LWPOLYLINE
5
427
330
6
100
AcDbEntity
8
Solar modules
100
AcDbPolyline
90
4
70
1
38
0
10
79.1
20
129.45
10
81.85
20
129.45
10
81.85
20
132
10
79.1
20
132
0
LINE
5
428
330
6
100
AcDbEntity
8
Solar modules
100
AcDbLine
10
80.475
20
129.45
30
0
11
80.475
21
132
31
0
0
LWPOLYLINE
5
429
330
6
100
AcDbEntity
8
Solar modules
100
AcDbPolyline
90
4
70
1
38
0
10
82.55
20
129.45
10
85.3
20
129.45
10
85.3
20
132
10
82.55
20
132
0
LINE
5
42A
330
6
100
AcDbEntity
8
Solar modules
100
AcDbLine
10
83.925
20
129.45
30
0
11
83.925
21
132
31
0
0
LWPOLYLINE
5
42B
330
6
100
AcDbEntity
8
Solar modules
100
AcDbPolyline
90
4
70
1
38
0
10
86
20
129.45
10
88.75
20
129.45
10
88.75
20
132
10
86
20
132
0
LINE
5
42C
330
6
100
AcDbEntity
8
Solar modules
100
AcDbLine
10
87.375
20
129.45
30
0
11
87.375
21
132
31
0
0
LWPOLYLINE
5
42D
330
6
100
AcDbEntity
8
Solar modules
100
AcDbPolyline
90
4
70
1
38
0
10
89.45
20
129.45
10
92.2
20
129.45
10
92.2
20
132
10
89.45
20
132
0
LINE
5
42E
330
6
100
AcDbEntity
8
Solar modules
100
AcDbLine
10
90.825
20
129.45
30
0
11
90.825
21
132
31
0
0
LWPOLYLINE
5
42F
330
6
100
AcDbEntity
8
Solar modules
100
AcDbPolyline
90
4
70
1
38
0
10
92.9
20
129.45
10
95.65
20
129.45
10
95.65
20
132
10
92.9
20
132
0
LINE
5
430
330
6
100
AcDbEntity
8
Solar modules
100
AcDbLine
10
94.275
20
129.45
30
0
11
94.275
21
132
31
0
0
LWPOLYLINE
5
431
330
6
100
AcDbEntity
8
Solar modules
100
AcDbPolyline
90
4
70
1
38
0
10
96.35000000000001
20
129.45
10
99.10000000000001
20
129.45
10
99.10000000000001
20
132
10
96.35000000000001
20
132
0
LINE
5
432
330
6
100
AcDbEntity
8
Solar modules
100
AcDbLine
10
97.72500000000001
20
129.45
30
0
11
97.72500000000001
21
132
31
0
0
LWPOLYLINE
5
433
330
6
100
AcDbEntity
8
Solar modules
100
AcDbPolyline
90
4
70
1
38
0
10
99.80000000000001
20
129.45
10
102.55000000000001
20
129.45
10
102.55000000000001
20
132
10
99.80000000000001
20
132
0
LINE
5
434
330
6
100
AcDbEntity
8
Solar modules
100
AcDbLine
10
101.17500000000001
20
129.45
30
0
11
101.17500000000001
21
132
31
0
0
LWPOLYLINE
5
435
330
6
100
AcDbEntity
8
Solar modules
100
AcDbPolyline
90
4
70
1
38
0
10
103.25
20
129.45
10
106
20
129.45
10
106
20
132
10
103.25
20
132
0
LINE
5
436
330
6
100
AcDbEntity
8
Solar modules
100
AcDbLine
10
104.625
20
129.45
30
0
11
104.625
21
132
31
0
0
LWPOLYLINE
5
437
330
6
100
AcDbEntity
8
Solar modules
100
AcDbPolyline
90
4
70
1
38
0
10
106.7
20
129.45
10
109.45
20
129.45
10
109.45
20
132
10
106.7
20
132
0
LINE
5
438
330
6
100
AcDbEntity
8
Solar modules
100
AcDbLine
10
108.075
20
129.45
30
0
11
108.075
21
132
31
0
0
LWPOLYLINE
5
439
330
6
100
AcDbEntity
8
Solar modules
100
AcDbPolyline
90
4
70
1
38
0
10
110.15
20
129.45
10
112.9
20
129.45
10
112.9
20
132
10
110.15
20
132
0
LINE
5
43A
330
6
100
AcDbEntity
8
Solar modules
100
AcDbLine
10
111.525
20
129.45
30
0
11
111.525
21
132
31
0
0
LINE
5
43B
330
6
100
AcDbEntity
8
Energy network
100
AcDbLine
10
16
20
83.3
30
0
11
112.8
21
83.3
31
0
0
LINE
5
43C
330
6
100
AcDbEntity
8
Energy network
100
AcDbLine
10
16
20
86.95
30
0
11
112.8
21
86.95
31
0
0
LINE
5
43D
330
6
100
AcDbEntity
8
Energy network
100
AcDbLine
10
16
20
90.6
30
0
11
112.8
21
90.6
31
0
0
LINE
5
43E
330
6
100
AcDbEntity
8
Energy network
100
AcDbLine
10
16
20
94.25
30
0
11
112.8
21
94.25
31
0
0
LINE
5
43F
330
6
100
AcDbEntity
8
Energy network
100
AcDbLine
10
16
20
97.89999999999999
30
0
11
112.8
21
97.89999999999999
31
0
0
LINE
5
440
330
6
100
AcDbEntity
8
Energy network
100
AcDbLine
10
16
20
101.55
30
0
11
112.8
21
101.55
31
0
0
LINE
5
441
330
6
100
AcDbEntity
8
Energy network
100
AcDbLine
10
16
20
105.19999999999999
30
0
11
112.8
21
105.19999999999999
31
0
0
LINE
5
442
330
6
100
AcDbEntity
8
Energy network
100
AcDbLine
10
16
20
108.85
30
0
11
112.8
21
108.85
31
0
0
LINE
5
443
330
6
100
AcDbEntity
8
Energy network
100
AcDbLine
10
16
20
112.5
30
0
11
112.8
21
112.5
31
0
0
LINE
5
444
330
6
100
AcDbEntity
8
Energy network
100
AcDbLine
10
16
20
116.15
30
0
11
112.8
21
116.15
31
0
0
LINE
5
445
330
6
100
AcDbEntity
8
Energy network
100
AcDbLine
10
16
20
119.8
30
0
11
112.8
21
119.8
31
0
0
LINE
5
446
330
6
100
AcDbEntity
8
Energy network
100
AcDbLine
10
16
20
123.44999999999999
30
0
11
112.8
21
123.44999999999999
31
0
0
LINE
5
447
330
6
100
AcDbEntity
8
Energy network
100
AcDbLine
10
16
20
127.1
30
0
11
112.8
21
127.1
31
0
0
LINE
5
448
330
6
100
AcDbEntity
8
Energy network
100
AcDbLine
10
16
20
130.75
30
0
11
112.8
21
130.75
31
0
0
TEXT
5
449
330
6
100
AcDbEntity
8
Annotations
100
AcDbText
10
17
20
138.5
30
0
40
1.35
1
PV ARRAY A  /  392 MODULES
7
STANDARD
100
AcDbText
0
LWPOLYLINE
5
44A
330
6
100
AcDbEntity
8
Energy network
100
AcDbPolyline
90
4
70
1
38
0
10
131
20
80
10
230
20
80
10
230
20
136
10
131
20
136
0
LWPOLYLINE
5
44B
330
6
100
AcDbEntity
8
Solar modules
100
AcDbPolyline
90
4
70
1
38
0
10
133
20
82
10
135.75
20
82
10
135.75
20
84.55
10
133
20
84.55
0
LINE
5
44C
330
6
100
AcDbEntity
8
Solar modules
100
AcDbLine
10
134.375
20
82
30
0
11
134.375
21
84.55
31
0
0
LWPOLYLINE
5
44D
330
6
100
AcDbEntity
8
Solar modules
100
AcDbPolyline
90
4
70
1
38
0
10
136.45
20
82
10
139.2
20
82
10
139.2
20
84.55
10
136.45
20
84.55
0
LINE
5
44E
330
6
100
AcDbEntity
8
Solar modules
100
AcDbLine
10
137.825
20
82
30
0
11
137.825
21
84.55
31
0
0
LWPOLYLINE
5
44F
330
6
100
AcDbEntity
8
Solar modules
100
AcDbPolyline
90
4
70
1
38
0
10
139.9
20
82
10
142.65
20
82
10
142.65
20
84.55
10
139.9
20
84.55
0
LINE
5
450
330
6
100
AcDbEntity
8
Solar modules
100
AcDbLine
10
141.275
20
82
30
0
11
141.275
21
84.55
31
0
0
LWPOLYLINE
5
451
330
6
100
AcDbEntity
8
Solar modules
100
AcDbPolyline
90
4
70
1
38
0
10
143.35
20
82
10
146.1
20
82
10
146.1
20
84.55
10
143.35
20
84.55
0
LINE
5
452
330
6
100
AcDbEntity
8
Solar modules
100
AcDbLine
10
144.725
20
82
30
0
11
144.725
21
84.55
31
0
0
LWPOLYLINE
5
453
330
6
100
AcDbEntity
8
Solar modules
100
AcDbPolyline
90
4
70
1
38
0
10
146.8
20
82
10
149.55
20
82
10
149.55
20
84.55
10
146.8
20
84.55
0
LINE
5
454
330
6
100
AcDbEntity
8
Solar modules
100
AcDbLine
10
148.175
20
82
30
0
11
148.175
21
84.55
31
0
0
LWPOLYLINE
5
455
330
6
100
AcDbEntity
8
Solar modules
100
AcDbPolyline
90
4
70
1
38
0
10
150.25
20
82
10
153
20
82
10
153
20
84.55
10
150.25
20
84.55
0
LINE
5
456
330
6
100
AcDbEntity
8
Solar modules
100
AcDbLine
10
151.625
20
82
30
0
11
151.625
21
84.55
31
0
0
LWPOLYLINE
5
457
330
6
100
AcDbEntity
8
Solar modules
100
AcDbPolyline
90
4
70
1
38
0
10
153.7
20
82
10
156.45
20
82
10
156.45
20
84.55
10
153.7
20
84.55
0
LINE
5
458
330
6
100
AcDbEntity
8
Solar modules
100
AcDbLine
10
155.075
20
82
30
0
11
155.075
21
84.55
31
0
0
LWPOLYLINE
5
459
330
6
100
AcDbEntity
8
Solar modules
100
AcDbPolyline
90
4
70
1
38
0
10
157.15
20
82
10
159.9
20
82
10
159.9
20
84.55
10
157.15
20
84.55
0
LINE
5
45A
330
6
100
AcDbEntity
8
Solar modules
100
AcDbLine
10
158.525
20
82
30
0
11
158.525
21
84.55
31
0
0
LWPOLYLINE
5
45B
330
6
100
AcDbEntity
8
Solar modules
100
AcDbPolyline
90
4
70
1
38
0
10
160.6
20
82
10
163.35
20
82
10
163.35
20
84.55
10
160.6
20
84.55
0
LINE
5
45C
330
6
100
AcDbEntity
8
Solar modules
100
AcDbLine
10
161.975
20
82
30
0
11
161.975
21
84.55
31
0
0
LWPOLYLINE
5
45D
330
6
100
AcDbEntity
8
Solar modules
100
AcDbPolyline
90
4
70
1
38
0
10
164.05
20
82
10
166.8
20
82
10
166.8
20
84.55
10
164.05
20
84.55
0
LINE
5
45E
330
6
100
AcDbEntity
8
Solar modules
100
AcDbLine
10
165.425
20
82
30
0
11
165.425
21
84.55
31
0
0
LWPOLYLINE
5
45F
330
6
100
AcDbEntity
8
Solar modules
100
AcDbPolyline
90
4
70
1
38
0
10
167.5
20
82
10
170.25
20
82
10
170.25
20
84.55
10
167.5
20
84.55
0
LINE
5
460
330
6
100
AcDbEntity
8
Solar modules
100
AcDbLine
10
168.875
20
82
30
0
11
168.875
21
84.55
31
0
0
LWPOLYLINE
5
461
330
6
100
AcDbEntity
8
Solar modules
100
AcDbPolyline
90
4
70
1
38
0
10
170.95
20
82
10
173.7
20
82
10
173.7
20
84.55
10
170.95
20
84.55
0
LINE
5
462
330
6
100
AcDbEntity
8
Solar modules
100
AcDbLine
10
172.325
20
82
30
0
11
172.325
21
84.55
31
0
0
LWPOLYLINE
5
463
330
6
100
AcDbEntity
8
Solar modules
100
AcDbPolyline
90
4
70
1
38
0
10
174.4
20
82
10
177.15
20
82
10
177.15
20
84.55
10
174.4
20
84.55
0
LINE
5
464
330
6
100
AcDbEntity
8
Solar modules
100
AcDbLine
10
175.775
20
82
30
0
11
175.775
21
84.55
31
0
0
LWPOLYLINE
5
465
330
6
100
AcDbEntity
8
Solar modules
100
AcDbPolyline
90
4
70
1
38
0
10
177.85
20
82
10
180.6
20
82
10
180.6
20
84.55
10
177.85
20
84.55
0
LINE
5
466
330
6
100
AcDbEntity
8
Solar modules
100
AcDbLine
10
179.225
20
82
30
0
11
179.225
21
84.55
31
0
0
LWPOLYLINE
5
467
330
6
100
AcDbEntity
8
Solar modules
100
AcDbPolyline
90
4
70
1
38
0
10
181.3
20
82
10
184.05
20
82
10
184.05
20
84.55
10
181.3
20
84.55
0
LINE
5
468
330
6
100
AcDbEntity
8
Solar modules
100
AcDbLine
10
182.675
20
82
30
0
11
182.675
21
84.55
31
0
0
LWPOLYLINE
5
469
330
6
100
AcDbEntity
8
Solar modules
100
AcDbPolyline
90
4
70
1
38
0
10
184.75
20
82
10
187.5
20
82
10
187.5
20
84.55
10
184.75
20
84.55
0
LINE
5
46A
330
6
100
AcDbEntity
8
Solar modules
100
AcDbLine
10
186.125
20
82
30
0
11
186.125
21
84.55
31
0
0
LWPOLYLINE
5
46B
330
6
100
AcDbEntity
8
Solar modules
100
AcDbPolyline
90
4
70
1
38
0
10
188.2
20
82
10
190.95
20
82
10
190.95
20
84.55
10
188.2
20
84.55
0
LINE
5
46C
330
6
100
AcDbEntity
8
Solar modules
100
AcDbLine
10
189.575
20
82
30
0
11
189.575
21
84.55
31
0
0
LWPOLYLINE
5
46D
330
6
100
AcDbEntity
8
Solar modules
100
AcDbPolyline
90
4
70
1
38
0
10
191.65
20
82
10
194.4
20
82
10
194.4
20
84.55
10
191.65
20
84.55
0
LINE
5
46E
330
6
100
AcDbEntity
8
Solar modules
100
AcDbLine
10
193.025
20
82
30
0
11
193.025
21
84.55
31
0
0
LWPOLYLINE
5
46F
330
6
100
AcDbEntity
8
Solar modules
100
AcDbPolyline
90
4
70
1
38
0
10
195.1
20
82
10
197.85
20
82
10
197.85
20
84.55
10
195.1
20
84.55
0
LINE
5
470
330
6
100
AcDbEntity
8
Solar modules
100
AcDbLine
10
196.475
20
82
30
0
11
196.475
21
84.55
31
0
0
LWPOLYLINE
5
471
330
6
100
AcDbEntity
8
Solar modules
100
AcDbPolyline
90
4
70
1
38
0
10
198.55
20
82
10
201.3
20
82
10
201.3
20
84.55
10
198.55
20
84.55
0
LINE
5
472
330
6
100
AcDbEntity
8
Solar modules
100
AcDbLine
10
199.925
20
82
30
0
11
199.925
21
84.55
31
0
0
LWPOLYLINE
5
473
330
6
100
AcDbEntity
8
Solar modules
100
AcDbPolyline
90
4
70
1
38
0
10
202
20
82
10
204.75
20
82
10
204.75
20
84.55
10
202
20
84.55
0
LINE
5
474
330
6
100
AcDbEntity
8
Solar modules
100
AcDbLine
10
203.375
20
82
30
0
11
203.375
21
84.55
31
0
0
LWPOLYLINE
5
475
330
6
100
AcDbEntity
8
Solar modules
100
AcDbPolyline
90
4
70
1
38
0
10
205.45
20
82
10
208.2
20
82
10
208.2
20
84.55
10
205.45
20
84.55
0
LINE
5
476
330
6
100
AcDbEntity
8
Solar modules
100
AcDbLine
10
206.825
20
82
30
0
11
206.825
21
84.55
31
0
0
LWPOLYLINE
5
477
330
6
100
AcDbEntity
8
Solar modules
100
AcDbPolyline
90
4
70
1
38
0
10
208.9
20
82
10
211.65
20
82
10
211.65
20
84.55
10
208.9
20
84.55
0
LINE
5
478
330
6
100
AcDbEntity
8
Solar modules
100
AcDbLine
10
210.275
20
82
30
0
11
210.275
21
84.55
31
0
0
LWPOLYLINE
5
479
330
6
100
AcDbEntity
8
Solar modules
100
AcDbPolyline
90
4
70
1
38
0
10
212.35000000000002
20
82
10
215.10000000000002
20
82
10
215.10000000000002
20
84.55
10
212.35000000000002
20
84.55
0
LINE
5
47A
330
6
100
AcDbEntity
8
Solar modules
100
AcDbLine
10
213.72500000000002
20
82
30
0
11
213.72500000000002
21
84.55
31
0
0
LWPOLYLINE
5
47B
330
6
100
AcDbEntity
8
Solar modules
100
AcDbPolyline
90
4
70
1
38
0
10
215.8
20
82
10
218.55
20
82
10
218.55
20
84.55
10
215.8
20
84.55
0
LINE
5
47C
330
6
100
AcDbEntity
8
Solar modules
100
AcDbLine
10
217.175
20
82
30
0
11
217.175
21
84.55
31
0
0
LWPOLYLINE
5
47D
330
6
100
AcDbEntity
8
Solar modules
100
AcDbPolyline
90
4
70
1
38
0
10
219.25
20
82
10
222
20
82
10
222
20
84.55
10
219.25
20
84.55
0
LINE
5
47E
330
6
100
AcDbEntity
8
Solar modules
100
AcDbLine
10
220.625
20
82
30
0
11
220.625
21
84.55
31
0
0
LWPOLYLINE
5
47F
330
6
100
AcDbEntity
8
Solar modules
100
AcDbPolyline
90
4
70
1
38
0
10
222.7
20
82
10
225.45
20
82
10
225.45
20
84.55
10
222.7
20
84.55
0
LINE
5
480
330
6
100
AcDbEntity
8
Solar modules
100
AcDbLine
10
224.075
20
82
30
0
11
224.075
21
84.55
31
0
0
LWPOLYLINE
5
481
330
6
100
AcDbEntity
8
Solar modules
100
AcDbPolyline
90
4
70
1
38
0
10
226.15
20
82
10
228.9
20
82
10
228.9
20
84.55
10
226.15
20
84.55
0
LINE
5
482
330
6
100
AcDbEntity
8
Solar modules
100
AcDbLine
10
227.525
20
82
30
0
11
227.525
21
84.55
31
0
0
LWPOLYLINE
5
483
330
6
100
AcDbEntity
8
Solar modules
100
AcDbPolyline
90
4
70
1
38
0
10
133
20
85.65
10
135.75
20
85.65
10
135.75
20
88.2
10
133
20
88.2
0
LINE
5
484
330
6
100
AcDbEntity
8
Solar modules
100
AcDbLine
10
134.375
20
85.65
30
0
11
134.375
21
88.2
31
0
0
LWPOLYLINE
5
485
330
6
100
AcDbEntity
8
Solar modules
100
AcDbPolyline
90
4
70
1
38
0
10
136.45
20
85.65
10
139.2
20
85.65
10
139.2
20
88.2
10
136.45
20
88.2
0
LINE
5
486
330
6
100
AcDbEntity
8
Solar modules
100
AcDbLine
10
137.825
20
85.65
30
0
11
137.825
21
88.2
31
0
0
LWPOLYLINE
5
487
330
6
100
AcDbEntity
8
Solar modules
100
AcDbPolyline
90
4
70
1
38
0
10
139.9
20
85.65
10
142.65
20
85.65
10
142.65
20
88.2
10
139.9
20
88.2
0
LINE
5
488
330
6
100
AcDbEntity
8
Solar modules
100
AcDbLine
10
141.275
20
85.65
30
0
11
141.275
21
88.2
31
0
0
LWPOLYLINE
5
489
330
6
100
AcDbEntity
8
Solar modules
100
AcDbPolyline
90
4
70
1
38
0
10
143.35
20
85.65
10
146.1
20
85.65
10
146.1
20
88.2
10
143.35
20
88.2
0
LINE
5
48A
330
6
100
AcDbEntity
8
Solar modules
100
AcDbLine
10
144.725
20
85.65
30
0
11
144.725
21
88.2
31
0
0
LWPOLYLINE
5
48B
330
6
100
AcDbEntity
8
Solar modules
100
AcDbPolyline
90
4
70
1
38
0
10
146.8
20
85.65
10
149.55
20
85.65
10
149.55
20
88.2
10
146.8
20
88.2
0
LINE
5
48C
330
6
100
AcDbEntity
8
Solar modules
100
AcDbLine
10
148.175
20
85.65
30
0
11
148.175
21
88.2
31
0
0
LWPOLYLINE
5
48D
330
6
100
AcDbEntity
8
Solar modules
100
AcDbPolyline
90
4
70
1
38
0
10
150.25
20
85.65
10
153
20
85.65
10
153
20
88.2
10
150.25
20
88.2
0
LINE
5
48E
330
6
100
AcDbEntity
8
Solar modules
100
AcDbLine
10
151.625
20
85.65
30
0
11
151.625
21
88.2
31
0
0
LWPOLYLINE
5
48F
330
6
100
AcDbEntity
8
Solar modules
100
AcDbPolyline
90
4
70
1
38
0
10
153.7
20
85.65
10
156.45
20
85.65
10
156.45
20
88.2
10
153.7
20
88.2
0
LINE
5
490
330
6
100
AcDbEntity
8
Solar modules
100
AcDbLine
10
155.075
20
85.65
30
0
11
155.075
21
88.2
31
0
0
LWPOLYLINE
5
491
330
6
100
AcDbEntity
8
Solar modules
100
AcDbPolyline
90
4
70
1
38
0
10
157.15
20
85.65
10
159.9
20
85.65
10
159.9
20
88.2
10
157.15
20
88.2
0
LINE
5
492
330
6
100
AcDbEntity
8
Solar modules
100
AcDbLine
10
158.525
20
85.65
30
0
11
158.525
21
88.2
31
0
0
LWPOLYLINE
5
493
330
6
100
AcDbEntity
8
Solar modules
100
AcDbPolyline
90
4
70
1
38
0
10
160.6
20
85.65
10
163.35
20
85.65
10
163.35
20
88.2
10
160.6
20
88.2
0
LINE
5
494
330
6
100
AcDbEntity
8
Solar modules
100
AcDbLine
10
161.975
20
85.65
30
0
11
161.975
21
88.2
31
0
0
LWPOLYLINE
5
495
330
6
100
AcDbEntity
8
Solar modules
100
AcDbPolyline
90
4
70
1
38
0
10
164.05
20
85.65
10
166.8
20
85.65
10
166.8
20
88.2
10
164.05
20
88.2
0
LINE
5
496
330
6
100
AcDbEntity
8
Solar modules
100
AcDbLine
10
165.425
20
85.65
30
0
11
165.425
21
88.2
31
0
0
LWPOLYLINE
5
497
330
6
100
AcDbEntity
8
Solar modules
100
AcDbPolyline
90
4
70
1
38
0
10
167.5
20
85.65
10
170.25
20
85.65
10
170.25
20
88.2
10
167.5
20
88.2
0
LINE
5
498
330
6
100
AcDbEntity
8
Solar modules
100
AcDbLine
10
168.875
20
85.65
30
0
11
168.875
21
88.2
31
0
0
LWPOLYLINE
5
499
330
6
100
AcDbEntity
8
Solar modules
100
AcDbPolyline
90
4
70
1
38
0
10
170.95
20
85.65
10
173.7
20
85.65
10
173.7
20
88.2
10
170.95
20
88.2
0
LINE
5
49A
330
6
100
AcDbEntity
8
Solar modules
100
AcDbLine
10
172.325
20
85.65
30
0
11
172.325
21
88.2
31
0
0
LWPOLYLINE
5
49B
330
6
100
AcDbEntity
8
Solar modules
100
AcDbPolyline
90
4
70
1
38
0
10
174.4
20
85.65
10
177.15
20
85.65
10
177.15
20
88.2
10
174.4
20
88.2
0
LINE
5
49C
330
6
100
AcDbEntity
8
Solar modules
100
AcDbLine
10
175.775
20
85.65
30
0
11
175.775
21
88.2
31
0
0
LWPOLYLINE
5
49D
330
6
100
AcDbEntity
8
Solar modules
100
AcDbPolyline
90
4
70
1
38
0
10
177.85
20
85.65
10
180.6
20
85.65
10
180.6
20
88.2
10
177.85
20
88.2
0
LINE
5
49E
330
6
100
AcDbEntity
8
Solar modules
100
AcDbLine
10
179.225
20
85.65
30
0
11
179.225
21
88.2
31
0
0
LWPOLYLINE
5
49F
330
6
100
AcDbEntity
8
Solar modules
100
AcDbPolyline
90
4
70
1
38
0
10
181.3
20
85.65
10
184.05
20
85.65
10
184.05
20
88.2
10
181.3
20
88.2
0
LINE
5
4A0
330
6
100
AcDbEntity
8
Solar modules
100
AcDbLine
10
182.675
20
85.65
30
0
11
182.675
21
88.2
31
0
0
LWPOLYLINE
5
4A1
330
6
100
AcDbEntity
8
Solar modules
100
AcDbPolyline
90
4
70
1
38
0
10
184.75
20
85.65
10
187.5
20
85.65
10
187.5
20
88.2
10
184.75
20
88.2
0
LINE
5
4A2
330
6
100
AcDbEntity
8
Solar modules
100
AcDbLine
10
186.125
20
85.65
30
0
11
186.125
21
88.2
31
0
0
LWPOLYLINE
5
4A3
330
6
100
AcDbEntity
8
Solar modules
100
AcDbPolyline
90
4
70
1
38
0
10
188.2
20
85.65
10
190.95
20
85.65
10
190.95
20
88.2
10
188.2
20
88.2
0
LINE
5
4A4
330
6
100
AcDbEntity
8
Solar modules
100
AcDbLine
10
189.575
20
85.65
30
0
11
189.575
21
88.2
31
0
0
LWPOLYLINE
5
4A5
330
6
100
AcDbEntity
8
Solar modules
100
AcDbPolyline
90
4
70
1
38
0
10
191.65
20
85.65
10
194.4
20
85.65
10
194.4
20
88.2
10
191.65
20
88.2
0
LINE
5
4A6
330
6
100
AcDbEntity
8
Solar modules
100
AcDbLine
10
193.025
20
85.65
30
0
11
193.025
21
88.2
31
0
0
LWPOLYLINE
5
4A7
330
6
100
AcDbEntity
8
Solar modules
100
AcDbPolyline
90
4
70
1
38
0
10
195.1
20
85.65
10
197.85
20
85.65
10
197.85
20
88.2
10
195.1
20
88.2
0
LINE
5
4A8
330
6
100
AcDbEntity
8
Solar modules
100
AcDbLine
10
196.475
20
85.65
30
0
11
196.475
21
88.2
31
0
0
LWPOLYLINE
5
4A9
330
6
100
AcDbEntity
8
Solar modules
100
AcDbPolyline
90
4
70
1
38
0
10
198.55
20
85.65
10
201.3
20
85.65
10
201.3
20
88.2
10
198.55
20
88.2
0
LINE
5
4AA
330
6
100
AcDbEntity
8
Solar modules
100
AcDbLine
10
199.925
20
85.65
30
0
11
199.925
21
88.2
31
0
0
LWPOLYLINE
5
4AB
330
6
100
AcDbEntity
8
Solar modules
100
AcDbPolyline
90
4
70
1
38
0
10
202
20
85.65
10
204.75
20
85.65
10
204.75
20
88.2
10
202
20
88.2
0
LINE
5
4AC
330
6
100
AcDbEntity
8
Solar modules
100
AcDbLine
10
203.375
20
85.65
30
0
11
203.375
21
88.2
31
0
0
LWPOLYLINE
5
4AD
330
6
100
AcDbEntity
8
Solar modules
100
AcDbPolyline
90
4
70
1
38
0
10
205.45
20
85.65
10
208.2
20
85.65
10
208.2
20
88.2
10
205.45
20
88.2
0
LINE
5
4AE
330
6
100
AcDbEntity
8
Solar modules
100
AcDbLine
10
206.825
20
85.65
30
0
11
206.825
21
88.2
31
0
0
LWPOLYLINE
5
4AF
330
6
100
AcDbEntity
8
Solar modules
100
AcDbPolyline
90
4
70
1
38
0
10
208.9
20
85.65
10
211.65
20
85.65
10
211.65
20
88.2
10
208.9
20
88.2
0
LINE
5
4B0
330
6
100
AcDbEntity
8
Solar modules
100
AcDbLine
10
210.275
20
85.65
30
0
11
210.275
21
88.2
31
0
0
LWPOLYLINE
5
4B1
330
6
100
AcDbEntity
8
Solar modules
100
AcDbPolyline
90
4
70
1
38
0
10
212.35000000000002
20
85.65
10
215.10000000000002
20
85.65
10
215.10000000000002
20
88.2
10
212.35000000000002
20
88.2
0
LINE
5
4B2
330
6
100
AcDbEntity
8
Solar modules
100
AcDbLine
10
213.72500000000002
20
85.65
30
0
11
213.72500000000002
21
88.2
31
0
0
LWPOLYLINE
5
4B3
330
6
100
AcDbEntity
8
Solar modules
100
AcDbPolyline
90
4
70
1
38
0
10
215.8
20
85.65
10
218.55
20
85.65
10
218.55
20
88.2
10
215.8
20
88.2
0
LINE
5
4B4
330
6
100
AcDbEntity
8
Solar modules
100
AcDbLine
10
217.175
20
85.65
30
0
11
217.175
21
88.2
31
0
0
LWPOLYLINE
5
4B5
330
6
100
AcDbEntity
8
Solar modules
100
AcDbPolyline
90
4
70
1
38
0
10
219.25
20
85.65
10
222
20
85.65
10
222
20
88.2
10
219.25
20
88.2
0
LINE
5
4B6
330
6
100
AcDbEntity
8
Solar modules
100
AcDbLine
10
220.625
20
85.65
30
0
11
220.625
21
88.2
31
0
0
LWPOLYLINE
5
4B7
330
6
100
AcDbEntity
8
Solar modules
100
AcDbPolyline
90
4
70
1
38
0
10
222.7
20
85.65
10
225.45
20
85.65
10
225.45
20
88.2
10
222.7
20
88.2
0
LINE
5
4B8
330
6
100
AcDbEntity
8
Solar modules
100
AcDbLine
10
224.075
20
85.65
30
0
11
224.075
21
88.2
31
0
0
LWPOLYLINE
5
4B9
330
6
100
AcDbEntity
8
Solar modules
100
AcDbPolyline
90
4
70
1
38
0
10
226.15
20
85.65
10
228.9
20
85.65
10
228.9
20
88.2
10
226.15
20
88.2
0
LINE
5
4BA
330
6
100
AcDbEntity
8
Solar modules
100
AcDbLine
10
227.525
20
85.65
30
0
11
227.525
21
88.2
31
0
0
LWPOLYLINE
5
4BB
330
6
100
AcDbEntity
8
Solar modules
100
AcDbPolyline
90
4
70
1
38
0
10
133
20
89.3
10
135.75
20
89.3
10
135.75
20
91.85
10
133
20
91.85
0
LINE
5
4BC
330
6
100
AcDbEntity
8
Solar modules
100
AcDbLine
10
134.375
20
89.3
30
0
11
134.375
21
91.85
31
0
0
LWPOLYLINE
5
4BD
330
6
100
AcDbEntity
8
Solar modules
100
AcDbPolyline
90
4
70
1
38
0
10
136.45
20
89.3
10
139.2
20
89.3
10
139.2
20
91.85
10
136.45
20
91.85
0
LINE
5
4BE
330
6
100
AcDbEntity
8
Solar modules
100
AcDbLine
10
137.825
20
89.3
30
0
11
137.825
21
91.85
31
0
0
LWPOLYLINE
5
4BF
330
6
100
AcDbEntity
8
Solar modules
100
AcDbPolyline
90
4
70
1
38
0
10
139.9
20
89.3
10
142.65
20
89.3
10
142.65
20
91.85
10
139.9
20
91.85
0
LINE
5
4C0
330
6
100
AcDbEntity
8
Solar modules
100
AcDbLine
10
141.275
20
89.3
30
0
11
141.275
21
91.85
31
0
0
LWPOLYLINE
5
4C1
330
6
100
AcDbEntity
8
Solar modules
100
AcDbPolyline
90
4
70
1
38
0
10
143.35
20
89.3
10
146.1
20
89.3
10
146.1
20
91.85
10
143.35
20
91.85
0
LINE
5
4C2
330
6
100
AcDbEntity
8
Solar modules
100
AcDbLine
10
144.725
20
89.3
30
0
11
144.725
21
91.85
31
0
0
LWPOLYLINE
5
4C3
330
6
100
AcDbEntity
8
Solar modules
100
AcDbPolyline
90
4
70
1
38
0
10
146.8
20
89.3
10
149.55
20
89.3
10
149.55
20
91.85
10
146.8
20
91.85
0
LINE
5
4C4
330
6
100
AcDbEntity
8
Solar modules
100
AcDbLine
10
148.175
20
89.3
30
0
11
148.175
21
91.85
31
0
0
LWPOLYLINE
5
4C5
330
6
100
AcDbEntity
8
Solar modules
100
AcDbPolyline
90
4
70
1
38
0
10
150.25
20
89.3
10
153
20
89.3
10
153
20
91.85
10
150.25
20
91.85
0
LINE
5
4C6
330
6
100
AcDbEntity
8
Solar modules
100
AcDbLine
10
151.625
20
89.3
30
0
11
151.625
21
91.85
31
0
0
LWPOLYLINE
5
4C7
330
6
100
AcDbEntity
8
Solar modules
100
AcDbPolyline
90
4
70
1
38
0
10
153.7
20
89.3
10
156.45
20
89.3
10
156.45
20
91.85
10
153.7
20
91.85
0
LINE
5
4C8
330
6
100
AcDbEntity
8
Solar modules
100
AcDbLine
10
155.075
20
89.3
30
0
11
155.075
21
91.85
31
0
0
LWPOLYLINE
5
4C9
330
6
100
AcDbEntity
8
Solar modules
100
AcDbPolyline
90
4
70
1
38
0
10
157.15
20
89.3
10
159.9
20
89.3
10
159.9
20
91.85
10
157.15
20
91.85
0
LINE
5
4CA
330
6
100
AcDbEntity
8
Solar modules
100
AcDbLine
10
158.525
20
89.3
30
0
11
158.525
21
91.85
31
0
0
LWPOLYLINE
5
4CB
330
6
100
AcDbEntity
8
Solar modules
100
AcDbPolyline
90
4
70
1
38
0
10
160.6
20
89.3
10
163.35
20
89.3
10
163.35
20
91.85
10
160.6
20
91.85
0
LINE
5
4CC
330
6
100
AcDbEntity
8
Solar modules
100
AcDbLine
10
161.975
20
89.3
30
0
11
161.975
21
91.85
31
0
0
LWPOLYLINE
5
4CD
330
6
100
AcDbEntity
8
Solar modules
100
AcDbPolyline
90
4
70
1
38
0
10
164.05
20
89.3
10
166.8
20
89.3
10
166.8
20
91.85
10
164.05
20
91.85
0
LINE
5
4CE
330
6
100
AcDbEntity
8
Solar modules
100
AcDbLine
10
165.425
20
89.3
30
0
11
165.425
21
91.85
31
0
0
LWPOLYLINE
5
4CF
330
6
100
AcDbEntity
8
Solar modules
100
AcDbPolyline
90
4
70
1
38
0
10
167.5
20
89.3
10
170.25
20
89.3
10
170.25
20
91.85
10
167.5
20
91.85
0
LINE
5
4D0
330
6
100
AcDbEntity
8
Solar modules
100
AcDbLine
10
168.875
20
89.3
30
0
11
168.875
21
91.85
31
0
0
LWPOLYLINE
5
4D1
330
6
100
AcDbEntity
8
Solar modules
100
AcDbPolyline
90
4
70
1
38
0
10
170.95
20
89.3
10
173.7
20
89.3
10
173.7
20
91.85
10
170.95
20
91.85
0
LINE
5
4D2
330
6
100
AcDbEntity
8
Solar modules
100
AcDbLine
10
172.325
20
89.3
30
0
11
172.325
21
91.85
31
0
0
LWPOLYLINE
5
4D3
330
6
100
AcDbEntity
8
Solar modules
100
AcDbPolyline
90
4
70
1
38
0
10
174.4
20
89.3
10
177.15
20
89.3
10
177.15
20
91.85
10
174.4
20
91.85
0
LINE
5
4D4
330
6
100
AcDbEntity
8
Solar modules
100
AcDbLine
10
175.775
20
89.3
30
0
11
175.775
21
91.85
31
0
0
LWPOLYLINE
5
4D5
330
6
100
AcDbEntity
8
Solar modules
100
AcDbPolyline
90
4
70
1
38
0
10
177.85
20
89.3
10
180.6
20
89.3
10
180.6
20
91.85
10
177.85
20
91.85
0
LINE
5
4D6
330
6
100
AcDbEntity
8
Solar modules
100
AcDbLine
10
179.225
20
89.3
30
0
11
179.225
21
91.85
31
0
0
LWPOLYLINE
5
4D7
330
6
100
AcDbEntity
8
Solar modules
100
AcDbPolyline
90
4
70
1
38
0
10
181.3
20
89.3
10
184.05
20
89.3
10
184.05
20
91.85
10
181.3
20
91.85
0
LINE
5
4D8
330
6
100
AcDbEntity
8
Solar modules
100
AcDbLine
10
182.675
20
89.3
30
0
11
182.675
21
91.85
31
0
0
LWPOLYLINE
5
4D9
330
6
100
AcDbEntity
8
Solar modules
100
AcDbPolyline
90
4
70
1
38
0
10
184.75
20
89.3
10
187.5
20
89.3
10
187.5
20
91.85
10
184.75
20
91.85
0
LINE
5
4DA
330
6
100
AcDbEntity
8
Solar modules
100
AcDbLine
10
186.125
20
89.3
30
0
11
186.125
21
91.85
31
0
0
LWPOLYLINE
5
4DB
330
6
100
AcDbEntity
8
Solar modules
100
AcDbPolyline
90
4
70
1
38
0
10
188.2
20
89.3
10
190.95
20
89.3
10
190.95
20
91.85
10
188.2
20
91.85
0
LINE
5
4DC
330
6
100
AcDbEntity
8
Solar modules
100
AcDbLine
10
189.575
20
89.3
30
0
11
189.575
21
91.85
31
0
0
LWPOLYLINE
5
4DD
330
6
100
AcDbEntity
8
Solar modules
100
AcDbPolyline
90
4
70
1
38
0
10
191.65
20
89.3
10
194.4
20
89.3
10
194.4
20
91.85
10
191.65
20
91.85
0
LINE
5
4DE
330
6
100
AcDbEntity
8
Solar modules
100
AcDbLine
10
193.025
20
89.3
30
0
11
193.025
21
91.85
31
0
0
LWPOLYLINE
5
4DF
330
6
100
AcDbEntity
8
Solar modules
100
AcDbPolyline
90
4
70
1
38
0
10
195.1
20
89.3
10
197.85
20
89.3
10
197.85
20
91.85
10
195.1
20
91.85
0
LINE
5
4E0
330
6
100
AcDbEntity
8
Solar modules
100
AcDbLine
10
196.475
20
89.3
30
0
11
196.475
21
91.85
31
0
0
LWPOLYLINE
5
4E1
330
6
100
AcDbEntity
8
Solar modules
100
AcDbPolyline
90
4
70
1
38
0
10
198.55
20
89.3
10
201.3
20
89.3
10
201.3
20
91.85
10
198.55
20
91.85
0
LINE
5
4E2
330
6
100
AcDbEntity
8
Solar modules
100
AcDbLine
10
199.925
20
89.3
30
0
11
199.925
21
91.85
31
0
0
LWPOLYLINE
5
4E3
330
6
100
AcDbEntity
8
Solar modules
100
AcDbPolyline
90
4
70
1
38
0
10
202
20
89.3
10
204.75
20
89.3
10
204.75
20
91.85
10
202
20
91.85
0
LINE
5
4E4
330
6
100
AcDbEntity
8
Solar modules
100
AcDbLine
10
203.375
20
89.3
30
0
11
203.375
21
91.85
31
0
0
LWPOLYLINE
5
4E5
330
6
100
AcDbEntity
8
Solar modules
100
AcDbPolyline
90
4
70
1
38
0
10
205.45
20
89.3
10
208.2
20
89.3
10
208.2
20
91.85
10
205.45
20
91.85
0
LINE
5
4E6
330
6
100
AcDbEntity
8
Solar modules
100
AcDbLine
10
206.825
20
89.3
30
0
11
206.825
21
91.85
31
0
0
LWPOLYLINE
5
4E7
330
6
100
AcDbEntity
8
Solar modules
100
AcDbPolyline
90
4
70
1
38
0
10
208.9
20
89.3
10
211.65
20
89.3
10
211.65
20
91.85
10
208.9
20
91.85
0
LINE
5
4E8
330
6
100
AcDbEntity
8
Solar modules
100
AcDbLine
10
210.275
20
89.3
30
0
11
210.275
21
91.85
31
0
0
LWPOLYLINE
5
4E9
330
6
100
AcDbEntity
8
Solar modules
100
AcDbPolyline
90
4
70
1
38
0
10
212.35000000000002
20
89.3
10
215.10000000000002
20
89.3
10
215.10000000000002
20
91.85
10
212.35000000000002
20
91.85
0
LINE
5
4EA
330
6
100
AcDbEntity
8
Solar modules
100
AcDbLine
10
213.72500000000002
20
89.3
30
0
11
213.72500000000002
21
91.85
31
0
0
LWPOLYLINE
5
4EB
330
6
100
AcDbEntity
8
Solar modules
100
AcDbPolyline
90
4
70
1
38
0
10
215.8
20
89.3
10
218.55
20
89.3
10
218.55
20
91.85
10
215.8
20
91.85
0
LINE
5
4EC
330
6
100
AcDbEntity
8
Solar modules
100
AcDbLine
10
217.175
20
89.3
30
0
11
217.175
21
91.85
31
0
0
LWPOLYLINE
5
4ED
330
6
100
AcDbEntity
8
Solar modules
100
AcDbPolyline
90
4
70
1
38
0
10
219.25
20
89.3
10
222
20
89.3
10
222
20
91.85
10
219.25
20
91.85
0
LINE
5
4EE
330
6
100
AcDbEntity
8
Solar modules
100
AcDbLine
10
220.625
20
89.3
30
0
11
220.625
21
91.85
31
0
0
LWPOLYLINE
5
4EF
330
6
100
AcDbEntity
8
Solar modules
100
AcDbPolyline
90
4
70
1
38
0
10
222.7
20
89.3
10
225.45
20
89.3
10
225.45
20
91.85
10
222.7
20
91.85
0
LINE
5
4F0
330
6
100
AcDbEntity
8
Solar modules
100
AcDbLine
10
224.075
20
89.3
30
0
11
224.075
21
91.85
31
0
0
LWPOLYLINE
5
4F1
330
6
100
AcDbEntity
8
Solar modules
100
AcDbPolyline
90
4
70
1
38
0
10
226.15
20
89.3
10
228.9
20
89.3
10
228.9
20
91.85
10
226.15
20
91.85
0
LINE
5
4F2
330
6
100
AcDbEntity
8
Solar modules
100
AcDbLine
10
227.525
20
89.3
30
0
11
227.525
21
91.85
31
0
0
LWPOLYLINE
5
4F3
330
6
100
AcDbEntity
8
Solar modules
100
AcDbPolyline
90
4
70
1
38
0
10
133
20
92.95
10
135.75
20
92.95
10
135.75
20
95.5
10
133
20
95.5
0
LINE
5
4F4
330
6
100
AcDbEntity
8
Solar modules
100
AcDbLine
10
134.375
20
92.95
30
0
11
134.375
21
95.5
31
0
0
LWPOLYLINE
5
4F5
330
6
100
AcDbEntity
8
Solar modules
100
AcDbPolyline
90
4
70
1
38
0
10
136.45
20
92.95
10
139.2
20
92.95
10
139.2
20
95.5
10
136.45
20
95.5
0
LINE
5
4F6
330
6
100
AcDbEntity
8
Solar modules
100
AcDbLine
10
137.825
20
92.95
30
0
11
137.825
21
95.5
31
0
0
LWPOLYLINE
5
4F7
330
6
100
AcDbEntity
8
Solar modules
100
AcDbPolyline
90
4
70
1
38
0
10
139.9
20
92.95
10
142.65
20
92.95
10
142.65
20
95.5
10
139.9
20
95.5
0
LINE
5
4F8
330
6
100
AcDbEntity
8
Solar modules
100
AcDbLine
10
141.275
20
92.95
30
0
11
141.275
21
95.5
31
0
0
LWPOLYLINE
5
4F9
330
6
100
AcDbEntity
8
Solar modules
100
AcDbPolyline
90
4
70
1
38
0
10
143.35
20
92.95
10
146.1
20
92.95
10
146.1
20
95.5
10
143.35
20
95.5
0
LINE
5
4FA
330
6
100
AcDbEntity
8
Solar modules
100
AcDbLine
10
144.725
20
92.95
30
0
11
144.725
21
95.5
31
0
0
LWPOLYLINE
5
4FB
330
6
100
AcDbEntity
8
Solar modules
100
AcDbPolyline
90
4
70
1
38
0
10
146.8
20
92.95
10
149.55
20
92.95
10
149.55
20
95.5
10
146.8
20
95.5
0
LINE
5
4FC
330
6
100
AcDbEntity
8
Solar modules
100
AcDbLine
10
148.175
20
92.95
30
0
11
148.175
21
95.5
31
0
0
LWPOLYLINE
5
4FD
330
6
100
AcDbEntity
8
Solar modules
100
AcDbPolyline
90
4
70
1
38
0
10
150.25
20
92.95
10
153
20
92.95
10
153
20
95.5
10
150.25
20
95.5
0
LINE
5
4FE
330
6
100
AcDbEntity
8
Solar modules
100
AcDbLine
10
151.625
20
92.95
30
0
11
151.625
21
95.5
31
0
0
LWPOLYLINE
5
4FF
330
6
100
AcDbEntity
8
Solar modules
100
AcDbPolyline
90
4
70
1
38
0
10
153.7
20
92.95
10
156.45
20
92.95
10
156.45
20
95.5
10
153.7
20
95.5
0
LINE
5
500
330
6
100
AcDbEntity
8
Solar modules
100
AcDbLine
10
155.075
20
92.95
30
0
11
155.075
21
95.5
31
0
0
LWPOLYLINE
5
501
330
6
100
AcDbEntity
8
Solar modules
100
AcDbPolyline
90
4
70
1
38
0
10
157.15
20
92.95
10
159.9
20
92.95
10
159.9
20
95.5
10
157.15
20
95.5
0
LINE
5
502
330
6
100
AcDbEntity
8
Solar modules
100
AcDbLine
10
158.525
20
92.95
30
0
11
158.525
21
95.5
31
0
0
LWPOLYLINE
5
503
330
6
100
AcDbEntity
8
Solar modules
100
AcDbPolyline
90
4
70
1
38
0
10
160.6
20
92.95
10
163.35
20
92.95
10
163.35
20
95.5
10
160.6
20
95.5
0
LINE
5
504
330
6
100
AcDbEntity
8
Solar modules
100
AcDbLine
10
161.975
20
92.95
30
0
11
161.975
21
95.5
31
0
0
LWPOLYLINE
5
505
330
6
100
AcDbEntity
8
Solar modules
100
AcDbPolyline
90
4
70
1
38
0
10
164.05
20
92.95
10
166.8
20
92.95
10
166.8
20
95.5
10
164.05
20
95.5
0
LINE
5
506
330
6
100
AcDbEntity
8
Solar modules
100
AcDbLine
10
165.425
20
92.95
30
0
11
165.425
21
95.5
31
0
0
LWPOLYLINE
5
507
330
6
100
AcDbEntity
8
Solar modules
100
AcDbPolyline
90
4
70
1
38
0
10
167.5
20
92.95
10
170.25
20
92.95
10
170.25
20
95.5
10
167.5
20
95.5
0
LINE
5
508
330
6
100
AcDbEntity
8
Solar modules
100
AcDbLine
10
168.875
20
92.95
30
0
11
168.875
21
95.5
31
0
0
LWPOLYLINE
5
509
330
6
100
AcDbEntity
8
Solar modules
100
AcDbPolyline
90
4
70
1
38
0
10
170.95
20
92.95
10
173.7
20
92.95
10
173.7
20
95.5
10
170.95
20
95.5
0
LINE
5
50A
330
6
100
AcDbEntity
8
Solar modules
100
AcDbLine
10
172.325
20
92.95
30
0
11
172.325
21
95.5
31
0
0
LWPOLYLINE
5
50B
330
6
100
AcDbEntity
8
Solar modules
100
AcDbPolyline
90
4
70
1
38
0
10
174.4
20
92.95
10
177.15
20
92.95
10
177.15
20
95.5
10
174.4
20
95.5
0
LINE
5
50C
330
6
100
AcDbEntity
8
Solar modules
100
AcDbLine
10
175.775
20
92.95
30
0
11
175.775
21
95.5
31
0
0
LWPOLYLINE
5
50D
330
6
100
AcDbEntity
8
Solar modules
100
AcDbPolyline
90
4
70
1
38
0
10
177.85
20
92.95
10
180.6
20
92.95
10
180.6
20
95.5
10
177.85
20
95.5
0
LINE
5
50E
330
6
100
AcDbEntity
8
Solar modules
100
AcDbLine
10
179.225
20
92.95
30
0
11
179.225
21
95.5
31
0
0
LWPOLYLINE
5
50F
330
6
100
AcDbEntity
8
Solar modules
100
AcDbPolyline
90
4
70
1
38
0
10
181.3
20
92.95
10
184.05
20
92.95
10
184.05
20
95.5
10
181.3
20
95.5
0
LINE
5
510
330
6
100
AcDbEntity
8
Solar modules
100
AcDbLine
10
182.675
20
92.95
30
0
11
182.675
21
95.5
31
0
0
LWPOLYLINE
5
511
330
6
100
AcDbEntity
8
Solar modules
100
AcDbPolyline
90
4
70
1
38
0
10
184.75
20
92.95
10
187.5
20
92.95
10
187.5
20
95.5
10
184.75
20
95.5
0
LINE
5
512
330
6
100
AcDbEntity
8
Solar modules
100
AcDbLine
10
186.125
20
92.95
30
0
11
186.125
21
95.5
31
0
0
LWPOLYLINE
5
513
330
6
100
AcDbEntity
8
Solar modules
100
AcDbPolyline
90
4
70
1
38
0
10
188.2
20
92.95
10
190.95
20
92.95
10
190.95
20
95.5
10
188.2
20
95.5
0
LINE
5
514
330
6
100
AcDbEntity
8
Solar modules
100
AcDbLine
10
189.575
20
92.95
30
0
11
189.575
21
95.5
31
0
0
LWPOLYLINE
5
515
330
6
100
AcDbEntity
8
Solar modules
100
AcDbPolyline
90
4
70
1
38
0
10
191.65
20
92.95
10
194.4
20
92.95
10
194.4
20
95.5
10
191.65
20
95.5
0
LINE
5
516
330
6
100
AcDbEntity
8
Solar modules
100
AcDbLine
10
193.025
20
92.95
30
0
11
193.025
21
95.5
31
0
0
LWPOLYLINE
5
517
330
6
100
AcDbEntity
8
Solar modules
100
AcDbPolyline
90
4
70
1
38
0
10
195.1
20
92.95
10
197.85
20
92.95
10
197.85
20
95.5
10
195.1
20
95.5
0
LINE
5
518
330
6
100
AcDbEntity
8
Solar modules
100
AcDbLine
10
196.475
20
92.95
30
0
11
196.475
21
95.5
31
0
0
LWPOLYLINE
5
519
330
6
100
AcDbEntity
8
Solar modules
100
AcDbPolyline
90
4
70
1
38
0
10
198.55
20
92.95
10
201.3
20
92.95
10
201.3
20
95.5
10
198.55
20
95.5
0
LINE
5
51A
330
6
100
AcDbEntity
8
Solar modules
100
AcDbLine
10
199.925
20
92.95
30
0
11
199.925
21
95.5
31
0
0
LWPOLYLINE
5
51B
330
6
100
AcDbEntity
8
Solar modules
100
AcDbPolyline
90
4
70
1
38
0
10
202
20
92.95
10
204.75
20
92.95
10
204.75
20
95.5
10
202
20
95.5
0
LINE
5
51C
330
6
100
AcDbEntity
8
Solar modules
100
AcDbLine
10
203.375
20
92.95
30
0
11
203.375
21
95.5
31
0
0
LWPOLYLINE
5
51D
330
6
100
AcDbEntity
8
Solar modules
100
AcDbPolyline
90
4
70
1
38
0
10
205.45
20
92.95
10
208.2
20
92.95
10
208.2
20
95.5
10
205.45
20
95.5
0
LINE
5
51E
330
6
100
AcDbEntity
8
Solar modules
100
AcDbLine
10
206.825
20
92.95
30
0
11
206.825
21
95.5
31
0
0
LWPOLYLINE
5
51F
330
6
100
AcDbEntity
8
Solar modules
100
AcDbPolyline
90
4
70
1
38
0
10
208.9
20
92.95
10
211.65
20
92.95
10
211.65
20
95.5
10
208.9
20
95.5
0
LINE
5
520
330
6
100
AcDbEntity
8
Solar modules
100
AcDbLine
10
210.275
20
92.95
30
0
11
210.275
21
95.5
31
0
0
LWPOLYLINE
5
521
330
6
100
AcDbEntity
8
Solar modules
100
AcDbPolyline
90
4
70
1
38
0
10
212.35000000000002
20
92.95
10
215.10000000000002
20
92.95
10
215.10000000000002
20
95.5
10
212.35000000000002
20
95.5
0
LINE
5
522
330
6
100
AcDbEntity
8
Solar modules
100
AcDbLine
10
213.72500000000002
20
92.95
30
0
11
213.72500000000002
21
95.5
31
0
0
LWPOLYLINE
5
523
330
6
100
AcDbEntity
8
Solar modules
100
AcDbPolyline
90
4
70
1
38
0
10
215.8
20
92.95
10
218.55
20
92.95
10
218.55
20
95.5
10
215.8
20
95.5
0
LINE
5
524
330
6
100
AcDbEntity
8
Solar modules
100
AcDbLine
10
217.175
20
92.95
30
0
11
217.175
21
95.5
31
0
0
LWPOLYLINE
5
525
330
6
100
AcDbEntity
8
Solar modules
100
AcDbPolyline
90
4
70
1
38
0
10
219.25
20
92.95
10
222
20
92.95
10
222
20
95.5
10
219.25
20
95.5
0
LINE
5
526
330
6
100
AcDbEntity
8
Solar modules
100
AcDbLine
10
220.625
20
92.95
30
0
11
220.625
21
95.5
31
0
0
LWPOLYLINE
5
527
330
6
100
AcDbEntity
8
Solar modules
100
AcDbPolyline
90
4
70
1
38
0
10
222.7
20
92.95
10
225.45
20
92.95
10
225.45
20
95.5
10
222.7
20
95.5
0
LINE
5
528
330
6
100
AcDbEntity
8
Solar modules
100
AcDbLine
10
224.075
20
92.95
30
0
11
224.075
21
95.5
31
0
0
LWPOLYLINE
5
529
330
6
100
AcDbEntity
8
Solar modules
100
AcDbPolyline
90
4
70
1
38
0
10
226.15
20
92.95
10
228.9
20
92.95
10
228.9
20
95.5
10
226.15
20
95.5
0
LINE
5
52A
330
6
100
AcDbEntity
8
Solar modules
100
AcDbLine
10
227.525
20
92.95
30
0
11
227.525
21
95.5
31
0
0
LWPOLYLINE
5
52B
330
6
100
AcDbEntity
8
Solar modules
100
AcDbPolyline
90
4
70
1
38
0
10
133
20
96.6
10
135.75
20
96.6
10
135.75
20
99.14999999999999
10
133
20
99.14999999999999
0
LINE
5
52C
330
6
100
AcDbEntity
8
Solar modules
100
AcDbLine
10
134.375
20
96.6
30
0
11
134.375
21
99.14999999999999
31
0
0
LWPOLYLINE
5
52D
330
6
100
AcDbEntity
8
Solar modules
100
AcDbPolyline
90
4
70
1
38
0
10
136.45
20
96.6
10
139.2
20
96.6
10
139.2
20
99.14999999999999
10
136.45
20
99.14999999999999
0
LINE
5
52E
330
6
100
AcDbEntity
8
Solar modules
100
AcDbLine
10
137.825
20
96.6
30
0
11
137.825
21
99.14999999999999
31
0
0
LWPOLYLINE
5
52F
330
6
100
AcDbEntity
8
Solar modules
100
AcDbPolyline
90
4
70
1
38
0
10
139.9
20
96.6
10
142.65
20
96.6
10
142.65
20
99.14999999999999
10
139.9
20
99.14999999999999
0
LINE
5
530
330
6
100
AcDbEntity
8
Solar modules
100
AcDbLine
10
141.275
20
96.6
30
0
11
141.275
21
99.14999999999999
31
0
0
LWPOLYLINE
5
531
330
6
100
AcDbEntity
8
Solar modules
100
AcDbPolyline
90
4
70
1
38
0
10
143.35
20
96.6
10
146.1
20
96.6
10
146.1
20
99.14999999999999
10
143.35
20
99.14999999999999
0
LINE
5
532
330
6
100
AcDbEntity
8
Solar modules
100
AcDbLine
10
144.725
20
96.6
30
0
11
144.725
21
99.14999999999999
31
0
0
LWPOLYLINE
5
533
330
6
100
AcDbEntity
8
Solar modules
100
AcDbPolyline
90
4
70
1
38
0
10
146.8
20
96.6
10
149.55
20
96.6
10
149.55
20
99.14999999999999
10
146.8
20
99.14999999999999
0
LINE
5
534
330
6
100
AcDbEntity
8
Solar modules
100
AcDbLine
10
148.175
20
96.6
30
0
11
148.175
21
99.14999999999999
31
0
0
LWPOLYLINE
5
535
330
6
100
AcDbEntity
8
Solar modules
100
AcDbPolyline
90
4
70
1
38
0
10
150.25
20
96.6
10
153
20
96.6
10
153
20
99.14999999999999
10
150.25
20
99.14999999999999
0
LINE
5
536
330
6
100
AcDbEntity
8
Solar modules
100
AcDbLine
10
151.625
20
96.6
30
0
11
151.625
21
99.14999999999999
31
0
0
LWPOLYLINE
5
537
330
6
100
AcDbEntity
8
Solar modules
100
AcDbPolyline
90
4
70
1
38
0
10
153.7
20
96.6
10
156.45
20
96.6
10
156.45
20
99.14999999999999
10
153.7
20
99.14999999999999
0
LINE
5
538
330
6
100
AcDbEntity
8
Solar modules
100
AcDbLine
10
155.075
20
96.6
30
0
11
155.075
21
99.14999999999999
31
0
0
LWPOLYLINE
5
539
330
6
100
AcDbEntity
8
Solar modules
100
AcDbPolyline
90
4
70
1
38
0
10
157.15
20
96.6
10
159.9
20
96.6
10
159.9
20
99.14999999999999
10
157.15
20
99.14999999999999
0
LINE
5
53A
330
6
100
AcDbEntity
8
Solar modules
100
AcDbLine
10
158.525
20
96.6
30
0
11
158.525
21
99.14999999999999
31
0
0
LWPOLYLINE
5
53B
330
6
100
AcDbEntity
8
Solar modules
100
AcDbPolyline
90
4
70
1
38
0
10
160.6
20
96.6
10
163.35
20
96.6
10
163.35
20
99.14999999999999
10
160.6
20
99.14999999999999
0
LINE
5
53C
330
6
100
AcDbEntity
8
Solar modules
100
AcDbLine
10
161.975
20
96.6
30
0
11
161.975
21
99.14999999999999
31
0
0
LWPOLYLINE
5
53D
330
6
100
AcDbEntity
8
Solar modules
100
AcDbPolyline
90
4
70
1
38
0
10
164.05
20
96.6
10
166.8
20
96.6
10
166.8
20
99.14999999999999
10
164.05
20
99.14999999999999
0
LINE
5
53E
330
6
100
AcDbEntity
8
Solar modules
100
AcDbLine
10
165.425
20
96.6
30
0
11
165.425
21
99.14999999999999
31
0
0
LWPOLYLINE
5
53F
330
6
100
AcDbEntity
8
Solar modules
100
AcDbPolyline
90
4
70
1
38
0
10
167.5
20
96.6
10
170.25
20
96.6
10
170.25
20
99.14999999999999
10
167.5
20
99.14999999999999
0
LINE
5
540
330
6
100
AcDbEntity
8
Solar modules
100
AcDbLine
10
168.875
20
96.6
30
0
11
168.875
21
99.14999999999999
31
0
0
LWPOLYLINE
5
541
330
6
100
AcDbEntity
8
Solar modules
100
AcDbPolyline
90
4
70
1
38
0
10
170.95
20
96.6
10
173.7
20
96.6
10
173.7
20
99.14999999999999
10
170.95
20
99.14999999999999
0
LINE
5
542
330
6
100
AcDbEntity
8
Solar modules
100
AcDbLine
10
172.325
20
96.6
30
0
11
172.325
21
99.14999999999999
31
0
0
LWPOLYLINE
5
543
330
6
100
AcDbEntity
8
Solar modules
100
AcDbPolyline
90
4
70
1
38
0
10
174.4
20
96.6
10
177.15
20
96.6
10
177.15
20
99.14999999999999
10
174.4
20
99.14999999999999
0
LINE
5
544
330
6
100
AcDbEntity
8
Solar modules
100
AcDbLine
10
175.775
20
96.6
30
0
11
175.775
21
99.14999999999999
31
0
0
LWPOLYLINE
5
545
330
6
100
AcDbEntity
8
Solar modules
100
AcDbPolyline
90
4
70
1
38
0
10
177.85
20
96.6
10
180.6
20
96.6
10
180.6
20
99.14999999999999
10
177.85
20
99.14999999999999
0
LINE
5
546
330
6
100
AcDbEntity
8
Solar modules
100
AcDbLine
10
179.225
20
96.6
30
0
11
179.225
21
99.14999999999999
31
0
0
LWPOLYLINE
5
547
330
6
100
AcDbEntity
8
Solar modules
100
AcDbPolyline
90
4
70
1
38
0
10
181.3
20
96.6
10
184.05
20
96.6
10
184.05
20
99.14999999999999
10
181.3
20
99.14999999999999
0
LINE
5
548
330
6
100
AcDbEntity
8
Solar modules
100
AcDbLine
10
182.675
20
96.6
30
0
11
182.675
21
99.14999999999999
31
0
0
LWPOLYLINE
5
549
330
6
100
AcDbEntity
8
Solar modules
100
AcDbPolyline
90
4
70
1
38
0
10
184.75
20
96.6
10
187.5
20
96.6
10
187.5
20
99.14999999999999
10
184.75
20
99.14999999999999
0
LINE
5
54A
330
6
100
AcDbEntity
8
Solar modules
100
AcDbLine
10
186.125
20
96.6
30
0
11
186.125
21
99.14999999999999
31
0
0
LWPOLYLINE
5
54B
330
6
100
AcDbEntity
8
Solar modules
100
AcDbPolyline
90
4
70
1
38
0
10
188.2
20
96.6
10
190.95
20
96.6
10
190.95
20
99.14999999999999
10
188.2
20
99.14999999999999
0
LINE
5
54C
330
6
100
AcDbEntity
8
Solar modules
100
AcDbLine
10
189.575
20
96.6
30
0
11
189.575
21
99.14999999999999
31
0
0
LWPOLYLINE
5
54D
330
6
100
AcDbEntity
8
Solar modules
100
AcDbPolyline
90
4
70
1
38
0
10
191.65
20
96.6
10
194.4
20
96.6
10
194.4
20
99.14999999999999
10
191.65
20
99.14999999999999
0
LINE
5
54E
330
6
100
AcDbEntity
8
Solar modules
100
AcDbLine
10
193.025
20
96.6
30
0
11
193.025
21
99.14999999999999
31
0
0
LWPOLYLINE
5
54F
330
6
100
AcDbEntity
8
Solar modules
100
AcDbPolyline
90
4
70
1
38
0
10
195.1
20
96.6
10
197.85
20
96.6
10
197.85
20
99.14999999999999
10
195.1
20
99.14999999999999
0
LINE
5
550
330
6
100
AcDbEntity
8
Solar modules
100
AcDbLine
10
196.475
20
96.6
30
0
11
196.475
21
99.14999999999999
31
0
0
LWPOLYLINE
5
551
330
6
100
AcDbEntity
8
Solar modules
100
AcDbPolyline
90
4
70
1
38
0
10
198.55
20
96.6
10
201.3
20
96.6
10
201.3
20
99.14999999999999
10
198.55
20
99.14999999999999
0
LINE
5
552
330
6
100
AcDbEntity
8
Solar modules
100
AcDbLine
10
199.925
20
96.6
30
0
11
199.925
21
99.14999999999999
31
0
0
LWPOLYLINE
5
553
330
6
100
AcDbEntity
8
Solar modules
100
AcDbPolyline
90
4
70
1
38
0
10
202
20
96.6
10
204.75
20
96.6
10
204.75
20
99.14999999999999
10
202
20
99.14999999999999
0
LINE
5
554
330
6
100
AcDbEntity
8
Solar modules
100
AcDbLine
10
203.375
20
96.6
30
0
11
203.375
21
99.14999999999999
31
0
0
LWPOLYLINE
5
555
330
6
100
AcDbEntity
8
Solar modules
100
AcDbPolyline
90
4
70
1
38
0
10
205.45
20
96.6
10
208.2
20
96.6
10
208.2
20
99.14999999999999
10
205.45
20
99.14999999999999
0
LINE
5
556
330
6
100
AcDbEntity
8
Solar modules
100
AcDbLine
10
206.825
20
96.6
30
0
11
206.825
21
99.14999999999999
31
0
0
LWPOLYLINE
5
557
330
6
100
AcDbEntity
8
Solar modules
100
AcDbPolyline
90
4
70
1
38
0
10
208.9
20
96.6
10
211.65
20
96.6
10
211.65
20
99.14999999999999
10
208.9
20
99.14999999999999
0
LINE
5
558
330
6
100
AcDbEntity
8
Solar modules
100
AcDbLine
10
210.275
20
96.6
30
0
11
210.275
21
99.14999999999999
31
0
0
LWPOLYLINE
5
559
330
6
100
AcDbEntity
8
Solar modules
100
AcDbPolyline
90
4
70
1
38
0
10
212.35000000000002
20
96.6
10
215.10000000000002
20
96.6
10
215.10000000000002
20
99.14999999999999
10
212.35000000000002
20
99.14999999999999
0
LINE
5
55A
330
6
100
AcDbEntity
8
Solar modules
100
AcDbLine
10
213.72500000000002
20
96.6
30
0
11
213.72500000000002
21
99.14999999999999
31
0
0
LWPOLYLINE
5
55B
330
6
100
AcDbEntity
8
Solar modules
100
AcDbPolyline
90
4
70
1
38
0
10
215.8
20
96.6
10
218.55
20
96.6
10
218.55
20
99.14999999999999
10
215.8
20
99.14999999999999
0
LINE
5
55C
330
6
100
AcDbEntity
8
Solar modules
100
AcDbLine
10
217.175
20
96.6
30
0
11
217.175
21
99.14999999999999
31
0
0
LWPOLYLINE
5
55D
330
6
100
AcDbEntity
8
Solar modules
100
AcDbPolyline
90
4
70
1
38
0
10
219.25
20
96.6
10
222
20
96.6
10
222
20
99.14999999999999
10
219.25
20
99.14999999999999
0
LINE
5
55E
330
6
100
AcDbEntity
8
Solar modules
100
AcDbLine
10
220.625
20
96.6
30
0
11
220.625
21
99.14999999999999
31
0
0
LWPOLYLINE
5
55F
330
6
100
AcDbEntity
8
Solar modules
100
AcDbPolyline
90
4
70
1
38
0
10
222.7
20
96.6
10
225.45
20
96.6
10
225.45
20
99.14999999999999
10
222.7
20
99.14999999999999
0
LINE
5
560
330
6
100
AcDbEntity
8
Solar modules
100
AcDbLine
10
224.075
20
96.6
30
0
11
224.075
21
99.14999999999999
31
0
0
LWPOLYLINE
5
561
330
6
100
AcDbEntity
8
Solar modules
100
AcDbPolyline
90
4
70
1
38
0
10
226.15
20
96.6
10
228.9
20
96.6
10
228.9
20
99.14999999999999
10
226.15
20
99.14999999999999
0
LINE
5
562
330
6
100
AcDbEntity
8
Solar modules
100
AcDbLine
10
227.525
20
96.6
30
0
11
227.525
21
99.14999999999999
31
0
0
LWPOLYLINE
5
563
330
6
100
AcDbEntity
8
Solar modules
100
AcDbPolyline
90
4
70
1
38
0
10
133
20
100.25
10
135.75
20
100.25
10
135.75
20
102.8
10
133
20
102.8
0
LINE
5
564
330
6
100
AcDbEntity
8
Solar modules
100
AcDbLine
10
134.375
20
100.25
30
0
11
134.375
21
102.8
31
0
0
LWPOLYLINE
5
565
330
6
100
AcDbEntity
8
Solar modules
100
AcDbPolyline
90
4
70
1
38
0
10
136.45
20
100.25
10
139.2
20
100.25
10
139.2
20
102.8
10
136.45
20
102.8
0
LINE
5
566
330
6
100
AcDbEntity
8
Solar modules
100
AcDbLine
10
137.825
20
100.25
30
0
11
137.825
21
102.8
31
0
0
LWPOLYLINE
5
567
330
6
100
AcDbEntity
8
Solar modules
100
AcDbPolyline
90
4
70
1
38
0
10
139.9
20
100.25
10
142.65
20
100.25
10
142.65
20
102.8
10
139.9
20
102.8
0
LINE
5
568
330
6
100
AcDbEntity
8
Solar modules
100
AcDbLine
10
141.275
20
100.25
30
0
11
141.275
21
102.8
31
0
0
LWPOLYLINE
5
569
330
6
100
AcDbEntity
8
Solar modules
100
AcDbPolyline
90
4
70
1
38
0
10
143.35
20
100.25
10
146.1
20
100.25
10
146.1
20
102.8
10
143.35
20
102.8
0
LINE
5
56A
330
6
100
AcDbEntity
8
Solar modules
100
AcDbLine
10
144.725
20
100.25
30
0
11
144.725
21
102.8
31
0
0
LWPOLYLINE
5
56B
330
6
100
AcDbEntity
8
Solar modules
100
AcDbPolyline
90
4
70
1
38
0
10
146.8
20
100.25
10
149.55
20
100.25
10
149.55
20
102.8
10
146.8
20
102.8
0
LINE
5
56C
330
6
100
AcDbEntity
8
Solar modules
100
AcDbLine
10
148.175
20
100.25
30
0
11
148.175
21
102.8
31
0
0
LWPOLYLINE
5
56D
330
6
100
AcDbEntity
8
Solar modules
100
AcDbPolyline
90
4
70
1
38
0
10
150.25
20
100.25
10
153
20
100.25
10
153
20
102.8
10
150.25
20
102.8
0
LINE
5
56E
330
6
100
AcDbEntity
8
Solar modules
100
AcDbLine
10
151.625
20
100.25
30
0
11
151.625
21
102.8
31
0
0
LWPOLYLINE
5
56F
330
6
100
AcDbEntity
8
Solar modules
100
AcDbPolyline
90
4
70
1
38
0
10
153.7
20
100.25
10
156.45
20
100.25
10
156.45
20
102.8
10
153.7
20
102.8
0
LINE
5
570
330
6
100
AcDbEntity
8
Solar modules
100
AcDbLine
10
155.075
20
100.25
30
0
11
155.075
21
102.8
31
0
0
LWPOLYLINE
5
571
330
6
100
AcDbEntity
8
Solar modules
100
AcDbPolyline
90
4
70
1
38
0
10
157.15
20
100.25
10
159.9
20
100.25
10
159.9
20
102.8
10
157.15
20
102.8
0
LINE
5
572
330
6
100
AcDbEntity
8
Solar modules
100
AcDbLine
10
158.525
20
100.25
30
0
11
158.525
21
102.8
31
0
0
LWPOLYLINE
5
573
330
6
100
AcDbEntity
8
Solar modules
100
AcDbPolyline
90
4
70
1
38
0
10
160.6
20
100.25
10
163.35
20
100.25
10
163.35
20
102.8
10
160.6
20
102.8
0
LINE
5
574
330
6
100
AcDbEntity
8
Solar modules
100
AcDbLine
10
161.975
20
100.25
30
0
11
161.975
21
102.8
31
0
0
LWPOLYLINE
5
575
330
6
100
AcDbEntity
8
Solar modules
100
AcDbPolyline
90
4
70
1
38
0
10
164.05
20
100.25
10
166.8
20
100.25
10
166.8
20
102.8
10
164.05
20
102.8
0
LINE
5
576
330
6
100
AcDbEntity
8
Solar modules
100
AcDbLine
10
165.425
20
100.25
30
0
11
165.425
21
102.8
31
0
0
LWPOLYLINE
5
577
330
6
100
AcDbEntity
8
Solar modules
100
AcDbPolyline
90
4
70
1
38
0
10
167.5
20
100.25
10
170.25
20
100.25
10
170.25
20
102.8
10
167.5
20
102.8
0
LINE
5
578
330
6
100
AcDbEntity
8
Solar modules
100
AcDbLine
10
168.875
20
100.25
30
0
11
168.875
21
102.8
31
0
0
LWPOLYLINE
5
579
330
6
100
AcDbEntity
8
Solar modules
100
AcDbPolyline
90
4
70
1
38
0
10
170.95
20
100.25
10
173.7
20
100.25
10
173.7
20
102.8
10
170.95
20
102.8
0
LINE
5
57A
330
6
100
AcDbEntity
8
Solar modules
100
AcDbLine
10
172.325
20
100.25
30
0
11
172.325
21
102.8
31
0
0
LWPOLYLINE
5
57B
330
6
100
AcDbEntity
8
Solar modules
100
AcDbPolyline
90
4
70
1
38
0
10
174.4
20
100.25
10
177.15
20
100.25
10
177.15
20
102.8
10
174.4
20
102.8
0
LINE
5
57C
330
6
100
AcDbEntity
8
Solar modules
100
AcDbLine
10
175.775
20
100.25
30
0
11
175.775
21
102.8
31
0
0
LWPOLYLINE
5
57D
330
6
100
AcDbEntity
8
Solar modules
100
AcDbPolyline
90
4
70
1
38
0
10
177.85
20
100.25
10
180.6
20
100.25
10
180.6
20
102.8
10
177.85
20
102.8
0
LINE
5
57E
330
6
100
AcDbEntity
8
Solar modules
100
AcDbLine
10
179.225
20
100.25
30
0
11
179.225
21
102.8
31
0
0
LWPOLYLINE
5
57F
330
6
100
AcDbEntity
8
Solar modules
100
AcDbPolyline
90
4
70
1
38
0
10
181.3
20
100.25
10
184.05
20
100.25
10
184.05
20
102.8
10
181.3
20
102.8
0
LINE
5
580
330
6
100
AcDbEntity
8
Solar modules
100
AcDbLine
10
182.675
20
100.25
30
0
11
182.675
21
102.8
31
0
0
LWPOLYLINE
5
581
330
6
100
AcDbEntity
8
Solar modules
100
AcDbPolyline
90
4
70
1
38
0
10
184.75
20
100.25
10
187.5
20
100.25
10
187.5
20
102.8
10
184.75
20
102.8
0
LINE
5
582
330
6
100
AcDbEntity
8
Solar modules
100
AcDbLine
10
186.125
20
100.25
30
0
11
186.125
21
102.8
31
0
0
LWPOLYLINE
5
583
330
6
100
AcDbEntity
8
Solar modules
100
AcDbPolyline
90
4
70
1
38
0
10
188.2
20
100.25
10
190.95
20
100.25
10
190.95
20
102.8
10
188.2
20
102.8
0
LINE
5
584
330
6
100
AcDbEntity
8
Solar modules
100
AcDbLine
10
189.575
20
100.25
30
0
11
189.575
21
102.8
31
0
0
LWPOLYLINE
5
585
330
6
100
AcDbEntity
8
Solar modules
100
AcDbPolyline
90
4
70
1
38
0
10
191.65
20
100.25
10
194.4
20
100.25
10
194.4
20
102.8
10
191.65
20
102.8
0
LINE
5
586
330
6
100
AcDbEntity
8
Solar modules
100
AcDbLine
10
193.025
20
100.25
30
0
11
193.025
21
102.8
31
0
0
LWPOLYLINE
5
587
330
6
100
AcDbEntity
8
Solar modules
100
AcDbPolyline
90
4
70
1
38
0
10
195.1
20
100.25
10
197.85
20
100.25
10
197.85
20
102.8
10
195.1
20
102.8
0
LINE
5
588
330
6
100
AcDbEntity
8
Solar modules
100
AcDbLine
10
196.475
20
100.25
30
0
11
196.475
21
102.8
31
0
0
LWPOLYLINE
5
589
330
6
100
AcDbEntity
8
Solar modules
100
AcDbPolyline
90
4
70
1
38
0
10
198.55
20
100.25
10
201.3
20
100.25
10
201.3
20
102.8
10
198.55
20
102.8
0
LINE
5
58A
330
6
100
AcDbEntity
8
Solar modules
100
AcDbLine
10
199.925
20
100.25
30
0
11
199.925
21
102.8
31
0
0
LWPOLYLINE
5
58B
330
6
100
AcDbEntity
8
Solar modules
100
AcDbPolyline
90
4
70
1
38
0
10
202
20
100.25
10
204.75
20
100.25
10
204.75
20
102.8
10
202
20
102.8
0
LINE
5
58C
330
6
100
AcDbEntity
8
Solar modules
100
AcDbLine
10
203.375
20
100.25
30
0
11
203.375
21
102.8
31
0
0
LWPOLYLINE
5
58D
330
6
100
AcDbEntity
8
Solar modules
100
AcDbPolyline
90
4
70
1
38
0
10
205.45
20
100.25
10
208.2
20
100.25
10
208.2
20
102.8
10
205.45
20
102.8
0
LINE
5
58E
330
6
100
AcDbEntity
8
Solar modules
100
AcDbLine
10
206.825
20
100.25
30
0
11
206.825
21
102.8
31
0
0
LWPOLYLINE
5
58F
330
6
100
AcDbEntity
8
Solar modules
100
AcDbPolyline
90
4
70
1
38
0
10
208.9
20
100.25
10
211.65
20
100.25
10
211.65
20
102.8
10
208.9
20
102.8
0
LINE
5
590
330
6
100
AcDbEntity
8
Solar modules
100
AcDbLine
10
210.275
20
100.25
30
0
11
210.275
21
102.8
31
0
0
LWPOLYLINE
5
591
330
6
100
AcDbEntity
8
Solar modules
100
AcDbPolyline
90
4
70
1
38
0
10
212.35000000000002
20
100.25
10
215.10000000000002
20
100.25
10
215.10000000000002
20
102.8
10
212.35000000000002
20
102.8
0
LINE
5
592
330
6
100
AcDbEntity
8
Solar modules
100
AcDbLine
10
213.72500000000002
20
100.25
30
0
11
213.72500000000002
21
102.8
31
0
0
LWPOLYLINE
5
593
330
6
100
AcDbEntity
8
Solar modules
100
AcDbPolyline
90
4
70
1
38
0
10
215.8
20
100.25
10
218.55
20
100.25
10
218.55
20
102.8
10
215.8
20
102.8
0
LINE
5
594
330
6
100
AcDbEntity
8
Solar modules
100
AcDbLine
10
217.175
20
100.25
30
0
11
217.175
21
102.8
31
0
0
LWPOLYLINE
5
595
330
6
100
AcDbEntity
8
Solar modules
100
AcDbPolyline
90
4
70
1
38
0
10
219.25
20
100.25
10
222
20
100.25
10
222
20
102.8
10
219.25
20
102.8
0
LINE
5
596
330
6
100
AcDbEntity
8
Solar modules
100
AcDbLine
10
220.625
20
100.25
30
0
11
220.625
21
102.8
31
0
0
LWPOLYLINE
5
597
330
6
100
AcDbEntity
8
Solar modules
100
AcDbPolyline
90
4
70
1
38
0
10
222.7
20
100.25
10
225.45
20
100.25
10
225.45
20
102.8
10
222.7
20
102.8
0
LINE
5
598
330
6
100
AcDbEntity
8
Solar modules
100
AcDbLine
10
224.075
20
100.25
30
0
11
224.075
21
102.8
31
0
0
LWPOLYLINE
5
599
330
6
100
AcDbEntity
8
Solar modules
100
AcDbPolyline
90
4
70
1
38
0
10
226.15
20
100.25
10
228.9
20
100.25
10
228.9
20
102.8
10
226.15
20
102.8
0
LINE
5
59A
330
6
100
AcDbEntity
8
Solar modules
100
AcDbLine
10
227.525
20
100.25
30
0
11
227.525
21
102.8
31
0
0
LWPOLYLINE
5
59B
330
6
100
AcDbEntity
8
Solar modules
100
AcDbPolyline
90
4
70
1
38
0
10
133
20
103.9
10
135.75
20
103.9
10
135.75
20
106.45
10
133
20
106.45
0
LINE
5
59C
330
6
100
AcDbEntity
8
Solar modules
100
AcDbLine
10
134.375
20
103.9
30
0
11
134.375
21
106.45
31
0
0
LWPOLYLINE
5
59D
330
6
100
AcDbEntity
8
Solar modules
100
AcDbPolyline
90
4
70
1
38
0
10
136.45
20
103.9
10
139.2
20
103.9
10
139.2
20
106.45
10
136.45
20
106.45
0
LINE
5
59E
330
6
100
AcDbEntity
8
Solar modules
100
AcDbLine
10
137.825
20
103.9
30
0
11
137.825
21
106.45
31
0
0
LWPOLYLINE
5
59F
330
6
100
AcDbEntity
8
Solar modules
100
AcDbPolyline
90
4
70
1
38
0
10
139.9
20
103.9
10
142.65
20
103.9
10
142.65
20
106.45
10
139.9
20
106.45
0
LINE
5
5A0
330
6
100
AcDbEntity
8
Solar modules
100
AcDbLine
10
141.275
20
103.9
30
0
11
141.275
21
106.45
31
0
0
LWPOLYLINE
5
5A1
330
6
100
AcDbEntity
8
Solar modules
100
AcDbPolyline
90
4
70
1
38
0
10
143.35
20
103.9
10
146.1
20
103.9
10
146.1
20
106.45
10
143.35
20
106.45
0
LINE
5
5A2
330
6
100
AcDbEntity
8
Solar modules
100
AcDbLine
10
144.725
20
103.9
30
0
11
144.725
21
106.45
31
0
0
LWPOLYLINE
5
5A3
330
6
100
AcDbEntity
8
Solar modules
100
AcDbPolyline
90
4
70
1
38
0
10
146.8
20
103.9
10
149.55
20
103.9
10
149.55
20
106.45
10
146.8
20
106.45
0
LINE
5
5A4
330
6
100
AcDbEntity
8
Solar modules
100
AcDbLine
10
148.175
20
103.9
30
0
11
148.175
21
106.45
31
0
0
LWPOLYLINE
5
5A5
330
6
100
AcDbEntity
8
Solar modules
100
AcDbPolyline
90
4
70
1
38
0
10
150.25
20
103.9
10
153
20
103.9
10
153
20
106.45
10
150.25
20
106.45
0
LINE
5
5A6
330
6
100
AcDbEntity
8
Solar modules
100
AcDbLine
10
151.625
20
103.9
30
0
11
151.625
21
106.45
31
0
0
LWPOLYLINE
5
5A7
330
6
100
AcDbEntity
8
Solar modules
100
AcDbPolyline
90
4
70
1
38
0
10
153.7
20
103.9
10
156.45
20
103.9
10
156.45
20
106.45
10
153.7
20
106.45
0
LINE
5
5A8
330
6
100
AcDbEntity
8
Solar modules
100
AcDbLine
10
155.075
20
103.9
30
0
11
155.075
21
106.45
31
0
0
LWPOLYLINE
5
5A9
330
6
100
AcDbEntity
8
Solar modules
100
AcDbPolyline
90
4
70
1
38
0
10
157.15
20
103.9
10
159.9
20
103.9
10
159.9
20
106.45
10
157.15
20
106.45
0
LINE
5
5AA
330
6
100
AcDbEntity
8
Solar modules
100
AcDbLine
10
158.525
20
103.9
30
0
11
158.525
21
106.45
31
0
0
LWPOLYLINE
5
5AB
330
6
100
AcDbEntity
8
Solar modules
100
AcDbPolyline
90
4
70
1
38
0
10
160.6
20
103.9
10
163.35
20
103.9
10
163.35
20
106.45
10
160.6
20
106.45
0
LINE
5
5AC
330
6
100
AcDbEntity
8
Solar modules
100
AcDbLine
10
161.975
20
103.9
30
0
11
161.975
21
106.45
31
0
0
LWPOLYLINE
5
5AD
330
6
100
AcDbEntity
8
Solar modules
100
AcDbPolyline
90
4
70
1
38
0
10
164.05
20
103.9
10
166.8
20
103.9
10
166.8
20
106.45
10
164.05
20
106.45
0
LINE
5
5AE
330
6
100
AcDbEntity
8
Solar modules
100
AcDbLine
10
165.425
20
103.9
30
0
11
165.425
21
106.45
31
0
0
LWPOLYLINE
5
5AF
330
6
100
AcDbEntity
8
Solar modules
100
AcDbPolyline
90
4
70
1
38
0
10
167.5
20
103.9
10
170.25
20
103.9
10
170.25
20
106.45
10
167.5
20
106.45
0
LINE
5
5B0
330
6
100
AcDbEntity
8
Solar modules
100
AcDbLine
10
168.875
20
103.9
30
0
11
168.875
21
106.45
31
0
0
LWPOLYLINE
5
5B1
330
6
100
AcDbEntity
8
Solar modules
100
AcDbPolyline
90
4
70
1
38
0
10
170.95
20
103.9
10
173.7
20
103.9
10
173.7
20
106.45
10
170.95
20
106.45
0
LINE
5
5B2
330
6
100
AcDbEntity
8
Solar modules
100
AcDbLine
10
172.325
20
103.9
30
0
11
172.325
21
106.45
31
0
0
LWPOLYLINE
5
5B3
330
6
100
AcDbEntity
8
Solar modules
100
AcDbPolyline
90
4
70
1
38
0
10
174.4
20
103.9
10
177.15
20
103.9
10
177.15
20
106.45
10
174.4
20
106.45
0
LINE
5
5B4
330
6
100
AcDbEntity
8
Solar modules
100
AcDbLine
10
175.775
20
103.9
30
0
11
175.775
21
106.45
31
0
0
LWPOLYLINE
5
5B5
330
6
100
AcDbEntity
8
Solar modules
100
AcDbPolyline
90
4
70
1
38
0
10
177.85
20
103.9
10
180.6
20
103.9
10
180.6
20
106.45
10
177.85
20
106.45
0
LINE
5
5B6
330
6
100
AcDbEntity
8
Solar modules
100
AcDbLine
10
179.225
20
103.9
30
0
11
179.225
21
106.45
31
0
0
LWPOLYLINE
5
5B7
330
6
100
AcDbEntity
8
Solar modules
100
AcDbPolyline
90
4
70
1
38
0
10
181.3
20
103.9
10
184.05
20
103.9
10
184.05
20
106.45
10
181.3
20
106.45
0
LINE
5
5B8
330
6
100
AcDbEntity
8
Solar modules
100
AcDbLine
10
182.675
20
103.9
30
0
11
182.675
21
106.45
31
0
0
LWPOLYLINE
5
5B9
330
6
100
AcDbEntity
8
Solar modules
100
AcDbPolyline
90
4
70
1
38
0
10
184.75
20
103.9
10
187.5
20
103.9
10
187.5
20
106.45
10
184.75
20
106.45
0
LINE
5
5BA
330
6
100
AcDbEntity
8
Solar modules
100
AcDbLine
10
186.125
20
103.9
30
0
11
186.125
21
106.45
31
0
0
LWPOLYLINE
5
5BB
330
6
100
AcDbEntity
8
Solar modules
100
AcDbPolyline
90
4
70
1
38
0
10
188.2
20
103.9
10
190.95
20
103.9
10
190.95
20
106.45
10
188.2
20
106.45
0
LINE
5
5BC
330
6
100
AcDbEntity
8
Solar modules
100
AcDbLine
10
189.575
20
103.9
30
0
11
189.575
21
106.45
31
0
0
LWPOLYLINE
5
5BD
330
6
100
AcDbEntity
8
Solar modules
100
AcDbPolyline
90
4
70
1
38
0
10
191.65
20
103.9
10
194.4
20
103.9
10
194.4
20
106.45
10
191.65
20
106.45
0
LINE
5
5BE
330
6
100
AcDbEntity
8
Solar modules
100
AcDbLine
10
193.025
20
103.9
30
0
11
193.025
21
106.45
31
0
0
LWPOLYLINE
5
5BF
330
6
100
AcDbEntity
8
Solar modules
100
AcDbPolyline
90
4
70
1
38
0
10
195.1
20
103.9
10
197.85
20
103.9
10
197.85
20
106.45
10
195.1
20
106.45
0
LINE
5
5C0
330
6
100
AcDbEntity
8
Solar modules
100
AcDbLine
10
196.475
20
103.9
30
0
11
196.475
21
106.45
31
0
0
LWPOLYLINE
5
5C1
330
6
100
AcDbEntity
8
Solar modules
100
AcDbPolyline
90
4
70
1
38
0
10
198.55
20
103.9
10
201.3
20
103.9
10
201.3
20
106.45
10
198.55
20
106.45
0
LINE
5
5C2
330
6
100
AcDbEntity
8
Solar modules
100
AcDbLine
10
199.925
20
103.9
30
0
11
199.925
21
106.45
31
0
0
LWPOLYLINE
5
5C3
330
6
100
AcDbEntity
8
Solar modules
100
AcDbPolyline
90
4
70
1
38
0
10
202
20
103.9
10
204.75
20
103.9
10
204.75
20
106.45
10
202
20
106.45
0
LINE
5
5C4
330
6
100
AcDbEntity
8
Solar modules
100
AcDbLine
10
203.375
20
103.9
30
0
11
203.375
21
106.45
31
0
0
LWPOLYLINE
5
5C5
330
6
100
AcDbEntity
8
Solar modules
100
AcDbPolyline
90
4
70
1
38
0
10
205.45
20
103.9
10
208.2
20
103.9
10
208.2
20
106.45
10
205.45
20
106.45
0
LINE
5
5C6
330
6
100
AcDbEntity
8
Solar modules
100
AcDbLine
10
206.825
20
103.9
30
0
11
206.825
21
106.45
31
0
0
LWPOLYLINE
5
5C7
330
6
100
AcDbEntity
8
Solar modules
100
AcDbPolyline
90
4
70
1
38
0
10
208.9
20
103.9
10
211.65
20
103.9
10
211.65
20
106.45
10
208.9
20
106.45
0
LINE
5
5C8
330
6
100
AcDbEntity
8
Solar modules
100
AcDbLine
10
210.275
20
103.9
30
0
11
210.275
21
106.45
31
0
0
LWPOLYLINE
5
5C9
330
6
100
AcDbEntity
8
Solar modules
100
AcDbPolyline
90
4
70
1
38
0
10
212.35000000000002
20
103.9
10
215.10000000000002
20
103.9
10
215.10000000000002
20
106.45
10
212.35000000000002
20
106.45
0
LINE
5
5CA
330
6
100
AcDbEntity
8
Solar modules
100
AcDbLine
10
213.72500000000002
20
103.9
30
0
11
213.72500000000002
21
106.45
31
0
0
LWPOLYLINE
5
5CB
330
6
100
AcDbEntity
8
Solar modules
100
AcDbPolyline
90
4
70
1
38
0
10
215.8
20
103.9
10
218.55
20
103.9
10
218.55
20
106.45
10
215.8
20
106.45
0
LINE
5
5CC
330
6
100
AcDbEntity
8
Solar modules
100
AcDbLine
10
217.175
20
103.9
30
0
11
217.175
21
106.45
31
0
0
LWPOLYLINE
5
5CD
330
6
100
AcDbEntity
8
Solar modules
100
AcDbPolyline
90
4
70
1
38
0
10
219.25
20
103.9
10
222
20
103.9
10
222
20
106.45
10
219.25
20
106.45
0
LINE
5
5CE
330
6
100
AcDbEntity
8
Solar modules
100
AcDbLine
10
220.625
20
103.9
30
0
11
220.625
21
106.45
31
0
0
LWPOLYLINE
5
5CF
330
6
100
AcDbEntity
8
Solar modules
100
AcDbPolyline
90
4
70
1
38
0
10
222.7
20
103.9
10
225.45
20
103.9
10
225.45
20
106.45
10
222.7
20
106.45
0
LINE
5
5D0
330
6
100
AcDbEntity
8
Solar modules
100
AcDbLine
10
224.075
20
103.9
30
0
11
224.075
21
106.45
31
0
0
LWPOLYLINE
5
5D1
330
6
100
AcDbEntity
8
Solar modules
100
AcDbPolyline
90
4
70
1
38
0
10
226.15
20
103.9
10
228.9
20
103.9
10
228.9
20
106.45
10
226.15
20
106.45
0
LINE
5
5D2
330
6
100
AcDbEntity
8
Solar modules
100
AcDbLine
10
227.525
20
103.9
30
0
11
227.525
21
106.45
31
0
0
LWPOLYLINE
5
5D3
330
6
100
AcDbEntity
8
Solar modules
100
AcDbPolyline
90
4
70
1
38
0
10
133
20
107.55
10
135.75
20
107.55
10
135.75
20
110.1
10
133
20
110.1
0
LINE
5
5D4
330
6
100
AcDbEntity
8
Solar modules
100
AcDbLine
10
134.375
20
107.55
30
0
11
134.375
21
110.1
31
0
0
LWPOLYLINE
5
5D5
330
6
100
AcDbEntity
8
Solar modules
100
AcDbPolyline
90
4
70
1
38
0
10
136.45
20
107.55
10
139.2
20
107.55
10
139.2
20
110.1
10
136.45
20
110.1
0
LINE
5
5D6
330
6
100
AcDbEntity
8
Solar modules
100
AcDbLine
10
137.825
20
107.55
30
0
11
137.825
21
110.1
31
0
0
LWPOLYLINE
5
5D7
330
6
100
AcDbEntity
8
Solar modules
100
AcDbPolyline
90
4
70
1
38
0
10
139.9
20
107.55
10
142.65
20
107.55
10
142.65
20
110.1
10
139.9
20
110.1
0
LINE
5
5D8
330
6
100
AcDbEntity
8
Solar modules
100
AcDbLine
10
141.275
20
107.55
30
0
11
141.275
21
110.1
31
0
0
LWPOLYLINE
5
5D9
330
6
100
AcDbEntity
8
Solar modules
100
AcDbPolyline
90
4
70
1
38
0
10
143.35
20
107.55
10
146.1
20
107.55
10
146.1
20
110.1
10
143.35
20
110.1
0
LINE
5
5DA
330
6
100
AcDbEntity
8
Solar modules
100
AcDbLine
10
144.725
20
107.55
30
0
11
144.725
21
110.1
31
0
0
LWPOLYLINE
5
5DB
330
6
100
AcDbEntity
8
Solar modules
100
AcDbPolyline
90
4
70
1
38
0
10
146.8
20
107.55
10
149.55
20
107.55
10
149.55
20
110.1
10
146.8
20
110.1
0
LINE
5
5DC
330
6
100
AcDbEntity
8
Solar modules
100
AcDbLine
10
148.175
20
107.55
30
0
11
148.175
21
110.1
31
0
0
LWPOLYLINE
5
5DD
330
6
100
AcDbEntity
8
Solar modules
100
AcDbPolyline
90
4
70
1
38
0
10
150.25
20
107.55
10
153
20
107.55
10
153
20
110.1
10
150.25
20
110.1
0
LINE
5
5DE
330
6
100
AcDbEntity
8
Solar modules
100
AcDbLine
10
151.625
20
107.55
30
0
11
151.625
21
110.1
31
0
0
LWPOLYLINE
5
5DF
330
6
100
AcDbEntity
8
Solar modules
100
AcDbPolyline
90
4
70
1
38
0
10
153.7
20
107.55
10
156.45
20
107.55
10
156.45
20
110.1
10
153.7
20
110.1
0
LINE
5
5E0
330
6
100
AcDbEntity
8
Solar modules
100
AcDbLine
10
155.075
20
107.55
30
0
11
155.075
21
110.1
31
0
0
LWPOLYLINE
5
5E1
330
6
100
AcDbEntity
8
Solar modules
100
AcDbPolyline
90
4
70
1
38
0
10
157.15
20
107.55
10
159.9
20
107.55
10
159.9
20
110.1
10
157.15
20
110.1
0
LINE
5
5E2
330
6
100
AcDbEntity
8
Solar modules
100
AcDbLine
10
158.525
20
107.55
30
0
11
158.525
21
110.1
31
0
0
LWPOLYLINE
5
5E3
330
6
100
AcDbEntity
8
Solar modules
100
AcDbPolyline
90
4
70
1
38
0
10
160.6
20
107.55
10
163.35
20
107.55
10
163.35
20
110.1
10
160.6
20
110.1
0
LINE
5
5E4
330
6
100
AcDbEntity
8
Solar modules
100
AcDbLine
10
161.975
20
107.55
30
0
11
161.975
21
110.1
31
0
0
LWPOLYLINE
5
5E5
330
6
100
AcDbEntity
8
Solar modules
100
AcDbPolyline
90
4
70
1
38
0
10
164.05
20
107.55
10
166.8
20
107.55
10
166.8
20
110.1
10
164.05
20
110.1
0
LINE
5
5E6
330
6
100
AcDbEntity
8
Solar modules
100
AcDbLine
10
165.425
20
107.55
30
0
11
165.425
21
110.1
31
0
0
LWPOLYLINE
5
5E7
330
6
100
AcDbEntity
8
Solar modules
100
AcDbPolyline
90
4
70
1
38
0
10
167.5
20
107.55
10
170.25
20
107.55
10
170.25
20
110.1
10
167.5
20
110.1
0
LINE
5
5E8
330
6
100
AcDbEntity
8
Solar modules
100
AcDbLine
10
168.875
20
107.55
30
0
11
168.875
21
110.1
31
0
0
LWPOLYLINE
5
5E9
330
6
100
AcDbEntity
8
Solar modules
100
AcDbPolyline
90
4
70
1
38
0
10
170.95
20
107.55
10
173.7
20
107.55
10
173.7
20
110.1
10
170.95
20
110.1
0
LINE
5
5EA
330
6
100
AcDbEntity
8
Solar modules
100
AcDbLine
10
172.325
20
107.55
30
0
11
172.325
21
110.1
31
0
0
LWPOLYLINE
5
5EB
330
6
100
AcDbEntity
8
Solar modules
100
AcDbPolyline
90
4
70
1
38
0
10
174.4
20
107.55
10
177.15
20
107.55
10
177.15
20
110.1
10
174.4
20
110.1
0
LINE
5
5EC
330
6
100
AcDbEntity
8
Solar modules
100
AcDbLine
10
175.775
20
107.55
30
0
11
175.775
21
110.1
31
0
0
LWPOLYLINE
5
5ED
330
6
100
AcDbEntity
8
Solar modules
100
AcDbPolyline
90
4
70
1
38
0
10
177.85
20
107.55
10
180.6
20
107.55
10
180.6
20
110.1
10
177.85
20
110.1
0
LINE
5
5EE
330
6
100
AcDbEntity
8
Solar modules
100
AcDbLine
10
179.225
20
107.55
30
0
11
179.225
21
110.1
31
0
0
LWPOLYLINE
5
5EF
330
6
100
AcDbEntity
8
Solar modules
100
AcDbPolyline
90
4
70
1
38
0
10
181.3
20
107.55
10
184.05
20
107.55
10
184.05
20
110.1
10
181.3
20
110.1
0
LINE
5
5F0
330
6
100
AcDbEntity
8
Solar modules
100
AcDbLine
10
182.675
20
107.55
30
0
11
182.675
21
110.1
31
0
0
LWPOLYLINE
5
5F1
330
6
100
AcDbEntity
8
Solar modules
100
AcDbPolyline
90
4
70
1
38
0
10
184.75
20
107.55
10
187.5
20
107.55
10
187.5
20
110.1
10
184.75
20
110.1
0
LINE
5
5F2
330
6
100
AcDbEntity
8
Solar modules
100
AcDbLine
10
186.125
20
107.55
30
0
11
186.125
21
110.1
31
0
0
LWPOLYLINE
5
5F3
330
6
100
AcDbEntity
8
Solar modules
100
AcDbPolyline
90
4
70
1
38
0
10
188.2
20
107.55
10
190.95
20
107.55
10
190.95
20
110.1
10
188.2
20
110.1
0
LINE
5
5F4
330
6
100
AcDbEntity
8
Solar modules
100
AcDbLine
10
189.575
20
107.55
30
0
11
189.575
21
110.1
31
0
0
LWPOLYLINE
5
5F5
330
6
100
AcDbEntity
8
Solar modules
100
AcDbPolyline
90
4
70
1
38
0
10
191.65
20
107.55
10
194.4
20
107.55
10
194.4
20
110.1
10
191.65
20
110.1
0
LINE
5
5F6
330
6
100
AcDbEntity
8
Solar modules
100
AcDbLine
10
193.025
20
107.55
30
0
11
193.025
21
110.1
31
0
0
LWPOLYLINE
5
5F7
330
6
100
AcDbEntity
8
Solar modules
100
AcDbPolyline
90
4
70
1
38
0
10
195.1
20
107.55
10
197.85
20
107.55
10
197.85
20
110.1
10
195.1
20
110.1
0
LINE
5
5F8
330
6
100
AcDbEntity
8
Solar modules
100
AcDbLine
10
196.475
20
107.55
30
0
11
196.475
21
110.1
31
0
0
LWPOLYLINE
5
5F9
330
6
100
AcDbEntity
8
Solar modules
100
AcDbPolyline
90
4
70
1
38
0
10
198.55
20
107.55
10
201.3
20
107.55
10
201.3
20
110.1
10
198.55
20
110.1
0
LINE
5
5FA
330
6
100
AcDbEntity
8
Solar modules
100
AcDbLine
10
199.925
20
107.55
30
0
11
199.925
21
110.1
31
0
0
LWPOLYLINE
5
5FB
330
6
100
AcDbEntity
8
Solar modules
100
AcDbPolyline
90
4
70
1
38
0
10
202
20
107.55
10
204.75
20
107.55
10
204.75
20
110.1
10
202
20
110.1
0
LINE
5
5FC
330
6
100
AcDbEntity
8
Solar modules
100
AcDbLine
10
203.375
20
107.55
30
0
11
203.375
21
110.1
31
0
0
LWPOLYLINE
5
5FD
330
6
100
AcDbEntity
8
Solar modules
100
AcDbPolyline
90
4
70
1
38
0
10
205.45
20
107.55
10
208.2
20
107.55
10
208.2
20
110.1
10
205.45
20
110.1
0
LINE
5
5FE
330
6
100
AcDbEntity
8
Solar modules
100
AcDbLine
10
206.825
20
107.55
30
0
11
206.825
21
110.1
31
0
0
LWPOLYLINE
5
5FF
330
6
100
AcDbEntity
8
Solar modules
100
AcDbPolyline
90
4
70
1
38
0
10
208.9
20
107.55
10
211.65
20
107.55
10
211.65
20
110.1
10
208.9
20
110.1
0
LINE
5
600
330
6
100
AcDbEntity
8
Solar modules
100
AcDbLine
10
210.275
20
107.55
30
0
11
210.275
21
110.1
31
0
0
LWPOLYLINE
5
601
330
6
100
AcDbEntity
8
Solar modules
100
AcDbPolyline
90
4
70
1
38
0
10
212.35000000000002
20
107.55
10
215.10000000000002
20
107.55
10
215.10000000000002
20
110.1
10
212.35000000000002
20
110.1
0
LINE
5
602
330
6
100
AcDbEntity
8
Solar modules
100
AcDbLine
10
213.72500000000002
20
107.55
30
0
11
213.72500000000002
21
110.1
31
0
0
LWPOLYLINE
5
603
330
6
100
AcDbEntity
8
Solar modules
100
AcDbPolyline
90
4
70
1
38
0
10
215.8
20
107.55
10
218.55
20
107.55
10
218.55
20
110.1
10
215.8
20
110.1
0
LINE
5
604
330
6
100
AcDbEntity
8
Solar modules
100
AcDbLine
10
217.175
20
107.55
30
0
11
217.175
21
110.1
31
0
0
LWPOLYLINE
5
605
330
6
100
AcDbEntity
8
Solar modules
100
AcDbPolyline
90
4
70
1
38
0
10
219.25
20
107.55
10
222
20
107.55
10
222
20
110.1
10
219.25
20
110.1
0
LINE
5
606
330
6
100
AcDbEntity
8
Solar modules
100
AcDbLine
10
220.625
20
107.55
30
0
11
220.625
21
110.1
31
0
0
LWPOLYLINE
5
607
330
6
100
AcDbEntity
8
Solar modules
100
AcDbPolyline
90
4
70
1
38
0
10
222.7
20
107.55
10
225.45
20
107.55
10
225.45
20
110.1
10
222.7
20
110.1
0
LINE
5
608
330
6
100
AcDbEntity
8
Solar modules
100
AcDbLine
10
224.075
20
107.55
30
0
11
224.075
21
110.1
31
0
0
LWPOLYLINE
5
609
330
6
100
AcDbEntity
8
Solar modules
100
AcDbPolyline
90
4
70
1
38
0
10
226.15
20
107.55
10
228.9
20
107.55
10
228.9
20
110.1
10
226.15
20
110.1
0
LINE
5
60A
330
6
100
AcDbEntity
8
Solar modules
100
AcDbLine
10
227.525
20
107.55
30
0
11
227.525
21
110.1
31
0
0
LWPOLYLINE
5
60B
330
6
100
AcDbEntity
8
Solar modules
100
AcDbPolyline
90
4
70
1
38
0
10
133
20
111.2
10
135.75
20
111.2
10
135.75
20
113.75
10
133
20
113.75
0
LINE
5
60C
330
6
100
AcDbEntity
8
Solar modules
100
AcDbLine
10
134.375
20
111.2
30
0
11
134.375
21
113.75
31
0
0
LWPOLYLINE
5
60D
330
6
100
AcDbEntity
8
Solar modules
100
AcDbPolyline
90
4
70
1
38
0
10
136.45
20
111.2
10
139.2
20
111.2
10
139.2
20
113.75
10
136.45
20
113.75
0
LINE
5
60E
330
6
100
AcDbEntity
8
Solar modules
100
AcDbLine
10
137.825
20
111.2
30
0
11
137.825
21
113.75
31
0
0
LWPOLYLINE
5
60F
330
6
100
AcDbEntity
8
Solar modules
100
AcDbPolyline
90
4
70
1
38
0
10
139.9
20
111.2
10
142.65
20
111.2
10
142.65
20
113.75
10
139.9
20
113.75
0
LINE
5
610
330
6
100
AcDbEntity
8
Solar modules
100
AcDbLine
10
141.275
20
111.2
30
0
11
141.275
21
113.75
31
0
0
LWPOLYLINE
5
611
330
6
100
AcDbEntity
8
Solar modules
100
AcDbPolyline
90
4
70
1
38
0
10
143.35
20
111.2
10
146.1
20
111.2
10
146.1
20
113.75
10
143.35
20
113.75
0
LINE
5
612
330
6
100
AcDbEntity
8
Solar modules
100
AcDbLine
10
144.725
20
111.2
30
0
11
144.725
21
113.75
31
0
0
LWPOLYLINE
5
613
330
6
100
AcDbEntity
8
Solar modules
100
AcDbPolyline
90
4
70
1
38
0
10
146.8
20
111.2
10
149.55
20
111.2
10
149.55
20
113.75
10
146.8
20
113.75
0
LINE
5
614
330
6
100
AcDbEntity
8
Solar modules
100
AcDbLine
10
148.175
20
111.2
30
0
11
148.175
21
113.75
31
0
0
LWPOLYLINE
5
615
330
6
100
AcDbEntity
8
Solar modules
100
AcDbPolyline
90
4
70
1
38
0
10
150.25
20
111.2
10
153
20
111.2
10
153
20
113.75
10
150.25
20
113.75
0
LINE
5
616
330
6
100
AcDbEntity
8
Solar modules
100
AcDbLine
10
151.625
20
111.2
30
0
11
151.625
21
113.75
31
0
0
LWPOLYLINE
5
617
330
6
100
AcDbEntity
8
Solar modules
100
AcDbPolyline
90
4
70
1
38
0
10
153.7
20
111.2
10
156.45
20
111.2
10
156.45
20
113.75
10
153.7
20
113.75
0
LINE
5
618
330
6
100
AcDbEntity
8
Solar modules
100
AcDbLine
10
155.075
20
111.2
30
0
11
155.075
21
113.75
31
0
0
LWPOLYLINE
5
619
330
6
100
AcDbEntity
8
Solar modules
100
AcDbPolyline
90
4
70
1
38
0
10
157.15
20
111.2
10
159.9
20
111.2
10
159.9
20
113.75
10
157.15
20
113.75
0
LINE
5
61A
330
6
100
AcDbEntity
8
Solar modules
100
AcDbLine
10
158.525
20
111.2
30
0
11
158.525
21
113.75
31
0
0
LWPOLYLINE
5
61B
330
6
100
AcDbEntity
8
Solar modules
100
AcDbPolyline
90
4
70
1
38
0
10
160.6
20
111.2
10
163.35
20
111.2
10
163.35
20
113.75
10
160.6
20
113.75
0
LINE
5
61C
330
6
100
AcDbEntity
8
Solar modules
100
AcDbLine
10
161.975
20
111.2
30
0
11
161.975
21
113.75
31
0
0
LWPOLYLINE
5
61D
330
6
100
AcDbEntity
8
Solar modules
100
AcDbPolyline
90
4
70
1
38
0
10
164.05
20
111.2
10
166.8
20
111.2
10
166.8
20
113.75
10
164.05
20
113.75
0
LINE
5
61E
330
6
100
AcDbEntity
8
Solar modules
100
AcDbLine
10
165.425
20
111.2
30
0
11
165.425
21
113.75
31
0
0
LWPOLYLINE
5
61F
330
6
100
AcDbEntity
8
Solar modules
100
AcDbPolyline
90
4
70
1
38
0
10
167.5
20
111.2
10
170.25
20
111.2
10
170.25
20
113.75
10
167.5
20
113.75
0
LINE
5
620
330
6
100
AcDbEntity
8
Solar modules
100
AcDbLine
10
168.875
20
111.2
30
0
11
168.875
21
113.75
31
0
0
LWPOLYLINE
5
621
330
6
100
AcDbEntity
8
Solar modules
100
AcDbPolyline
90
4
70
1
38
0
10
170.95
20
111.2
10
173.7
20
111.2
10
173.7
20
113.75
10
170.95
20
113.75
0
LINE
5
622
330
6
100
AcDbEntity
8
Solar modules
100
AcDbLine
10
172.325
20
111.2
30
0
11
172.325
21
113.75
31
0
0
LWPOLYLINE
5
623
330
6
100
AcDbEntity
8
Solar modules
100
AcDbPolyline
90
4
70
1
38
0
10
174.4
20
111.2
10
177.15
20
111.2
10
177.15
20
113.75
10
174.4
20
113.75
0
LINE
5
624
330
6
100
AcDbEntity
8
Solar modules
100
AcDbLine
10
175.775
20
111.2
30
0
11
175.775
21
113.75
31
0
0
LWPOLYLINE
5
625
330
6
100
AcDbEntity
8
Solar modules
100
AcDbPolyline
90
4
70
1
38
0
10
177.85
20
111.2
10
180.6
20
111.2
10
180.6
20
113.75
10
177.85
20
113.75
0
LINE
5
626
330
6
100
AcDbEntity
8
Solar modules
100
AcDbLine
10
179.225
20
111.2
30
0
11
179.225
21
113.75
31
0
0
LWPOLYLINE
5
627
330
6
100
AcDbEntity
8
Solar modules
100
AcDbPolyline
90
4
70
1
38
0
10
181.3
20
111.2
10
184.05
20
111.2
10
184.05
20
113.75
10
181.3
20
113.75
0
LINE
5
628
330
6
100
AcDbEntity
8
Solar modules
100
AcDbLine
10
182.675
20
111.2
30
0
11
182.675
21
113.75
31
0
0
LWPOLYLINE
5
629
330
6
100
AcDbEntity
8
Solar modules
100
AcDbPolyline
90
4
70
1
38
0
10
184.75
20
111.2
10
187.5
20
111.2
10
187.5
20
113.75
10
184.75
20
113.75
0
LINE
5
62A
330
6
100
AcDbEntity
8
Solar modules
100
AcDbLine
10
186.125
20
111.2
30
0
11
186.125
21
113.75
31
0
0
LWPOLYLINE
5
62B
330
6
100
AcDbEntity
8
Solar modules
100
AcDbPolyline
90
4
70
1
38
0
10
188.2
20
111.2
10
190.95
20
111.2
10
190.95
20
113.75
10
188.2
20
113.75
0
LINE
5
62C
330
6
100
AcDbEntity
8
Solar modules
100
AcDbLine
10
189.575
20
111.2
30
0
11
189.575
21
113.75
31
0
0
LWPOLYLINE
5
62D
330
6
100
AcDbEntity
8
Solar modules
100
AcDbPolyline
90
4
70
1
38
0
10
191.65
20
111.2
10
194.4
20
111.2
10
194.4
20
113.75
10
191.65
20
113.75
0
LINE
5
62E
330
6
100
AcDbEntity
8
Solar modules
100
AcDbLine
10
193.025
20
111.2
30
0
11
193.025
21
113.75
31
0
0
LWPOLYLINE
5
62F
330
6
100
AcDbEntity
8
Solar modules
100
AcDbPolyline
90
4
70
1
38
0
10
195.1
20
111.2
10
197.85
20
111.2
10
197.85
20
113.75
10
195.1
20
113.75
0
LINE
5
630
330
6
100
AcDbEntity
8
Solar modules
100
AcDbLine
10
196.475
20
111.2
30
0
11
196.475
21
113.75
31
0
0
LWPOLYLINE
5
631
330
6
100
AcDbEntity
8
Solar modules
100
AcDbPolyline
90
4
70
1
38
0
10
198.55
20
111.2
10
201.3
20
111.2
10
201.3
20
113.75
10
198.55
20
113.75
0
LINE
5
632
330
6
100
AcDbEntity
8
Solar modules
100
AcDbLine
10
199.925
20
111.2
30
0
11
199.925
21
113.75
31
0
0
LWPOLYLINE
5
633
330
6
100
AcDbEntity
8
Solar modules
100
AcDbPolyline
90
4
70
1
38
0
10
202
20
111.2
10
204.75
20
111.2
10
204.75
20
113.75
10
202
20
113.75
0
LINE
5
634
330
6
100
AcDbEntity
8
Solar modules
100
AcDbLine
10
203.375
20
111.2
30
0
11
203.375
21
113.75
31
0
0
LWPOLYLINE
5
635
330
6
100
AcDbEntity
8
Solar modules
100
AcDbPolyline
90
4
70
1
38
0
10
205.45
20
111.2
10
208.2
20
111.2
10
208.2
20
113.75
10
205.45
20
113.75
0
LINE
5
636
330
6
100
AcDbEntity
8
Solar modules
100
AcDbLine
10
206.825
20
111.2
30
0
11
206.825
21
113.75
31
0
0
LWPOLYLINE
5
637
330
6
100
AcDbEntity
8
Solar modules
100
AcDbPolyline
90
4
70
1
38
0
10
208.9
20
111.2
10
211.65
20
111.2
10
211.65
20
113.75
10
208.9
20
113.75
0
LINE
5
638
330
6
100
AcDbEntity
8
Solar modules
100
AcDbLine
10
210.275
20
111.2
30
0
11
210.275
21
113.75
31
0
0
LWPOLYLINE
5
639
330
6
100
AcDbEntity
8
Solar modules
100
AcDbPolyline
90
4
70
1
38
0
10
212.35000000000002
20
111.2
10
215.10000000000002
20
111.2
10
215.10000000000002
20
113.75
10
212.35000000000002
20
113.75
0
LINE
5
63A
330
6
100
AcDbEntity
8
Solar modules
100
AcDbLine
10
213.72500000000002
20
111.2
30
0
11
213.72500000000002
21
113.75
31
0
0
LWPOLYLINE
5
63B
330
6
100
AcDbEntity
8
Solar modules
100
AcDbPolyline
90
4
70
1
38
0
10
215.8
20
111.2
10
218.55
20
111.2
10
218.55
20
113.75
10
215.8
20
113.75
0
LINE
5
63C
330
6
100
AcDbEntity
8
Solar modules
100
AcDbLine
10
217.175
20
111.2
30
0
11
217.175
21
113.75
31
0
0
LWPOLYLINE
5
63D
330
6
100
AcDbEntity
8
Solar modules
100
AcDbPolyline
90
4
70
1
38
0
10
219.25
20
111.2
10
222
20
111.2
10
222
20
113.75
10
219.25
20
113.75
0
LINE
5
63E
330
6
100
AcDbEntity
8
Solar modules
100
AcDbLine
10
220.625
20
111.2
30
0
11
220.625
21
113.75
31
0
0
LWPOLYLINE
5
63F
330
6
100
AcDbEntity
8
Solar modules
100
AcDbPolyline
90
4
70
1
38
0
10
222.7
20
111.2
10
225.45
20
111.2
10
225.45
20
113.75
10
222.7
20
113.75
0
LINE
5
640
330
6
100
AcDbEntity
8
Solar modules
100
AcDbLine
10
224.075
20
111.2
30
0
11
224.075
21
113.75
31
0
0
LWPOLYLINE
5
641
330
6
100
AcDbEntity
8
Solar modules
100
AcDbPolyline
90
4
70
1
38
0
10
226.15
20
111.2
10
228.9
20
111.2
10
228.9
20
113.75
10
226.15
20
113.75
0
LINE
5
642
330
6
100
AcDbEntity
8
Solar modules
100
AcDbLine
10
227.525
20
111.2
30
0
11
227.525
21
113.75
31
0
0
LWPOLYLINE
5
643
330
6
100
AcDbEntity
8
Solar modules
100
AcDbPolyline
90
4
70
1
38
0
10
133
20
114.85
10
135.75
20
114.85
10
135.75
20
117.39999999999999
10
133
20
117.39999999999999
0
LINE
5
644
330
6
100
AcDbEntity
8
Solar modules
100
AcDbLine
10
134.375
20
114.85
30
0
11
134.375
21
117.39999999999999
31
0
0
LWPOLYLINE
5
645
330
6
100
AcDbEntity
8
Solar modules
100
AcDbPolyline
90
4
70
1
38
0
10
136.45
20
114.85
10
139.2
20
114.85
10
139.2
20
117.39999999999999
10
136.45
20
117.39999999999999
0
LINE
5
646
330
6
100
AcDbEntity
8
Solar modules
100
AcDbLine
10
137.825
20
114.85
30
0
11
137.825
21
117.39999999999999
31
0
0
LWPOLYLINE
5
647
330
6
100
AcDbEntity
8
Solar modules
100
AcDbPolyline
90
4
70
1
38
0
10
139.9
20
114.85
10
142.65
20
114.85
10
142.65
20
117.39999999999999
10
139.9
20
117.39999999999999
0
LINE
5
648
330
6
100
AcDbEntity
8
Solar modules
100
AcDbLine
10
141.275
20
114.85
30
0
11
141.275
21
117.39999999999999
31
0
0
LWPOLYLINE
5
649
330
6
100
AcDbEntity
8
Solar modules
100
AcDbPolyline
90
4
70
1
38
0
10
143.35
20
114.85
10
146.1
20
114.85
10
146.1
20
117.39999999999999
10
143.35
20
117.39999999999999
0
LINE
5
64A
330
6
100
AcDbEntity
8
Solar modules
100
AcDbLine
10
144.725
20
114.85
30
0
11
144.725
21
117.39999999999999
31
0
0
LWPOLYLINE
5
64B
330
6
100
AcDbEntity
8
Solar modules
100
AcDbPolyline
90
4
70
1
38
0
10
146.8
20
114.85
10
149.55
20
114.85
10
149.55
20
117.39999999999999
10
146.8
20
117.39999999999999
0
LINE
5
64C
330
6
100
AcDbEntity
8
Solar modules
100
AcDbLine
10
148.175
20
114.85
30
0
11
148.175
21
117.39999999999999
31
0
0
LWPOLYLINE
5
64D
330
6
100
AcDbEntity
8
Solar modules
100
AcDbPolyline
90
4
70
1
38
0
10
150.25
20
114.85
10
153
20
114.85
10
153
20
117.39999999999999
10
150.25
20
117.39999999999999
0
LINE
5
64E
330
6
100
AcDbEntity
8
Solar modules
100
AcDbLine
10
151.625
20
114.85
30
0
11
151.625
21
117.39999999999999
31
0
0
LWPOLYLINE
5
64F
330
6
100
AcDbEntity
8
Solar modules
100
AcDbPolyline
90
4
70
1
38
0
10
153.7
20
114.85
10
156.45
20
114.85
10
156.45
20
117.39999999999999
10
153.7
20
117.39999999999999
0
LINE
5
650
330
6
100
AcDbEntity
8
Solar modules
100
AcDbLine
10
155.075
20
114.85
30
0
11
155.075
21
117.39999999999999
31
0
0
LWPOLYLINE
5
651
330
6
100
AcDbEntity
8
Solar modules
100
AcDbPolyline
90
4
70
1
38
0
10
157.15
20
114.85
10
159.9
20
114.85
10
159.9
20
117.39999999999999
10
157.15
20
117.39999999999999
0
LINE
5
652
330
6
100
AcDbEntity
8
Solar modules
100
AcDbLine
10
158.525
20
114.85
30
0
11
158.525
21
117.39999999999999
31
0
0
LWPOLYLINE
5
653
330
6
100
AcDbEntity
8
Solar modules
100
AcDbPolyline
90
4
70
1
38
0
10
160.6
20
114.85
10
163.35
20
114.85
10
163.35
20
117.39999999999999
10
160.6
20
117.39999999999999
0
LINE
5
654
330
6
100
AcDbEntity
8
Solar modules
100
AcDbLine
10
161.975
20
114.85
30
0
11
161.975
21
117.39999999999999
31
0
0
LWPOLYLINE
5
655
330
6
100
AcDbEntity
8
Solar modules
100
AcDbPolyline
90
4
70
1
38
0
10
164.05
20
114.85
10
166.8
20
114.85
10
166.8
20
117.39999999999999
10
164.05
20
117.39999999999999
0
LINE
5
656
330
6
100
AcDbEntity
8
Solar modules
100
AcDbLine
10
165.425
20
114.85
30
0
11
165.425
21
117.39999999999999
31
0
0
LWPOLYLINE
5
657
330
6
100
AcDbEntity
8
Solar modules
100
AcDbPolyline
90
4
70
1
38
0
10
167.5
20
114.85
10
170.25
20
114.85
10
170.25
20
117.39999999999999
10
167.5
20
117.39999999999999
0
LINE
5
658
330
6
100
AcDbEntity
8
Solar modules
100
AcDbLine
10
168.875
20
114.85
30
0
11
168.875
21
117.39999999999999
31
0
0
LWPOLYLINE
5
659
330
6
100
AcDbEntity
8
Solar modules
100
AcDbPolyline
90
4
70
1
38
0
10
170.95
20
114.85
10
173.7
20
114.85
10
173.7
20
117.39999999999999
10
170.95
20
117.39999999999999
0
LINE
5
65A
330
6
100
AcDbEntity
8
Solar modules
100
AcDbLine
10
172.325
20
114.85
30
0
11
172.325
21
117.39999999999999
31
0
0
LWPOLYLINE
5
65B
330
6
100
AcDbEntity
8
Solar modules
100
AcDbPolyline
90
4
70
1
38
0
10
174.4
20
114.85
10
177.15
20
114.85
10
177.15
20
117.39999999999999
10
174.4
20
117.39999999999999
0
LINE
5
65C
330
6
100
AcDbEntity
8
Solar modules
100
AcDbLine
10
175.775
20
114.85
30
0
11
175.775
21
117.39999999999999
31
0
0
LWPOLYLINE
5
65D
330
6
100
AcDbEntity
8
Solar modules
100
AcDbPolyline
90
4
70
1
38
0
10
177.85
20
114.85
10
180.6
20
114.85
10
180.6
20
117.39999999999999
10
177.85
20
117.39999999999999
0
LINE
5
65E
330
6
100
AcDbEntity
8
Solar modules
100
AcDbLine
10
179.225
20
114.85
30
0
11
179.225
21
117.39999999999999
31
0
0
LWPOLYLINE
5
65F
330
6
100
AcDbEntity
8
Solar modules
100
AcDbPolyline
90
4
70
1
38
0
10
181.3
20
114.85
10
184.05
20
114.85
10
184.05
20
117.39999999999999
10
181.3
20
117.39999999999999
0
LINE
5
660
330
6
100
AcDbEntity
8
Solar modules
100
AcDbLine
10
182.675
20
114.85
30
0
11
182.675
21
117.39999999999999
31
0
0
LWPOLYLINE
5
661
330
6
100
AcDbEntity
8
Solar modules
100
AcDbPolyline
90
4
70
1
38
0
10
184.75
20
114.85
10
187.5
20
114.85
10
187.5
20
117.39999999999999
10
184.75
20
117.39999999999999
0
LINE
5
662
330
6
100
AcDbEntity
8
Solar modules
100
AcDbLine
10
186.125
20
114.85
30
0
11
186.125
21
117.39999999999999
31
0
0
LWPOLYLINE
5
663
330
6
100
AcDbEntity
8
Solar modules
100
AcDbPolyline
90
4
70
1
38
0
10
188.2
20
114.85
10
190.95
20
114.85
10
190.95
20
117.39999999999999
10
188.2
20
117.39999999999999
0
LINE
5
664
330
6
100
AcDbEntity
8
Solar modules
100
AcDbLine
10
189.575
20
114.85
30
0
11
189.575
21
117.39999999999999
31
0
0
LWPOLYLINE
5
665
330
6
100
AcDbEntity
8
Solar modules
100
AcDbPolyline
90
4
70
1
38
0
10
191.65
20
114.85
10
194.4
20
114.85
10
194.4
20
117.39999999999999
10
191.65
20
117.39999999999999
0
LINE
5
666
330
6
100
AcDbEntity
8
Solar modules
100
AcDbLine
10
193.025
20
114.85
30
0
11
193.025
21
117.39999999999999
31
0
0
LWPOLYLINE
5
667
330
6
100
AcDbEntity
8
Solar modules
100
AcDbPolyline
90
4
70
1
38
0
10
195.1
20
114.85
10
197.85
20
114.85
10
197.85
20
117.39999999999999
10
195.1
20
117.39999999999999
0
LINE
5
668
330
6
100
AcDbEntity
8
Solar modules
100
AcDbLine
10
196.475
20
114.85
30
0
11
196.475
21
117.39999999999999
31
0
0
LWPOLYLINE
5
669
330
6
100
AcDbEntity
8
Solar modules
100
AcDbPolyline
90
4
70
1
38
0
10
198.55
20
114.85
10
201.3
20
114.85
10
201.3
20
117.39999999999999
10
198.55
20
117.39999999999999
0
LINE
5
66A
330
6
100
AcDbEntity
8
Solar modules
100
AcDbLine
10
199.925
20
114.85
30
0
11
199.925
21
117.39999999999999
31
0
0
LWPOLYLINE
5
66B
330
6
100
AcDbEntity
8
Solar modules
100
AcDbPolyline
90
4
70
1
38
0
10
202
20
114.85
10
204.75
20
114.85
10
204.75
20
117.39999999999999
10
202
20
117.39999999999999
0
LINE
5
66C
330
6
100
AcDbEntity
8
Solar modules
100
AcDbLine
10
203.375
20
114.85
30
0
11
203.375
21
117.39999999999999
31
0
0
LWPOLYLINE
5
66D
330
6
100
AcDbEntity
8
Solar modules
100
AcDbPolyline
90
4
70
1
38
0
10
205.45
20
114.85
10
208.2
20
114.85
10
208.2
20
117.39999999999999
10
205.45
20
117.39999999999999
0
LINE
5
66E
330
6
100
AcDbEntity
8
Solar modules
100
AcDbLine
10
206.825
20
114.85
30
0
11
206.825
21
117.39999999999999
31
0
0
LWPOLYLINE
5
66F
330
6
100
AcDbEntity
8
Solar modules
100
AcDbPolyline
90
4
70
1
38
0
10
208.9
20
114.85
10
211.65
20
114.85
10
211.65
20
117.39999999999999
10
208.9
20
117.39999999999999
0
LINE
5
670
330
6
100
AcDbEntity
8
Solar modules
100
AcDbLine
10
210.275
20
114.85
30
0
11
210.275
21
117.39999999999999
31
0
0
LWPOLYLINE
5
671
330
6
100
AcDbEntity
8
Solar modules
100
AcDbPolyline
90
4
70
1
38
0
10
212.35000000000002
20
114.85
10
215.10000000000002
20
114.85
10
215.10000000000002
20
117.39999999999999
10
212.35000000000002
20
117.39999999999999
0
LINE
5
672
330
6
100
AcDbEntity
8
Solar modules
100
AcDbLine
10
213.72500000000002
20
114.85
30
0
11
213.72500000000002
21
117.39999999999999
31
0
0
LWPOLYLINE
5
673
330
6
100
AcDbEntity
8
Solar modules
100
AcDbPolyline
90
4
70
1
38
0
10
215.8
20
114.85
10
218.55
20
114.85
10
218.55
20
117.39999999999999
10
215.8
20
117.39999999999999
0
LINE
5
674
330
6
100
AcDbEntity
8
Solar modules
100
AcDbLine
10
217.175
20
114.85
30
0
11
217.175
21
117.39999999999999
31
0
0
LWPOLYLINE
5
675
330
6
100
AcDbEntity
8
Solar modules
100
AcDbPolyline
90
4
70
1
38
0
10
219.25
20
114.85
10
222
20
114.85
10
222
20
117.39999999999999
10
219.25
20
117.39999999999999
0
LINE
5
676
330
6
100
AcDbEntity
8
Solar modules
100
AcDbLine
10
220.625
20
114.85
30
0
11
220.625
21
117.39999999999999
31
0
0
LWPOLYLINE
5
677
330
6
100
AcDbEntity
8
Solar modules
100
AcDbPolyline
90
4
70
1
38
0
10
222.7
20
114.85
10
225.45
20
114.85
10
225.45
20
117.39999999999999
10
222.7
20
117.39999999999999
0
LINE
5
678
330
6
100
AcDbEntity
8
Solar modules
100
AcDbLine
10
224.075
20
114.85
30
0
11
224.075
21
117.39999999999999
31
0
0
LWPOLYLINE
5
679
330
6
100
AcDbEntity
8
Solar modules
100
AcDbPolyline
90
4
70
1
38
0
10
226.15
20
114.85
10
228.9
20
114.85
10
228.9
20
117.39999999999999
10
226.15
20
117.39999999999999
0
LINE
5
67A
330
6
100
AcDbEntity
8
Solar modules
100
AcDbLine
10
227.525
20
114.85
30
0
11
227.525
21
117.39999999999999
31
0
0
LWPOLYLINE
5
67B
330
6
100
AcDbEntity
8
Solar modules
100
AcDbPolyline
90
4
70
1
38
0
10
133
20
118.5
10
135.75
20
118.5
10
135.75
20
121.05
10
133
20
121.05
0
LINE
5
67C
330
6
100
AcDbEntity
8
Solar modules
100
AcDbLine
10
134.375
20
118.5
30
0
11
134.375
21
121.05
31
0
0
LWPOLYLINE
5
67D
330
6
100
AcDbEntity
8
Solar modules
100
AcDbPolyline
90
4
70
1
38
0
10
136.45
20
118.5
10
139.2
20
118.5
10
139.2
20
121.05
10
136.45
20
121.05
0
LINE
5
67E
330
6
100
AcDbEntity
8
Solar modules
100
AcDbLine
10
137.825
20
118.5
30
0
11
137.825
21
121.05
31
0
0
LWPOLYLINE
5
67F
330
6
100
AcDbEntity
8
Solar modules
100
AcDbPolyline
90
4
70
1
38
0
10
139.9
20
118.5
10
142.65
20
118.5
10
142.65
20
121.05
10
139.9
20
121.05
0
LINE
5
680
330
6
100
AcDbEntity
8
Solar modules
100
AcDbLine
10
141.275
20
118.5
30
0
11
141.275
21
121.05
31
0
0
LWPOLYLINE
5
681
330
6
100
AcDbEntity
8
Solar modules
100
AcDbPolyline
90
4
70
1
38
0
10
143.35
20
118.5
10
146.1
20
118.5
10
146.1
20
121.05
10
143.35
20
121.05
0
LINE
5
682
330
6
100
AcDbEntity
8
Solar modules
100
AcDbLine
10
144.725
20
118.5
30
0
11
144.725
21
121.05
31
0
0
LWPOLYLINE
5
683
330
6
100
AcDbEntity
8
Solar modules
100
AcDbPolyline
90
4
70
1
38
0
10
146.8
20
118.5
10
149.55
20
118.5
10
149.55
20
121.05
10
146.8
20
121.05
0
LINE
5
684
330
6
100
AcDbEntity
8
Solar modules
100
AcDbLine
10
148.175
20
118.5
30
0
11
148.175
21
121.05
31
0
0
LWPOLYLINE
5
685
330
6
100
AcDbEntity
8
Solar modules
100
AcDbPolyline
90
4
70
1
38
0
10
150.25
20
118.5
10
153
20
118.5
10
153
20
121.05
10
150.25
20
121.05
0
LINE
5
686
330
6
100
AcDbEntity
8
Solar modules
100
AcDbLine
10
151.625
20
118.5
30
0
11
151.625
21
121.05
31
0
0
LWPOLYLINE
5
687
330
6
100
AcDbEntity
8
Solar modules
100
AcDbPolyline
90
4
70
1
38
0
10
153.7
20
118.5
10
156.45
20
118.5
10
156.45
20
121.05
10
153.7
20
121.05
0
LINE
5
688
330
6
100
AcDbEntity
8
Solar modules
100
AcDbLine
10
155.075
20
118.5
30
0
11
155.075
21
121.05
31
0
0
LWPOLYLINE
5
689
330
6
100
AcDbEntity
8
Solar modules
100
AcDbPolyline
90
4
70
1
38
0
10
157.15
20
118.5
10
159.9
20
118.5
10
159.9
20
121.05
10
157.15
20
121.05
0
LINE
5
68A
330
6
100
AcDbEntity
8
Solar modules
100
AcDbLine
10
158.525
20
118.5
30
0
11
158.525
21
121.05
31
0
0
LWPOLYLINE
5
68B
330
6
100
AcDbEntity
8
Solar modules
100
AcDbPolyline
90
4
70
1
38
0
10
160.6
20
118.5
10
163.35
20
118.5
10
163.35
20
121.05
10
160.6
20
121.05
0
LINE
5
68C
330
6
100
AcDbEntity
8
Solar modules
100
AcDbLine
10
161.975
20
118.5
30
0
11
161.975
21
121.05
31
0
0
LWPOLYLINE
5
68D
330
6
100
AcDbEntity
8
Solar modules
100
AcDbPolyline
90
4
70
1
38
0
10
164.05
20
118.5
10
166.8
20
118.5
10
166.8
20
121.05
10
164.05
20
121.05
0
LINE
5
68E
330
6
100
AcDbEntity
8
Solar modules
100
AcDbLine
10
165.425
20
118.5
30
0
11
165.425
21
121.05
31
0
0
LWPOLYLINE
5
68F
330
6
100
AcDbEntity
8
Solar modules
100
AcDbPolyline
90
4
70
1
38
0
10
167.5
20
118.5
10
170.25
20
118.5
10
170.25
20
121.05
10
167.5
20
121.05
0
LINE
5
690
330
6
100
AcDbEntity
8
Solar modules
100
AcDbLine
10
168.875
20
118.5
30
0
11
168.875
21
121.05
31
0
0
LWPOLYLINE
5
691
330
6
100
AcDbEntity
8
Solar modules
100
AcDbPolyline
90
4
70
1
38
0
10
170.95
20
118.5
10
173.7
20
118.5
10
173.7
20
121.05
10
170.95
20
121.05
0
LINE
5
692
330
6
100
AcDbEntity
8
Solar modules
100
AcDbLine
10
172.325
20
118.5
30
0
11
172.325
21
121.05
31
0
0
LWPOLYLINE
5
693
330
6
100
AcDbEntity
8
Solar modules
100
AcDbPolyline
90
4
70
1
38
0
10
174.4
20
118.5
10
177.15
20
118.5
10
177.15
20
121.05
10
174.4
20
121.05
0
LINE
5
694
330
6
100
AcDbEntity
8
Solar modules
100
AcDbLine
10
175.775
20
118.5
30
0
11
175.775
21
121.05
31
0
0
LWPOLYLINE
5
695
330
6
100
AcDbEntity
8
Solar modules
100
AcDbPolyline
90
4
70
1
38
0
10
177.85
20
118.5
10
180.6
20
118.5
10
180.6
20
121.05
10
177.85
20
121.05
0
LINE
5
696
330
6
100
AcDbEntity
8
Solar modules
100
AcDbLine
10
179.225
20
118.5
30
0
11
179.225
21
121.05
31
0
0
LWPOLYLINE
5
697
330
6
100
AcDbEntity
8
Solar modules
100
AcDbPolyline
90
4
70
1
38
0
10
181.3
20
118.5
10
184.05
20
118.5
10
184.05
20
121.05
10
181.3
20
121.05
0
LINE
5
698
330
6
100
AcDbEntity
8
Solar modules
100
AcDbLine
10
182.675
20
118.5
30
0
11
182.675
21
121.05
31
0
0
LWPOLYLINE
5
699
330
6
100
AcDbEntity
8
Solar modules
100
AcDbPolyline
90
4
70
1
38
0
10
184.75
20
118.5
10
187.5
20
118.5
10
187.5
20
121.05
10
184.75
20
121.05
0
LINE
5
69A
330
6
100
AcDbEntity
8
Solar modules
100
AcDbLine
10
186.125
20
118.5
30
0
11
186.125
21
121.05
31
0
0
LWPOLYLINE
5
69B
330
6
100
AcDbEntity
8
Solar modules
100
AcDbPolyline
90
4
70
1
38
0
10
188.2
20
118.5
10
190.95
20
118.5
10
190.95
20
121.05
10
188.2
20
121.05
0
LINE
5
69C
330
6
100
AcDbEntity
8
Solar modules
100
AcDbLine
10
189.575
20
118.5
30
0
11
189.575
21
121.05
31
0
0
LWPOLYLINE
5
69D
330
6
100
AcDbEntity
8
Solar modules
100
AcDbPolyline
90
4
70
1
38
0
10
191.65
20
118.5
10
194.4
20
118.5
10
194.4
20
121.05
10
191.65
20
121.05
0
LINE
5
69E
330
6
100
AcDbEntity
8
Solar modules
100
AcDbLine
10
193.025
20
118.5
30
0
11
193.025
21
121.05
31
0
0
LWPOLYLINE
5
69F
330
6
100
AcDbEntity
8
Solar modules
100
AcDbPolyline
90
4
70
1
38
0
10
195.1
20
118.5
10
197.85
20
118.5
10
197.85
20
121.05
10
195.1
20
121.05
0
LINE
5
6A0
330
6
100
AcDbEntity
8
Solar modules
100
AcDbLine
10
196.475
20
118.5
30
0
11
196.475
21
121.05
31
0
0
LWPOLYLINE
5
6A1
330
6
100
AcDbEntity
8
Solar modules
100
AcDbPolyline
90
4
70
1
38
0
10
198.55
20
118.5
10
201.3
20
118.5
10
201.3
20
121.05
10
198.55
20
121.05
0
LINE
5
6A2
330
6
100
AcDbEntity
8
Solar modules
100
AcDbLine
10
199.925
20
118.5
30
0
11
199.925
21
121.05
31
0
0
LWPOLYLINE
5
6A3
330
6
100
AcDbEntity
8
Solar modules
100
AcDbPolyline
90
4
70
1
38
0
10
202
20
118.5
10
204.75
20
118.5
10
204.75
20
121.05
10
202
20
121.05
0
LINE
5
6A4
330
6
100
AcDbEntity
8
Solar modules
100
AcDbLine
10
203.375
20
118.5
30
0
11
203.375
21
121.05
31
0
0
LWPOLYLINE
5
6A5
330
6
100
AcDbEntity
8
Solar modules
100
AcDbPolyline
90
4
70
1
38
0
10
205.45
20
118.5
10
208.2
20
118.5
10
208.2
20
121.05
10
205.45
20
121.05
0
LINE
5
6A6
330
6
100
AcDbEntity
8
Solar modules
100
AcDbLine
10
206.825
20
118.5
30
0
11
206.825
21
121.05
31
0
0
LWPOLYLINE
5
6A7
330
6
100
AcDbEntity
8
Solar modules
100
AcDbPolyline
90
4
70
1
38
0
10
208.9
20
118.5
10
211.65
20
118.5
10
211.65
20
121.05
10
208.9
20
121.05
0
LINE
5
6A8
330
6
100
AcDbEntity
8
Solar modules
100
AcDbLine
10
210.275
20
118.5
30
0
11
210.275
21
121.05
31
0
0
LWPOLYLINE
5
6A9
330
6
100
AcDbEntity
8
Solar modules
100
AcDbPolyline
90
4
70
1
38
0
10
212.35000000000002
20
118.5
10
215.10000000000002
20
118.5
10
215.10000000000002
20
121.05
10
212.35000000000002
20
121.05
0
LINE
5
6AA
330
6
100
AcDbEntity
8
Solar modules
100
AcDbLine
10
213.72500000000002
20
118.5
30
0
11
213.72500000000002
21
121.05
31
0
0
LWPOLYLINE
5
6AB
330
6
100
AcDbEntity
8
Solar modules
100
AcDbPolyline
90
4
70
1
38
0
10
215.8
20
118.5
10
218.55
20
118.5
10
218.55
20
121.05
10
215.8
20
121.05
0
LINE
5
6AC
330
6
100
AcDbEntity
8
Solar modules
100
AcDbLine
10
217.175
20
118.5
30
0
11
217.175
21
121.05
31
0
0
LWPOLYLINE
5
6AD
330
6
100
AcDbEntity
8
Solar modules
100
AcDbPolyline
90
4
70
1
38
0
10
219.25
20
118.5
10
222
20
118.5
10
222
20
121.05
10
219.25
20
121.05
0
LINE
5
6AE
330
6
100
AcDbEntity
8
Solar modules
100
AcDbLine
10
220.625
20
118.5
30
0
11
220.625
21
121.05
31
0
0
LWPOLYLINE
5
6AF
330
6
100
AcDbEntity
8
Solar modules
100
AcDbPolyline
90
4
70
1
38
0
10
222.7
20
118.5
10
225.45
20
118.5
10
225.45
20
121.05
10
222.7
20
121.05
0
LINE
5
6B0
330
6
100
AcDbEntity
8
Solar modules
100
AcDbLine
10
224.075
20
118.5
30
0
11
224.075
21
121.05
31
0
0
LWPOLYLINE
5
6B1
330
6
100
AcDbEntity
8
Solar modules
100
AcDbPolyline
90
4
70
1
38
0
10
226.15
20
118.5
10
228.9
20
118.5
10
228.9
20
121.05
10
226.15
20
121.05
0
LINE
5
6B2
330
6
100
AcDbEntity
8
Solar modules
100
AcDbLine
10
227.525
20
118.5
30
0
11
227.525
21
121.05
31
0
0
LWPOLYLINE
5
6B3
330
6
100
AcDbEntity
8
Solar modules
100
AcDbPolyline
90
4
70
1
38
0
10
133
20
122.15
10
135.75
20
122.15
10
135.75
20
124.7
10
133
20
124.7
0
LINE
5
6B4
330
6
100
AcDbEntity
8
Solar modules
100
AcDbLine
10
134.375
20
122.15
30
0
11
134.375
21
124.7
31
0
0
LWPOLYLINE
5
6B5
330
6
100
AcDbEntity
8
Solar modules
100
AcDbPolyline
90
4
70
1
38
0
10
136.45
20
122.15
10
139.2
20
122.15
10
139.2
20
124.7
10
136.45
20
124.7
0
LINE
5
6B6
330
6
100
AcDbEntity
8
Solar modules
100
AcDbLine
10
137.825
20
122.15
30
0
11
137.825
21
124.7
31
0
0
LWPOLYLINE
5
6B7
330
6
100
AcDbEntity
8
Solar modules
100
AcDbPolyline
90
4
70
1
38
0
10
139.9
20
122.15
10
142.65
20
122.15
10
142.65
20
124.7
10
139.9
20
124.7
0
LINE
5
6B8
330
6
100
AcDbEntity
8
Solar modules
100
AcDbLine
10
141.275
20
122.15
30
0
11
141.275
21
124.7
31
0
0
LWPOLYLINE
5
6B9
330
6
100
AcDbEntity
8
Solar modules
100
AcDbPolyline
90
4
70
1
38
0
10
143.35
20
122.15
10
146.1
20
122.15
10
146.1
20
124.7
10
143.35
20
124.7
0
LINE
5
6BA
330
6
100
AcDbEntity
8
Solar modules
100
AcDbLine
10
144.725
20
122.15
30
0
11
144.725
21
124.7
31
0
0
LWPOLYLINE
5
6BB
330
6
100
AcDbEntity
8
Solar modules
100
AcDbPolyline
90
4
70
1
38
0
10
146.8
20
122.15
10
149.55
20
122.15
10
149.55
20
124.7
10
146.8
20
124.7
0
LINE
5
6BC
330
6
100
AcDbEntity
8
Solar modules
100
AcDbLine
10
148.175
20
122.15
30
0
11
148.175
21
124.7
31
0
0
LWPOLYLINE
5
6BD
330
6
100
AcDbEntity
8
Solar modules
100
AcDbPolyline
90
4
70
1
38
0
10
150.25
20
122.15
10
153
20
122.15
10
153
20
124.7
10
150.25
20
124.7
0
LINE
5
6BE
330
6
100
AcDbEntity
8
Solar modules
100
AcDbLine
10
151.625
20
122.15
30
0
11
151.625
21
124.7
31
0
0
LWPOLYLINE
5
6BF
330
6
100
AcDbEntity
8
Solar modules
100
AcDbPolyline
90
4
70
1
38
0
10
153.7
20
122.15
10
156.45
20
122.15
10
156.45
20
124.7
10
153.7
20
124.7
0
LINE
5
6C0
330
6
100
AcDbEntity
8
Solar modules
100
AcDbLine
10
155.075
20
122.15
30
0
11
155.075
21
124.7
31
0
0
LWPOLYLINE
5
6C1
330
6
100
AcDbEntity
8
Solar modules
100
AcDbPolyline
90
4
70
1
38
0
10
157.15
20
122.15
10
159.9
20
122.15
10
159.9
20
124.7
10
157.15
20
124.7
0
LINE
5
6C2
330
6
100
AcDbEntity
8
Solar modules
100
AcDbLine
10
158.525
20
122.15
30
0
11
158.525
21
124.7
31
0
0
LWPOLYLINE
5
6C3
330
6
100
AcDbEntity
8
Solar modules
100
AcDbPolyline
90
4
70
1
38
0
10
160.6
20
122.15
10
163.35
20
122.15
10
163.35
20
124.7
10
160.6
20
124.7
0
LINE
5
6C4
330
6
100
AcDbEntity
8
Solar modules
100
AcDbLine
10
161.975
20
122.15
30
0
11
161.975
21
124.7
31
0
0
LWPOLYLINE
5
6C5
330
6
100
AcDbEntity
8
Solar modules
100
AcDbPolyline
90
4
70
1
38
0
10
164.05
20
122.15
10
166.8
20
122.15
10
166.8
20
124.7
10
164.05
20
124.7
0
LINE
5
6C6
330
6
100
AcDbEntity
8
Solar modules
100
AcDbLine
10
165.425
20
122.15
30
0
11
165.425
21
124.7
31
0
0
LWPOLYLINE
5
6C7
330
6
100
AcDbEntity
8
Solar modules
100
AcDbPolyline
90
4
70
1
38
0
10
167.5
20
122.15
10
170.25
20
122.15
10
170.25
20
124.7
10
167.5
20
124.7
0
LINE
5
6C8
330
6
100
AcDbEntity
8
Solar modules
100
AcDbLine
10
168.875
20
122.15
30
0
11
168.875
21
124.7
31
0
0
LWPOLYLINE
5
6C9
330
6
100
AcDbEntity
8
Solar modules
100
AcDbPolyline
90
4
70
1
38
0
10
170.95
20
122.15
10
173.7
20
122.15
10
173.7
20
124.7
10
170.95
20
124.7
0
LINE
5
6CA
330
6
100
AcDbEntity
8
Solar modules
100
AcDbLine
10
172.325
20
122.15
30
0
11
172.325
21
124.7
31
0
0
LWPOLYLINE
5
6CB
330
6
100
AcDbEntity
8
Solar modules
100
AcDbPolyline
90
4
70
1
38
0
10
174.4
20
122.15
10
177.15
20
122.15
10
177.15
20
124.7
10
174.4
20
124.7
0
LINE
5
6CC
330
6
100
AcDbEntity
8
Solar modules
100
AcDbLine
10
175.775
20
122.15
30
0
11
175.775
21
124.7
31
0
0
LWPOLYLINE
5
6CD
330
6
100
AcDbEntity
8
Solar modules
100
AcDbPolyline
90
4
70
1
38
0
10
177.85
20
122.15
10
180.6
20
122.15
10
180.6
20
124.7
10
177.85
20
124.7
0
LINE
5
6CE
330
6
100
AcDbEntity
8
Solar modules
100
AcDbLine
10
179.225
20
122.15
30
0
11
179.225
21
124.7
31
0
0
LWPOLYLINE
5
6CF
330
6
100
AcDbEntity
8
Solar modules
100
AcDbPolyline
90
4
70
1
38
0
10
181.3
20
122.15
10
184.05
20
122.15
10
184.05
20
124.7
10
181.3
20
124.7
0
LINE
5
6D0
330
6
100
AcDbEntity
8
Solar modules
100
AcDbLine
10
182.675
20
122.15
30
0
11
182.675
21
124.7
31
0
0
LWPOLYLINE
5
6D1
330
6
100
AcDbEntity
8
Solar modules
100
AcDbPolyline
90
4
70
1
38
0
10
184.75
20
122.15
10
187.5
20
122.15
10
187.5
20
124.7
10
184.75
20
124.7
0
LINE
5
6D2
330
6
100
AcDbEntity
8
Solar modules
100
AcDbLine
10
186.125
20
122.15
30
0
11
186.125
21
124.7
31
0
0
LWPOLYLINE
5
6D3
330
6
100
AcDbEntity
8
Solar modules
100
AcDbPolyline
90
4
70
1
38
0
10
188.2
20
122.15
10
190.95
20
122.15
10
190.95
20
124.7
10
188.2
20
124.7
0
LINE
5
6D4
330
6
100
AcDbEntity
8
Solar modules
100
AcDbLine
10
189.575
20
122.15
30
0
11
189.575
21
124.7
31
0
0
LWPOLYLINE
5
6D5
330
6
100
AcDbEntity
8
Solar modules
100
AcDbPolyline
90
4
70
1
38
0
10
191.65
20
122.15
10
194.4
20
122.15
10
194.4
20
124.7
10
191.65
20
124.7
0
LINE
5
6D6
330
6
100
AcDbEntity
8
Solar modules
100
AcDbLine
10
193.025
20
122.15
30
0
11
193.025
21
124.7
31
0
0
LWPOLYLINE
5
6D7
330
6
100
AcDbEntity
8
Solar modules
100
AcDbPolyline
90
4
70
1
38
0
10
195.1
20
122.15
10
197.85
20
122.15
10
197.85
20
124.7
10
195.1
20
124.7
0
LINE
5
6D8
330
6
100
AcDbEntity
8
Solar modules
100
AcDbLine
10
196.475
20
122.15
30
0
11
196.475
21
124.7
31
0
0
LWPOLYLINE
5
6D9
330
6
100
AcDbEntity
8
Solar modules
100
AcDbPolyline
90
4
70
1
38
0
10
198.55
20
122.15
10
201.3
20
122.15
10
201.3
20
124.7
10
198.55
20
124.7
0
LINE
5
6DA
330
6
100
AcDbEntity
8
Solar modules
100
AcDbLine
10
199.925
20
122.15
30
0
11
199.925
21
124.7
31
0
0
LWPOLYLINE
5
6DB
330
6
100
AcDbEntity
8
Solar modules
100
AcDbPolyline
90
4
70
1
38
0
10
202
20
122.15
10
204.75
20
122.15
10
204.75
20
124.7
10
202
20
124.7
0
LINE
5
6DC
330
6
100
AcDbEntity
8
Solar modules
100
AcDbLine
10
203.375
20
122.15
30
0
11
203.375
21
124.7
31
0
0
LWPOLYLINE
5
6DD
330
6
100
AcDbEntity
8
Solar modules
100
AcDbPolyline
90
4
70
1
38
0
10
205.45
20
122.15
10
208.2
20
122.15
10
208.2
20
124.7
10
205.45
20
124.7
0
LINE
5
6DE
330
6
100
AcDbEntity
8
Solar modules
100
AcDbLine
10
206.825
20
122.15
30
0
11
206.825
21
124.7
31
0
0
LWPOLYLINE
5
6DF
330
6
100
AcDbEntity
8
Solar modules
100
AcDbPolyline
90
4
70
1
38
0
10
208.9
20
122.15
10
211.65
20
122.15
10
211.65
20
124.7
10
208.9
20
124.7
0
LINE
5
6E0
330
6
100
AcDbEntity
8
Solar modules
100
AcDbLine
10
210.275
20
122.15
30
0
11
210.275
21
124.7
31
0
0
LWPOLYLINE
5
6E1
330
6
100
AcDbEntity
8
Solar modules
100
AcDbPolyline
90
4
70
1
38
0
10
212.35000000000002
20
122.15
10
215.10000000000002
20
122.15
10
215.10000000000002
20
124.7
10
212.35000000000002
20
124.7
0
LINE
5
6E2
330
6
100
AcDbEntity
8
Solar modules
100
AcDbLine
10
213.72500000000002
20
122.15
30
0
11
213.72500000000002
21
124.7
31
0
0
LWPOLYLINE
5
6E3
330
6
100
AcDbEntity
8
Solar modules
100
AcDbPolyline
90
4
70
1
38
0
10
215.8
20
122.15
10
218.55
20
122.15
10
218.55
20
124.7
10
215.8
20
124.7
0
LINE
5
6E4
330
6
100
AcDbEntity
8
Solar modules
100
AcDbLine
10
217.175
20
122.15
30
0
11
217.175
21
124.7
31
0
0
LWPOLYLINE
5
6E5
330
6
100
AcDbEntity
8
Solar modules
100
AcDbPolyline
90
4
70
1
38
0
10
219.25
20
122.15
10
222
20
122.15
10
222
20
124.7
10
219.25
20
124.7
0
LINE
5
6E6
330
6
100
AcDbEntity
8
Solar modules
100
AcDbLine
10
220.625
20
122.15
30
0
11
220.625
21
124.7
31
0
0
LWPOLYLINE
5
6E7
330
6
100
AcDbEntity
8
Solar modules
100
AcDbPolyline
90
4
70
1
38
0
10
222.7
20
122.15
10
225.45
20
122.15
10
225.45
20
124.7
10
222.7
20
124.7
0
LINE
5
6E8
330
6
100
AcDbEntity
8
Solar modules
100
AcDbLine
10
224.075
20
122.15
30
0
11
224.075
21
124.7
31
0
0
LWPOLYLINE
5
6E9
330
6
100
AcDbEntity
8
Solar modules
100
AcDbPolyline
90
4
70
1
38
0
10
226.15
20
122.15
10
228.9
20
122.15
10
228.9
20
124.7
10
226.15
20
124.7
0
LINE
5
6EA
330
6
100
AcDbEntity
8
Solar modules
100
AcDbLine
10
227.525
20
122.15
30
0
11
227.525
21
124.7
31
0
0
LWPOLYLINE
5
6EB
330
6
100
AcDbEntity
8
Solar modules
100
AcDbPolyline
90
4
70
1
38
0
10
133
20
125.8
10
135.75
20
125.8
10
135.75
20
128.35
10
133
20
128.35
0
LINE
5
6EC
330
6
100
AcDbEntity
8
Solar modules
100
AcDbLine
10
134.375
20
125.8
30
0
11
134.375
21
128.35
31
0
0
LWPOLYLINE
5
6ED
330
6
100
AcDbEntity
8
Solar modules
100
AcDbPolyline
90
4
70
1
38
0
10
136.45
20
125.8
10
139.2
20
125.8
10
139.2
20
128.35
10
136.45
20
128.35
0
LINE
5
6EE
330
6
100
AcDbEntity
8
Solar modules
100
AcDbLine
10
137.825
20
125.8
30
0
11
137.825
21
128.35
31
0
0
LWPOLYLINE
5
6EF
330
6
100
AcDbEntity
8
Solar modules
100
AcDbPolyline
90
4
70
1
38
0
10
139.9
20
125.8
10
142.65
20
125.8
10
142.65
20
128.35
10
139.9
20
128.35
0
LINE
5
6F0
330
6
100
AcDbEntity
8
Solar modules
100
AcDbLine
10
141.275
20
125.8
30
0
11
141.275
21
128.35
31
0
0
LWPOLYLINE
5
6F1
330
6
100
AcDbEntity
8
Solar modules
100
AcDbPolyline
90
4
70
1
38
0
10
143.35
20
125.8
10
146.1
20
125.8
10
146.1
20
128.35
10
143.35
20
128.35
0
LINE
5
6F2
330
6
100
AcDbEntity
8
Solar modules
100
AcDbLine
10
144.725
20
125.8
30
0
11
144.725
21
128.35
31
0
0
LWPOLYLINE
5
6F3
330
6
100
AcDbEntity
8
Solar modules
100
AcDbPolyline
90
4
70
1
38
0
10
146.8
20
125.8
10
149.55
20
125.8
10
149.55
20
128.35
10
146.8
20
128.35
0
LINE
5
6F4
330
6
100
AcDbEntity
8
Solar modules
100
AcDbLine
10
148.175
20
125.8
30
0
11
148.175
21
128.35
31
0
0
LWPOLYLINE
5
6F5
330
6
100
AcDbEntity
8
Solar modules
100
AcDbPolyline
90
4
70
1
38
0
10
150.25
20
125.8
10
153
20
125.8
10
153
20
128.35
10
150.25
20
128.35
0
LINE
5
6F6
330
6
100
AcDbEntity
8
Solar modules
100
AcDbLine
10
151.625
20
125.8
30
0
11
151.625
21
128.35
31
0
0
LWPOLYLINE
5
6F7
330
6
100
AcDbEntity
8
Solar modules
100
AcDbPolyline
90
4
70
1
38
0
10
153.7
20
125.8
10
156.45
20
125.8
10
156.45
20
128.35
10
153.7
20
128.35
0
LINE
5
6F8
330
6
100
AcDbEntity
8
Solar modules
100
AcDbLine
10
155.075
20
125.8
30
0
11
155.075
21
128.35
31
0
0
LWPOLYLINE
5
6F9
330
6
100
AcDbEntity
8
Solar modules
100
AcDbPolyline
90
4
70
1
38
0
10
157.15
20
125.8
10
159.9
20
125.8
10
159.9
20
128.35
10
157.15
20
128.35
0
LINE
5
6FA
330
6
100
AcDbEntity
8
Solar modules
100
AcDbLine
10
158.525
20
125.8
30
0
11
158.525
21
128.35
31
0
0
LWPOLYLINE
5
6FB
330
6
100
AcDbEntity
8
Solar modules
100
AcDbPolyline
90
4
70
1
38
0
10
160.6
20
125.8
10
163.35
20
125.8
10
163.35
20
128.35
10
160.6
20
128.35
0
LINE
5
6FC
330
6
100
AcDbEntity
8
Solar modules
100
AcDbLine
10
161.975
20
125.8
30
0
11
161.975
21
128.35
31
0
0
LWPOLYLINE
5
6FD
330
6
100
AcDbEntity
8
Solar modules
100
AcDbPolyline
90
4
70
1
38
0
10
164.05
20
125.8
10
166.8
20
125.8
10
166.8
20
128.35
10
164.05
20
128.35
0
LINE
5
6FE
330
6
100
AcDbEntity
8
Solar modules
100
AcDbLine
10
165.425
20
125.8
30
0
11
165.425
21
128.35
31
0
0
LWPOLYLINE
5
6FF
330
6
100
AcDbEntity
8
Solar modules
100
AcDbPolyline
90
4
70
1
38
0
10
167.5
20
125.8
10
170.25
20
125.8
10
170.25
20
128.35
10
167.5
20
128.35
0
LINE
5
700
330
6
100
AcDbEntity
8
Solar modules
100
AcDbLine
10
168.875
20
125.8
30
0
11
168.875
21
128.35
31
0
0
LWPOLYLINE
5
701
330
6
100
AcDbEntity
8
Solar modules
100
AcDbPolyline
90
4
70
1
38
0
10
170.95
20
125.8
10
173.7
20
125.8
10
173.7
20
128.35
10
170.95
20
128.35
0
LINE
5
702
330
6
100
AcDbEntity
8
Solar modules
100
AcDbLine
10
172.325
20
125.8
30
0
11
172.325
21
128.35
31
0
0
LWPOLYLINE
5
703
330
6
100
AcDbEntity
8
Solar modules
100
AcDbPolyline
90
4
70
1
38
0
10
174.4
20
125.8
10
177.15
20
125.8
10
177.15
20
128.35
10
174.4
20
128.35
0
LINE
5
704
330
6
100
AcDbEntity
8
Solar modules
100
AcDbLine
10
175.775
20
125.8
30
0
11
175.775
21
128.35
31
0
0
LWPOLYLINE
5
705
330
6
100
AcDbEntity
8
Solar modules
100
AcDbPolyline
90
4
70
1
38
0
10
177.85
20
125.8
10
180.6
20
125.8
10
180.6
20
128.35
10
177.85
20
128.35
0
LINE
5
706
330
6
100
AcDbEntity
8
Solar modules
100
AcDbLine
10
179.225
20
125.8
30
0
11
179.225
21
128.35
31
0
0
LWPOLYLINE
5
707
330
6
100
AcDbEntity
8
Solar modules
100
AcDbPolyline
90
4
70
1
38
0
10
181.3
20
125.8
10
184.05
20
125.8
10
184.05
20
128.35
10
181.3
20
128.35
0
LINE
5
708
330
6
100
AcDbEntity
8
Solar modules
100
AcDbLine
10
182.675
20
125.8
30
0
11
182.675
21
128.35
31
0
0
LWPOLYLINE
5
709
330
6
100
AcDbEntity
8
Solar modules
100
AcDbPolyline
90
4
70
1
38
0
10
184.75
20
125.8
10
187.5
20
125.8
10
187.5
20
128.35
10
184.75
20
128.35
0
LINE
5
70A
330
6
100
AcDbEntity
8
Solar modules
100
AcDbLine
10
186.125
20
125.8
30
0
11
186.125
21
128.35
31
0
0
LWPOLYLINE
5
70B
330
6
100
AcDbEntity
8
Solar modules
100
AcDbPolyline
90
4
70
1
38
0
10
188.2
20
125.8
10
190.95
20
125.8
10
190.95
20
128.35
10
188.2
20
128.35
0
LINE
5
70C
330
6
100
AcDbEntity
8
Solar modules
100
AcDbLine
10
189.575
20
125.8
30
0
11
189.575
21
128.35
31
0
0
LWPOLYLINE
5
70D
330
6
100
AcDbEntity
8
Solar modules
100
AcDbPolyline
90
4
70
1
38
0
10
191.65
20
125.8
10
194.4
20
125.8
10
194.4
20
128.35
10
191.65
20
128.35
0
LINE
5
70E
330
6
100
AcDbEntity
8
Solar modules
100
AcDbLine
10
193.025
20
125.8
30
0
11
193.025
21
128.35
31
0
0
LWPOLYLINE
5
70F
330
6
100
AcDbEntity
8
Solar modules
100
AcDbPolyline
90
4
70
1
38
0
10
195.1
20
125.8
10
197.85
20
125.8
10
197.85
20
128.35
10
195.1
20
128.35
0
LINE
5
710
330
6
100
AcDbEntity
8
Solar modules
100
AcDbLine
10
196.475
20
125.8
30
0
11
196.475
21
128.35
31
0
0
LWPOLYLINE
5
711
330
6
100
AcDbEntity
8
Solar modules
100
AcDbPolyline
90
4
70
1
38
0
10
198.55
20
125.8
10
201.3
20
125.8
10
201.3
20
128.35
10
198.55
20
128.35
0
LINE
5
712
330
6
100
AcDbEntity
8
Solar modules
100
AcDbLine
10
199.925
20
125.8
30
0
11
199.925
21
128.35
31
0
0
LWPOLYLINE
5
713
330
6
100
AcDbEntity
8
Solar modules
100
AcDbPolyline
90
4
70
1
38
0
10
202
20
125.8
10
204.75
20
125.8
10
204.75
20
128.35
10
202
20
128.35
0
LINE
5
714
330
6
100
AcDbEntity
8
Solar modules
100
AcDbLine
10
203.375
20
125.8
30
0
11
203.375
21
128.35
31
0
0
LWPOLYLINE
5
715
330
6
100
AcDbEntity
8
Solar modules
100
AcDbPolyline
90
4
70
1
38
0
10
205.45
20
125.8
10
208.2
20
125.8
10
208.2
20
128.35
10
205.45
20
128.35
0
LINE
5
716
330
6
100
AcDbEntity
8
Solar modules
100
AcDbLine
10
206.825
20
125.8
30
0
11
206.825
21
128.35
31
0
0
LWPOLYLINE
5
717
330
6
100
AcDbEntity
8
Solar modules
100
AcDbPolyline
90
4
70
1
38
0
10
208.9
20
125.8
10
211.65
20
125.8
10
211.65
20
128.35
10
208.9
20
128.35
0
LINE
5
718
330
6
100
AcDbEntity
8
Solar modules
100
AcDbLine
10
210.275
20
125.8
30
0
11
210.275
21
128.35
31
0
0
LWPOLYLINE
5
719
330
6
100
AcDbEntity
8
Solar modules
100
AcDbPolyline
90
4
70
1
38
0
10
212.35000000000002
20
125.8
10
215.10000000000002
20
125.8
10
215.10000000000002
20
128.35
10
212.35000000000002
20
128.35
0
LINE
5
71A
330
6
100
AcDbEntity
8
Solar modules
100
AcDbLine
10
213.72500000000002
20
125.8
30
0
11
213.72500000000002
21
128.35
31
0
0
LWPOLYLINE
5
71B
330
6
100
AcDbEntity
8
Solar modules
100
AcDbPolyline
90
4
70
1
38
0
10
215.8
20
125.8
10
218.55
20
125.8
10
218.55
20
128.35
10
215.8
20
128.35
0
LINE
5
71C
330
6
100
AcDbEntity
8
Solar modules
100
AcDbLine
10
217.175
20
125.8
30
0
11
217.175
21
128.35
31
0
0
LWPOLYLINE
5
71D
330
6
100
AcDbEntity
8
Solar modules
100
AcDbPolyline
90
4
70
1
38
0
10
219.25
20
125.8
10
222
20
125.8
10
222
20
128.35
10
219.25
20
128.35
0
LINE
5
71E
330
6
100
AcDbEntity
8
Solar modules
100
AcDbLine
10
220.625
20
125.8
30
0
11
220.625
21
128.35
31
0
0
LWPOLYLINE
5
71F
330
6
100
AcDbEntity
8
Solar modules
100
AcDbPolyline
90
4
70
1
38
0
10
222.7
20
125.8
10
225.45
20
125.8
10
225.45
20
128.35
10
222.7
20
128.35
0
LINE
5
720
330
6
100
AcDbEntity
8
Solar modules
100
AcDbLine
10
224.075
20
125.8
30
0
11
224.075
21
128.35
31
0
0
LWPOLYLINE
5
721
330
6
100
AcDbEntity
8
Solar modules
100
AcDbPolyline
90
4
70
1
38
0
10
226.15
20
125.8
10
228.9
20
125.8
10
228.9
20
128.35
10
226.15
20
128.35
0
LINE
5
722
330
6
100
AcDbEntity
8
Solar modules
100
AcDbLine
10
227.525
20
125.8
30
0
11
227.525
21
128.35
31
0
0
LWPOLYLINE
5
723
330
6
100
AcDbEntity
8
Solar modules
100
AcDbPolyline
90
4
70
1
38
0
10
133
20
129.45
10
135.75
20
129.45
10
135.75
20
132
10
133
20
132
0
LINE
5
724
330
6
100
AcDbEntity
8
Solar modules
100
AcDbLine
10
134.375
20
129.45
30
0
11
134.375
21
132
31
0
0
LWPOLYLINE
5
725
330
6
100
AcDbEntity
8
Solar modules
100
AcDbPolyline
90
4
70
1
38
0
10
136.45
20
129.45
10
139.2
20
129.45
10
139.2
20
132
10
136.45
20
132
0
LINE
5
726
330
6
100
AcDbEntity
8
Solar modules
100
AcDbLine
10
137.825
20
129.45
30
0
11
137.825
21
132
31
0
0
LWPOLYLINE
5
727
330
6
100
AcDbEntity
8
Solar modules
100
AcDbPolyline
90
4
70
1
38
0
10
139.9
20
129.45
10
142.65
20
129.45
10
142.65
20
132
10
139.9
20
132
0
LINE
5
728
330
6
100
AcDbEntity
8
Solar modules
100
AcDbLine
10
141.275
20
129.45
30
0
11
141.275
21
132
31
0
0
LWPOLYLINE
5
729
330
6
100
AcDbEntity
8
Solar modules
100
AcDbPolyline
90
4
70
1
38
0
10
143.35
20
129.45
10
146.1
20
129.45
10
146.1
20
132
10
143.35
20
132
0
LINE
5
72A
330
6
100
AcDbEntity
8
Solar modules
100
AcDbLine
10
144.725
20
129.45
30
0
11
144.725
21
132
31
0
0
LWPOLYLINE
5
72B
330
6
100
AcDbEntity
8
Solar modules
100
AcDbPolyline
90
4
70
1
38
0
10
146.8
20
129.45
10
149.55
20
129.45
10
149.55
20
132
10
146.8
20
132
0
LINE
5
72C
330
6
100
AcDbEntity
8
Solar modules
100
AcDbLine
10
148.175
20
129.45
30
0
11
148.175
21
132
31
0
0
LWPOLYLINE
5
72D
330
6
100
AcDbEntity
8
Solar modules
100
AcDbPolyline
90
4
70
1
38
0
10
150.25
20
129.45
10
153
20
129.45
10
153
20
132
10
150.25
20
132
0
LINE
5
72E
330
6
100
AcDbEntity
8
Solar modules
100
AcDbLine
10
151.625
20
129.45
30
0
11
151.625
21
132
31
0
0
LWPOLYLINE
5
72F
330
6
100
AcDbEntity
8
Solar modules
100
AcDbPolyline
90
4
70
1
38
0
10
153.7
20
129.45
10
156.45
20
129.45
10
156.45
20
132
10
153.7
20
132
0
LINE
5
730
330
6
100
AcDbEntity
8
Solar modules
100
AcDbLine
10
155.075
20
129.45
30
0
11
155.075
21
132
31
0
0
LWPOLYLINE
5
731
330
6
100
AcDbEntity
8
Solar modules
100
AcDbPolyline
90
4
70
1
38
0
10
157.15
20
129.45
10
159.9
20
129.45
10
159.9
20
132
10
157.15
20
132
0
LINE
5
732
330
6
100
AcDbEntity
8
Solar modules
100
AcDbLine
10
158.525
20
129.45
30
0
11
158.525
21
132
31
0
0
LWPOLYLINE
5
733
330
6
100
AcDbEntity
8
Solar modules
100
AcDbPolyline
90
4
70
1
38
0
10
160.6
20
129.45
10
163.35
20
129.45
10
163.35
20
132
10
160.6
20
132
0
LINE
5
734
330
6
100
AcDbEntity
8
Solar modules
100
AcDbLine
10
161.975
20
129.45
30
0
11
161.975
21
132
31
0
0
LWPOLYLINE
5
735
330
6
100
AcDbEntity
8
Solar modules
100
AcDbPolyline
90
4
70
1
38
0
10
164.05
20
129.45
10
166.8
20
129.45
10
166.8
20
132
10
164.05
20
132
0
LINE
5
736
330
6
100
AcDbEntity
8
Solar modules
100
AcDbLine
10
165.425
20
129.45
30
0
11
165.425
21
132
31
0
0
LWPOLYLINE
5
737
330
6
100
AcDbEntity
8
Solar modules
100
AcDbPolyline
90
4
70
1
38
0
10
167.5
20
129.45
10
170.25
20
129.45
10
170.25
20
132
10
167.5
20
132
0
LINE
5
738
330
6
100
AcDbEntity
8
Solar modules
100
AcDbLine
10
168.875
20
129.45
30
0
11
168.875
21
132
31
0
0
LWPOLYLINE
5
739
330
6
100
AcDbEntity
8
Solar modules
100
AcDbPolyline
90
4
70
1
38
0
10
170.95
20
129.45
10
173.7
20
129.45
10
173.7
20
132
10
170.95
20
132
0
LINE
5
73A
330
6
100
AcDbEntity
8
Solar modules
100
AcDbLine
10
172.325
20
129.45
30
0
11
172.325
21
132
31
0
0
LWPOLYLINE
5
73B
330
6
100
AcDbEntity
8
Solar modules
100
AcDbPolyline
90
4
70
1
38
0
10
174.4
20
129.45
10
177.15
20
129.45
10
177.15
20
132
10
174.4
20
132
0
LINE
5
73C
330
6
100
AcDbEntity
8
Solar modules
100
AcDbLine
10
175.775
20
129.45
30
0
11
175.775
21
132
31
0
0
LWPOLYLINE
5
73D
330
6
100
AcDbEntity
8
Solar modules
100
AcDbPolyline
90
4
70
1
38
0
10
177.85
20
129.45
10
180.6
20
129.45
10
180.6
20
132
10
177.85
20
132
0
LINE
5
73E
330
6
100
AcDbEntity
8
Solar modules
100
AcDbLine
10
179.225
20
129.45
30
0
11
179.225
21
132
31
0
0
LWPOLYLINE
5
73F
330
6
100
AcDbEntity
8
Solar modules
100
AcDbPolyline
90
4
70
1
38
0
10
181.3
20
129.45
10
184.05
20
129.45
10
184.05
20
132
10
181.3
20
132
0
LINE
5
740
330
6
100
AcDbEntity
8
Solar modules
100
AcDbLine
10
182.675
20
129.45
30
0
11
182.675
21
132
31
0
0
LWPOLYLINE
5
741
330
6
100
AcDbEntity
8
Solar modules
100
AcDbPolyline
90
4
70
1
38
0
10
184.75
20
129.45
10
187.5
20
129.45
10
187.5
20
132
10
184.75
20
132
0
LINE
5
742
330
6
100
AcDbEntity
8
Solar modules
100
AcDbLine
10
186.125
20
129.45
30
0
11
186.125
21
132
31
0
0
LWPOLYLINE
5
743
330
6
100
AcDbEntity
8
Solar modules
100
AcDbPolyline
90
4
70
1
38
0
10
188.2
20
129.45
10
190.95
20
129.45
10
190.95
20
132
10
188.2
20
132
0
LINE
5
744
330
6
100
AcDbEntity
8
Solar modules
100
AcDbLine
10
189.575
20
129.45
30
0
11
189.575
21
132
31
0
0
LWPOLYLINE
5
745
330
6
100
AcDbEntity
8
Solar modules
100
AcDbPolyline
90
4
70
1
38
0
10
191.65
20
129.45
10
194.4
20
129.45
10
194.4
20
132
10
191.65
20
132
0
LINE
5
746
330
6
100
AcDbEntity
8
Solar modules
100
AcDbLine
10
193.025
20
129.45
30
0
11
193.025
21
132
31
0
0
LWPOLYLINE
5
747
330
6
100
AcDbEntity
8
Solar modules
100
AcDbPolyline
90
4
70
1
38
0
10
195.1
20
129.45
10
197.85
20
129.45
10
197.85
20
132
10
195.1
20
132
0
LINE
5
748
330
6
100
AcDbEntity
8
Solar modules
100
AcDbLine
10
196.475
20
129.45
30
0
11
196.475
21
132
31
0
0
LWPOLYLINE
5
749
330
6
100
AcDbEntity
8
Solar modules
100
AcDbPolyline
90
4
70
1
38
0
10
198.55
20
129.45
10
201.3
20
129.45
10
201.3
20
132
10
198.55
20
132
0
LINE
5
74A
330
6
100
AcDbEntity
8
Solar modules
100
AcDbLine
10
199.925
20
129.45
30
0
11
199.925
21
132
31
0
0
LWPOLYLINE
5
74B
330
6
100
AcDbEntity
8
Solar modules
100
AcDbPolyline
90
4
70
1
38
0
10
202
20
129.45
10
204.75
20
129.45
10
204.75
20
132
10
202
20
132
0
LINE
5
74C
330
6
100
AcDbEntity
8
Solar modules
100
AcDbLine
10
203.375
20
129.45
30
0
11
203.375
21
132
31
0
0
LWPOLYLINE
5
74D
330
6
100
AcDbEntity
8
Solar modules
100
AcDbPolyline
90
4
70
1
38
0
10
205.45
20
129.45
10
208.2
20
129.45
10
208.2
20
132
10
205.45
20
132
0
LINE
5
74E
330
6
100
AcDbEntity
8
Solar modules
100
AcDbLine
10
206.825
20
129.45
30
0
11
206.825
21
132
31
0
0
LWPOLYLINE
5
74F
330
6
100
AcDbEntity
8
Solar modules
100
AcDbPolyline
90
4
70
1
38
0
10
208.9
20
129.45
10
211.65
20
129.45
10
211.65
20
132
10
208.9
20
132
0
LINE
5
750
330
6
100
AcDbEntity
8
Solar modules
100
AcDbLine
10
210.275
20
129.45
30
0
11
210.275
21
132
31
0
0
LWPOLYLINE
5
751
330
6
100
AcDbEntity
8
Solar modules
100
AcDbPolyline
90
4
70
1
38
0
10
212.35000000000002
20
129.45
10
215.10000000000002
20
129.45
10
215.10000000000002
20
132
10
212.35000000000002
20
132
0
LINE
5
752
330
6
100
AcDbEntity
8
Solar modules
100
AcDbLine
10
213.72500000000002
20
129.45
30
0
11
213.72500000000002
21
132
31
0
0
LWPOLYLINE
5
753
330
6
100
AcDbEntity
8
Solar modules
100
AcDbPolyline
90
4
70
1
38
0
10
215.8
20
129.45
10
218.55
20
129.45
10
218.55
20
132
10
215.8
20
132
0
LINE
5
754
330
6
100
AcDbEntity
8
Solar modules
100
AcDbLine
10
217.175
20
129.45
30
0
11
217.175
21
132
31
0
0
LWPOLYLINE
5
755
330
6
100
AcDbEntity
8
Solar modules
100
AcDbPolyline
90
4
70
1
38
0
10
219.25
20
129.45
10
222
20
129.45
10
222
20
132
10
219.25
20
132
0
LINE
5
756
330
6
100
AcDbEntity
8
Solar modules
100
AcDbLine
10
220.625
20
129.45
30
0
11
220.625
21
132
31
0
0
LWPOLYLINE
5
757
330
6
100
AcDbEntity
8
Solar modules
100
AcDbPolyline
90
4
70
1
38
0
10
222.7
20
129.45
10
225.45
20
129.45
10
225.45
20
132
10
222.7
20
132
0
LINE
5
758
330
6
100
AcDbEntity
8
Solar modules
100
AcDbLine
10
224.075
20
129.45
30
0
11
224.075
21
132
31
0
0
LWPOLYLINE
5
759
330
6
100
AcDbEntity
8
Solar modules
100
AcDbPolyline
90
4
70
1
38
0
10
226.15
20
129.45
10
228.9
20
129.45
10
228.9
20
132
10
226.15
20
132
0
LINE
5
75A
330
6
100
AcDbEntity
8
Solar modules
100
AcDbLine
10
227.525
20
129.45
30
0
11
227.525
21
132
31
0
0
LINE
5
75B
330
6
100
AcDbEntity
8
Energy network
100
AcDbLine
10
132
20
83.3
30
0
11
228.8
21
83.3
31
0
0
LINE
5
75C
330
6
100
AcDbEntity
8
Energy network
100
AcDbLine
10
132
20
86.95
30
0
11
228.8
21
86.95
31
0
0
LINE
5
75D
330
6
100
AcDbEntity
8
Energy network
100
AcDbLine
10
132
20
90.6
30
0
11
228.8
21
90.6
31
0
0
LINE
5
75E
330
6
100
AcDbEntity
8
Energy network
100
AcDbLine
10
132
20
94.25
30
0
11
228.8
21
94.25
31
0
0
LINE
5
75F
330
6
100
AcDbEntity
8
Energy network
100
AcDbLine
10
132
20
97.89999999999999
30
0
11
228.8
21
97.89999999999999
31
0
0
LINE
5
760
330
6
100
AcDbEntity
8
Energy network
100
AcDbLine
10
132
20
101.55
30
0
11
228.8
21
101.55
31
0
0
LINE
5
761
330
6
100
AcDbEntity
8
Energy network
100
AcDbLine
10
132
20
105.19999999999999
30
0
11
228.8
21
105.19999999999999
31
0
0
LINE
5
762
330
6
100
AcDbEntity
8
Energy network
100
AcDbLine
10
132
20
108.85
30
0
11
228.8
21
108.85
31
0
0
LINE
5
763
330
6
100
AcDbEntity
8
Energy network
100
AcDbLine
10
132
20
112.5
30
0
11
228.8
21
112.5
31
0
0
LINE
5
764
330
6
100
AcDbEntity
8
Energy network
100
AcDbLine
10
132
20
116.15
30
0
11
228.8
21
116.15
31
0
0
LINE
5
765
330
6
100
AcDbEntity
8
Energy network
100
AcDbLine
10
132
20
119.8
30
0
11
228.8
21
119.8
31
0
0
LINE
5
766
330
6
100
AcDbEntity
8
Energy network
100
AcDbLine
10
132
20
123.44999999999999
30
0
11
228.8
21
123.44999999999999
31
0
0
LINE
5
767
330
6
100
AcDbEntity
8
Energy network
100
AcDbLine
10
132
20
127.1
30
0
11
228.8
21
127.1
31
0
0
LINE
5
768
330
6
100
AcDbEntity
8
Energy network
100
AcDbLine
10
132
20
130.75
30
0
11
228.8
21
130.75
31
0
0
TEXT
5
769
330
6
100
AcDbEntity
8
Annotations
100
AcDbText
10
133
20
138.5
30
0
40
1.35
1
PV ARRAY B  /  392 MODULES
7
STANDARD
100
AcDbText
0
LWPOLYLINE
5
76A
330
6
100
AcDbEntity
8
Energy network
100
AcDbPolyline
90
4
70
1
38
0
10
114
20
68
10
136
20
68
10
136
20
76
10
114
20
76
0
LWPOLYLINE
5
76B
330
6
100
AcDbEntity
8
Energy network
100
AcDbPolyline
90
4
70
1
38
0
10
116
20
69.5
10
124
20
69.5
10
124
20
74.5
10
116
20
74.5
0
LWPOLYLINE
5
76C
330
6
100
AcDbEntity
8
Energy network
100
AcDbPolyline
90
4
70
1
38
0
10
126
20
69.5
10
134
20
69.5
10
134
20
74.5
10
126
20
74.5
0
CIRCLE
5
76D
330
6
100
AcDbEntity
8
Energy network
100
AcDbCircle
10
117
20
72
30
0
40
0.7
210
0
220
0
230
1
0
LINE
5
76E
330
6
100
AcDbEntity
8
Energy network
100
AcDbLine
10
115.9
20
72
30
0
11
118.1
21
72
31
0
0
LINE
5
76F
330
6
100
AcDbEntity
8
Energy network
100
AcDbLine
10
117
20
70.9
30
0
11
117
21
73.1
31
0
0
CIRCLE
5
770
330
6
100
AcDbEntity
8
Energy network
100
AcDbCircle
10
121
20
72
30
0
40
0.7
210
0
220
0
230
1
0
LINE
5
771
330
6
100
AcDbEntity
8
Energy network
100
AcDbLine
10
119.9
20
72
30
0
11
122.1
21
72
31
0
0
LINE
5
772
330
6
100
AcDbEntity
8
Energy network
100
AcDbLine
10
121
20
70.9
30
0
11
121
21
73.1
31
0
0
CIRCLE
5
773
330
6
100
AcDbEntity
8
Energy network
100
AcDbCircle
10
125
20
72
30
0
40
0.7
210
0
220
0
230
1
0
LINE
5
774
330
6
100
AcDbEntity
8
Energy network
100
AcDbLine
10
123.9
20
72
30
0
11
126.1
21
72
31
0
0
LINE
5
775
330
6
100
AcDbEntity
8
Energy network
100
AcDbLine
10
125
20
70.9
30
0
11
125
21
73.1
31
0
0
CIRCLE
5
776
330
6
100
AcDbEntity
8
Energy network
100
AcDbCircle
10
129
20
72
30
0
40
0.7
210
0
220
0
230
1
0
LINE
5
777
330
6
100
AcDbEntity
8
Energy network
100
AcDbLine
10
127.9
20
72
30
0
11
130.1
21
72
31
0
0
LINE
5
778
330
6
100
AcDbEntity
8
Energy network
100
AcDbLine
10
129
20
70.9
30
0
11
129
21
73.1
31
0
0
CIRCLE
5
779
330
6
100
AcDbEntity
8
Energy network
100
AcDbCircle
10
133
20
72
30
0
40
0.7
210
0
220
0
230
1
0
LINE
5
77A
330
6
100
AcDbEntity
8
Energy network
100
AcDbLine
10
131.9
20
72
30
0
11
134.1
21
72
31
0
0
LINE
5
77B
330
6
100
AcDbEntity
8
Energy network
100
AcDbLine
10
133
20
70.9
30
0
11
133
21
73.1
31
0
0
LWPOLYLINE
5
77C
330
6
100
AcDbEntity
8
Energy network
100
AcDbPolyline
90
4
70
0
38
0
10
125
20
75
10
125
20
79
10
65
20
79
10
65
20
81
0
LWPOLYLINE
5
77D
330
6
100
AcDbEntity
8
Energy network
100
AcDbPolyline
90
4
70
0
38
0
10
129
20
75
10
129
20
78
10
181
20
78
10
181
20
81
0
TEXT
5
77E
330
6
100
AcDbEntity
8
Annotations
100
AcDbText
10
116
20
77
30
0
40
1.05
1
MV SUBSTATION
7
STANDARD
100
AcDbText
0
LWPOLYLINE
5
77F
330
6
100
AcDbEntity
8
Buildings
100
AcDbPolyline
90
4
70
1
38
0
10
190
20
19
10
244
20
19
10
244
20
67
10
190
20
67
0
TEXT
5
780
330
6
100
AcDbEntity
8
Annotations
100
AcDbText
10
193
20
64
30
0
40
1.25
1
EAST SERVICE YARD  /  REV A
7
STANDARD
100
AcDbText
0
LWPOLYLINE
5
781
330
6
100
AcDbEntity
8
Equipment · Rev A
100
AcDbPolyline
90
4
70
1
38
0
10
197
20
25
10
204.4
20
25
10
204.4
20
31.3
10
197
20
31.3
0
LINE
5
782
330
6
100
AcDbEntity
8
Equipment · Rev A
100
AcDbLine
10
198
20
26.2
30
0
11
203.4
21
26.2
31
0
0
LINE
5
783
330
6
100
AcDbEntity
8
Equipment · Rev A
100
AcDbLine
10
198
20
28.15
30
0
11
203.4
21
28.15
31
0
0
LINE
5
784
330
6
100
AcDbEntity
8
Equipment · Rev A
100
AcDbLine
10
198
20
30.1
30
0
11
203.4
21
30.1
31
0
0
LWPOLYLINE
5
785
330
6
100
AcDbEntity
8
Equipment · Rev A
100
AcDbPolyline
90
4
70
1
38
0
10
207.2
20
25
10
214.6
20
25
10
214.6
20
31.3
10
207.2
20
31.3
0
LINE
5
786
330
6
100
AcDbEntity
8
Equipment · Rev A
100
AcDbLine
10
208.2
20
26.2
30
0
11
213.6
21
26.2
31
0
0
LINE
5
787
330
6
100
AcDbEntity
8
Equipment · Rev A
100
AcDbLine
10
208.2
20
28.15
30
0
11
213.6
21
28.15
31
0
0
LINE
5
788
330
6
100
AcDbEntity
8
Equipment · Rev A
100
AcDbLine
10
208.2
20
30.1
30
0
11
213.6
21
30.1
31
0
0
LWPOLYLINE
5
789
330
6
100
AcDbEntity
8
Equipment · Rev A
100
AcDbPolyline
90
4
70
1
38
0
10
217.4
20
25
10
224.8
20
25
10
224.8
20
31.3
10
217.4
20
31.3
0
LINE
5
78A
330
6
100
AcDbEntity
8
Equipment · Rev A
100
AcDbLine
10
218.4
20
26.2
30
0
11
223.8
21
26.2
31
0
0
LINE
5
78B
330
6
100
AcDbEntity
8
Equipment · Rev A
100
AcDbLine
10
218.4
20
28.15
30
0
11
223.8
21
28.15
31
0
0
LINE
5
78C
330
6
100
AcDbEntity
8
Equipment · Rev A
100
AcDbLine
10
218.4
20
30.1
30
0
11
223.8
21
30.1
31
0
0
LWPOLYLINE
5
78D
330
6
100
AcDbEntity
8
Equipment · Rev A
100
AcDbPolyline
90
4
70
1
38
0
10
227.6
20
25
10
235
20
25
10
235
20
31.3
10
227.6
20
31.3
0
LINE
5
78E
330
6
100
AcDbEntity
8
Equipment · Rev A
100
AcDbLine
10
228.6
20
26.2
30
0
11
234
21
26.2
31
0
0
LINE
5
78F
330
6
100
AcDbEntity
8
Equipment · Rev A
100
AcDbLine
10
228.6
20
28.15
30
0
11
234
21
28.15
31
0
0
LINE
5
790
330
6
100
AcDbEntity
8
Equipment · Rev A
100
AcDbLine
10
228.6
20
30.1
30
0
11
234
21
30.1
31
0
0
LWPOLYLINE
5
791
330
6
100
AcDbEntity
8
Equipment · Rev A
100
AcDbPolyline
90
4
70
1
38
0
10
197
20
35.5
10
204.4
20
35.5
10
204.4
20
41.8
10
197
20
41.8
0
LINE
5
792
330
6
100
AcDbEntity
8
Equipment · Rev A
100
AcDbLine
10
198
20
36.7
30
0
11
203.4
21
36.7
31
0
0
LINE
5
793
330
6
100
AcDbEntity
8
Equipment · Rev A
100
AcDbLine
10
198
20
38.65
30
0
11
203.4
21
38.65
31
0
0
LINE
5
794
330
6
100
AcDbEntity
8
Equipment · Rev A
100
AcDbLine
10
198
20
40.6
30
0
11
203.4
21
40.6
31
0
0
LWPOLYLINE
5
795
330
6
100
AcDbEntity
8
Equipment · Rev A
100
AcDbPolyline
90
4
70
1
38
0
10
207.2
20
35.5
10
214.6
20
35.5
10
214.6
20
41.8
10
207.2
20
41.8
0
LINE
5
796
330
6
100
AcDbEntity
8
Equipment · Rev A
100
AcDbLine
10
208.2
20
36.7
30
0
11
213.6
21
36.7
31
0
0
LINE
5
797
330
6
100
AcDbEntity
8
Equipment · Rev A
100
AcDbLine
10
208.2
20
38.65
30
0
11
213.6
21
38.65
31
0
0
LINE
5
798
330
6
100
AcDbEntity
8
Equipment · Rev A
100
AcDbLine
10
208.2
20
40.6
30
0
11
213.6
21
40.6
31
0
0
LWPOLYLINE
5
799
330
6
100
AcDbEntity
8
Equipment · Rev A
100
AcDbPolyline
90
4
70
1
38
0
10
217.4
20
35.5
10
224.8
20
35.5
10
224.8
20
41.8
10
217.4
20
41.8
0
LINE
5
79A
330
6
100
AcDbEntity
8
Equipment · Rev A
100
AcDbLine
10
218.4
20
36.7
30
0
11
223.8
21
36.7
31
0
0
LINE
5
79B
330
6
100
AcDbEntity
8
Equipment · Rev A
100
AcDbLine
10
218.4
20
38.65
30
0
11
223.8
21
38.65
31
0
0
LINE
5
79C
330
6
100
AcDbEntity
8
Equipment · Rev A
100
AcDbLine
10
218.4
20
40.6
30
0
11
223.8
21
40.6
31
0
0
LWPOLYLINE
5
79D
330
6
100
AcDbEntity
8
Equipment · Rev A
100
AcDbPolyline
90
4
70
1
38
0
10
227.6
20
35.5
10
235
20
35.5
10
235
20
41.8
10
227.6
20
41.8
0
LINE
5
79E
330
6
100
AcDbEntity
8
Equipment · Rev A
100
AcDbLine
10
228.6
20
36.7
30
0
11
234
21
36.7
31
0
0
LINE
5
79F
330
6
100
AcDbEntity
8
Equipment · Rev A
100
AcDbLine
10
228.6
20
38.65
30
0
11
234
21
38.65
31
0
0
LINE
5
7A0
330
6
100
AcDbEntity
8
Equipment · Rev A
100
AcDbLine
10
228.6
20
40.6
30
0
11
234
21
40.6
31
0
0
TEXT
5
7A1
330
6
100
AcDbEntity
8
Equipment · Rev A
100
AcDbText
10
198
20
47.5
30
0
40
1.1
1
BATTERY BANKS  B01—B08
7
STANDARD
100
AcDbText
0
LWPOLYLINE
5
7A2
330
6
100
AcDbEntity
8
Temporary · remove
100
AcDbPolyline
90
4
70
1
38
0
10
193
20
52
10
240
20
52
10
240
20
63
10
193
20
63
0
LINE
5
7A3
330
6
100
AcDbEntity
8
Temporary · remove
100
AcDbLine
10
195
20
52
30
0
11
201
21
63
31
0
0
LINE
5
7A4
330
6
100
AcDbEntity
8
Temporary · remove
100
AcDbLine
10
199
20
52
30
0
11
205
21
63
31
0
0
LINE
5
7A5
330
6
100
AcDbEntity
8
Temporary · remove
100
AcDbLine
10
203
20
52
30
0
11
209
21
63
31
0
0
LINE
5
7A6
330
6
100
AcDbEntity
8
Temporary · remove
100
AcDbLine
10
207
20
52
30
0
11
213
21
63
31
0
0
LINE
5
7A7
330
6
100
AcDbEntity
8
Temporary · remove
100
AcDbLine
10
211
20
52
30
0
11
217
21
63
31
0
0
LINE
5
7A8
330
6
100
AcDbEntity
8
Temporary · remove
100
AcDbLine
10
215
20
52
30
0
11
221
21
63
31
0
0
LINE
5
7A9
330
6
100
AcDbEntity
8
Temporary · remove
100
AcDbLine
10
219
20
52
30
0
11
225
21
63
31
0
0
LINE
5
7AA
330
6
100
AcDbEntity
8
Temporary · remove
100
AcDbLine
10
223
20
52
30
0
11
229
21
63
31
0
0
LINE
5
7AB
330
6
100
AcDbEntity
8
Temporary · remove
100
AcDbLine
10
227
20
52
30
0
11
233
21
63
31
0
0
LINE
5
7AC
330
6
100
AcDbEntity
8
Temporary · remove
100
AcDbLine
10
231
20
52
30
0
11
237
21
63
31
0
0
LINE
5
7AD
330
6
100
AcDbEntity
8
Temporary · remove
100
AcDbLine
10
235
20
52
30
0
11
240
21
63
31
0
0
TEXT
5
7AE
330
6
100
AcDbEntity
8
Temporary · remove
100
AcDbText
10
195
20
57
30
0
40
1.05
1
TEMPORARY STAGING
7
STANDARD
100
AcDbText
0
CIRCLE
5
7AF
330
6
100
AcDbEntity
8
Landscape
100
AcDbCircle
10
17
20
18
30
0
40
1.15
210
0
220
0
230
1
0
CIRCLE
5
7B0
330
6
100
AcDbEntity
8
Landscape
100
AcDbCircle
10
17
20
18
30
0
40
0.38
210
0
220
0
230
1
0
LINE
5
7B1
330
6
100
AcDbEntity
8
Landscape
100
AcDbLine
10
16.25
20
18
30
0
11
17.75
21
18
31
0
0
LINE
5
7B2
330
6
100
AcDbEntity
8
Landscape
100
AcDbLine
10
17
20
17.25
30
0
11
17
21
18.75
31
0
0
CIRCLE
5
7B3
330
6
100
AcDbEntity
8
Landscape
100
AcDbCircle
10
235
20
18
30
0
40
1.15
210
0
220
0
230
1
0
CIRCLE
5
7B4
330
6
100
AcDbEntity
8
Landscape
100
AcDbCircle
10
235
20
18
30
0
40
0.38
210
0
220
0
230
1
0
LINE
5
7B5
330
6
100
AcDbEntity
8
Landscape
100
AcDbLine
10
234.25
20
18
30
0
11
235.75
21
18
31
0
0
LINE
5
7B6
330
6
100
AcDbEntity
8
Landscape
100
AcDbLine
10
235
20
17.25
30
0
11
235
21
18.75
31
0
0
CIRCLE
5
7B7
330
6
100
AcDbEntity
8
Landscape
100
AcDbCircle
10
17
20
21.9
30
0
40
1.15
210
0
220
0
230
1
0
CIRCLE
5
7B8
330
6
100
AcDbEntity
8
Landscape
100
AcDbCircle
10
17
20
21.9
30
0
40
0.38
210
0
220
0
230
1
0
LINE
5
7B9
330
6
100
AcDbEntity
8
Landscape
100
AcDbLine
10
16.25
20
21.9
30
0
11
17.75
21
21.9
31
0
0
LINE
5
7BA
330
6
100
AcDbEntity
8
Landscape
100
AcDbLine
10
17
20
21.15
30
0
11
17
21
22.65
31
0
0
CIRCLE
5
7BB
330
6
100
AcDbEntity
8
Landscape
100
AcDbCircle
10
235
20
21.9
30
0
40
1.15
210
0
220
0
230
1
0
CIRCLE
5
7BC
330
6
100
AcDbEntity
8
Landscape
100
AcDbCircle
10
235
20
21.9
30
0
40
0.38
210
0
220
0
230
1
0
LINE
5
7BD
330
6
100
AcDbEntity
8
Landscape
100
AcDbLine
10
234.25
20
21.9
30
0
11
235.75
21
21.9
31
0
0
LINE
5
7BE
330
6
100
AcDbEntity
8
Landscape
100
AcDbLine
10
235
20
21.15
30
0
11
235
21
22.65
31
0
0
CIRCLE
5
7BF
330
6
100
AcDbEntity
8
Landscape
100
AcDbCircle
10
17
20
25.8
30
0
40
1.15
210
0
220
0
230
1
0
CIRCLE
5
7C0
330
6
100
AcDbEntity
8
Landscape
100
AcDbCircle
10
17
20
25.8
30
0
40
0.38
210
0
220
0
230
1
0
LINE
5
7C1
330
6
100
AcDbEntity
8
Landscape
100
AcDbLine
10
16.25
20
25.8
30
0
11
17.75
21
25.8
31
0
0
LINE
5
7C2
330
6
100
AcDbEntity
8
Landscape
100
AcDbLine
10
17
20
25.05
30
0
11
17
21
26.55
31
0
0
CIRCLE
5
7C3
330
6
100
AcDbEntity
8
Landscape
100
AcDbCircle
10
235
20
25.8
30
0
40
1.15
210
0
220
0
230
1
0
CIRCLE
5
7C4
330
6
100
AcDbEntity
8
Landscape
100
AcDbCircle
10
235
20
25.8
30
0
40
0.38
210
0
220
0
230
1
0
LINE
5
7C5
330
6
100
AcDbEntity
8
Landscape
100
AcDbLine
10
234.25
20
25.8
30
0
11
235.75
21
25.8
31
0
0
LINE
5
7C6
330
6
100
AcDbEntity
8
Landscape
100
AcDbLine
10
235
20
25.05
30
0
11
235
21
26.55
31
0
0
CIRCLE
5
7C7
330
6
100
AcDbEntity
8
Landscape
100
AcDbCircle
10
17
20
29.7
30
0
40
1.15
210
0
220
0
230
1
0
CIRCLE
5
7C8
330
6
100
AcDbEntity
8
Landscape
100
AcDbCircle
10
17
20
29.7
30
0
40
0.38
210
0
220
0
230
1
0
LINE
5
7C9
330
6
100
AcDbEntity
8
Landscape
100
AcDbLine
10
16.25
20
29.7
30
0
11
17.75
21
29.7
31
0
0
LINE
5
7CA
330
6
100
AcDbEntity
8
Landscape
100
AcDbLine
10
17
20
28.95
30
0
11
17
21
30.45
31
0
0
CIRCLE
5
7CB
330
6
100
AcDbEntity
8
Landscape
100
AcDbCircle
10
235
20
29.7
30
0
40
1.15
210
0
220
0
230
1
0
CIRCLE
5
7CC
330
6
100
AcDbEntity
8
Landscape
100
AcDbCircle
10
235
20
29.7
30
0
40
0.38
210
0
220
0
230
1
0
LINE
5
7CD
330
6
100
AcDbEntity
8
Landscape
100
AcDbLine
10
234.25
20
29.7
30
0
11
235.75
21
29.7
31
0
0
LINE
5
7CE
330
6
100
AcDbEntity
8
Landscape
100
AcDbLine
10
235
20
28.95
30
0
11
235
21
30.45
31
0
0
CIRCLE
5
7CF
330
6
100
AcDbEntity
8
Landscape
100
AcDbCircle
10
17
20
33.6
30
0
40
1.15
210
0
220
0
230
1
0
CIRCLE
5
7D0
330
6
100
AcDbEntity
8
Landscape
100
AcDbCircle
10
17
20
33.6
30
0
40
0.38
210
0
220
0
230
1
0
LINE
5
7D1
330
6
100
AcDbEntity
8
Landscape
100
AcDbLine
10
16.25
20
33.6
30
0
11
17.75
21
33.6
31
0
0
LINE
5
7D2
330
6
100
AcDbEntity
8
Landscape
100
AcDbLine
10
17
20
32.85
30
0
11
17
21
34.35
31
0
0
CIRCLE
5
7D3
330
6
100
AcDbEntity
8
Landscape
100
AcDbCircle
10
235
20
33.6
30
0
40
1.15
210
0
220
0
230
1
0
CIRCLE
5
7D4
330
6
100
AcDbEntity
8
Landscape
100
AcDbCircle
10
235
20
33.6
30
0
40
0.38
210
0
220
0
230
1
0
LINE
5
7D5
330
6
100
AcDbEntity
8
Landscape
100
AcDbLine
10
234.25
20
33.6
30
0
11
235.75
21
33.6
31
0
0
LINE
5
7D6
330
6
100
AcDbEntity
8
Landscape
100
AcDbLine
10
235
20
32.85
30
0
11
235
21
34.35
31
0
0
CIRCLE
5
7D7
330
6
100
AcDbEntity
8
Landscape
100
AcDbCircle
10
17
20
37.5
30
0
40
1.15
210
0
220
0
230
1
0
CIRCLE
5
7D8
330
6
100
AcDbEntity
8
Landscape
100
AcDbCircle
10
17
20
37.5
30
0
40
0.38
210
0
220
0
230
1
0
LINE
5
7D9
330
6
100
AcDbEntity
8
Landscape
100
AcDbLine
10
16.25
20
37.5
30
0
11
17.75
21
37.5
31
0
0
LINE
5
7DA
330
6
100
AcDbEntity
8
Landscape
100
AcDbLine
10
17
20
36.75
30
0
11
17
21
38.25
31
0
0
CIRCLE
5
7DB
330
6
100
AcDbEntity
8
Landscape
100
AcDbCircle
10
235
20
37.5
30
0
40
1.15
210
0
220
0
230
1
0
CIRCLE
5
7DC
330
6
100
AcDbEntity
8
Landscape
100
AcDbCircle
10
235
20
37.5
30
0
40
0.38
210
0
220
0
230
1
0
LINE
5
7DD
330
6
100
AcDbEntity
8
Landscape
100
AcDbLine
10
234.25
20
37.5
30
0
11
235.75
21
37.5
31
0
0
LINE
5
7DE
330
6
100
AcDbEntity
8
Landscape
100
AcDbLine
10
235
20
36.75
30
0
11
235
21
38.25
31
0
0
CIRCLE
5
7DF
330
6
100
AcDbEntity
8
Landscape
100
AcDbCircle
10
17
20
41.4
30
0
40
1.15
210
0
220
0
230
1
0
CIRCLE
5
7E0
330
6
100
AcDbEntity
8
Landscape
100
AcDbCircle
10
17
20
41.4
30
0
40
0.38
210
0
220
0
230
1
0
LINE
5
7E1
330
6
100
AcDbEntity
8
Landscape
100
AcDbLine
10
16.25
20
41.4
30
0
11
17.75
21
41.4
31
0
0
LINE
5
7E2
330
6
100
AcDbEntity
8
Landscape
100
AcDbLine
10
17
20
40.65
30
0
11
17
21
42.15
31
0
0
CIRCLE
5
7E3
330
6
100
AcDbEntity
8
Landscape
100
AcDbCircle
10
235
20
41.4
30
0
40
1.15
210
0
220
0
230
1
0
CIRCLE
5
7E4
330
6
100
AcDbEntity
8
Landscape
100
AcDbCircle
10
235
20
41.4
30
0
40
0.38
210
0
220
0
230
1
0
LINE
5
7E5
330
6
100
AcDbEntity
8
Landscape
100
AcDbLine
10
234.25
20
41.4
30
0
11
235.75
21
41.4
31
0
0
LINE
5
7E6
330
6
100
AcDbEntity
8
Landscape
100
AcDbLine
10
235
20
40.65
30
0
11
235
21
42.15
31
0
0
CIRCLE
5
7E7
330
6
100
AcDbEntity
8
Landscape
100
AcDbCircle
10
17
20
45.3
30
0
40
1.15
210
0
220
0
230
1
0
CIRCLE
5
7E8
330
6
100
AcDbEntity
8
Landscape
100
AcDbCircle
10
17
20
45.3
30
0
40
0.38
210
0
220
0
230
1
0
LINE
5
7E9
330
6
100
AcDbEntity
8
Landscape
100
AcDbLine
10
16.25
20
45.3
30
0
11
17.75
21
45.3
31
0
0
LINE
5
7EA
330
6
100
AcDbEntity
8
Landscape
100
AcDbLine
10
17
20
44.55
30
0
11
17
21
46.05
31
0
0
CIRCLE
5
7EB
330
6
100
AcDbEntity
8
Landscape
100
AcDbCircle
10
235
20
45.3
30
0
40
1.15
210
0
220
0
230
1
0
CIRCLE
5
7EC
330
6
100
AcDbEntity
8
Landscape
100
AcDbCircle
10
235
20
45.3
30
0
40
0.38
210
0
220
0
230
1
0
LINE
5
7ED
330
6
100
AcDbEntity
8
Landscape
100
AcDbLine
10
234.25
20
45.3
30
0
11
235.75
21
45.3
31
0
0
LINE
5
7EE
330
6
100
AcDbEntity
8
Landscape
100
AcDbLine
10
235
20
44.55
30
0
11
235
21
46.05
31
0
0
CIRCLE
5
7EF
330
6
100
AcDbEntity
8
Landscape
100
AcDbCircle
10
17
20
49.2
30
0
40
1.15
210
0
220
0
230
1
0
CIRCLE
5
7F0
330
6
100
AcDbEntity
8
Landscape
100
AcDbCircle
10
17
20
49.2
30
0
40
0.38
210
0
220
0
230
1
0
LINE
5
7F1
330
6
100
AcDbEntity
8
Landscape
100
AcDbLine
10
16.25
20
49.2
30
0
11
17.75
21
49.2
31
0
0
LINE
5
7F2
330
6
100
AcDbEntity
8
Landscape
100
AcDbLine
10
17
20
48.45
30
0
11
17
21
49.95
31
0
0
CIRCLE
5
7F3
330
6
100
AcDbEntity
8
Landscape
100
AcDbCircle
10
235
20
49.2
30
0
40
1.15
210
0
220
0
230
1
0
CIRCLE
5
7F4
330
6
100
AcDbEntity
8
Landscape
100
AcDbCircle
10
235
20
49.2
30
0
40
0.38
210
0
220
0
230
1
0
LINE
5
7F5
330
6
100
AcDbEntity
8
Landscape
100
AcDbLine
10
234.25
20
49.2
30
0
11
235.75
21
49.2
31
0
0
LINE
5
7F6
330
6
100
AcDbEntity
8
Landscape
100
AcDbLine
10
235
20
48.45
30
0
11
235
21
49.95
31
0
0
CIRCLE
5
7F7
330
6
100
AcDbEntity
8
Landscape
100
AcDbCircle
10
17
20
53.1
30
0
40
1.15
210
0
220
0
230
1
0
CIRCLE
5
7F8
330
6
100
AcDbEntity
8
Landscape
100
AcDbCircle
10
17
20
53.1
30
0
40
0.38
210
0
220
0
230
1
0
LINE
5
7F9
330
6
100
AcDbEntity
8
Landscape
100
AcDbLine
10
16.25
20
53.1
30
0
11
17.75
21
53.1
31
0
0
LINE
5
7FA
330
6
100
AcDbEntity
8
Landscape
100
AcDbLine
10
17
20
52.35
30
0
11
17
21
53.85
31
0
0
CIRCLE
5
7FB
330
6
100
AcDbEntity
8
Landscape
100
AcDbCircle
10
235
20
53.1
30
0
40
1.15
210
0
220
0
230
1
0
CIRCLE
5
7FC
330
6
100
AcDbEntity
8
Landscape
100
AcDbCircle
10
235
20
53.1
30
0
40
0.38
210
0
220
0
230
1
0
LINE
5
7FD
330
6
100
AcDbEntity
8
Landscape
100
AcDbLine
10
234.25
20
53.1
30
0
11
235.75
21
53.1
31
0
0
LINE
5
7FE
330
6
100
AcDbEntity
8
Landscape
100
AcDbLine
10
235
20
52.35
30
0
11
235
21
53.85
31
0
0
CIRCLE
5
7FF
330
6
100
AcDbEntity
8
Landscape
100
AcDbCircle
10
17
20
57
30
0
40
1.15
210
0
220
0
230
1
0
CIRCLE
5
800
330
6
100
AcDbEntity
8
Landscape
100
AcDbCircle
10
17
20
57
30
0
40
0.38
210
0
220
0
230
1
0
LINE
5
801
330
6
100
AcDbEntity
8
Landscape
100
AcDbLine
10
16.25
20
57
30
0
11
17.75
21
57
31
0
0
LINE
5
802
330
6
100
AcDbEntity
8
Landscape
100
AcDbLine
10
17
20
56.25
30
0
11
17
21
57.75
31
0
0
CIRCLE
5
803
330
6
100
AcDbEntity
8
Landscape
100
AcDbCircle
10
235
20
57
30
0
40
1.15
210
0
220
0
230
1
0
CIRCLE
5
804
330
6
100
AcDbEntity
8
Landscape
100
AcDbCircle
10
235
20
57
30
0
40
0.38
210
0
220
0
230
1
0
LINE
5
805
330
6
100
AcDbEntity
8
Landscape
100
AcDbLine
10
234.25
20
57
30
0
11
235.75
21
57
31
0
0
LINE
5
806
330
6
100
AcDbEntity
8
Landscape
100
AcDbLine
10
235
20
56.25
30
0
11
235
21
57.75
31
0
0
CIRCLE
5
807
330
6
100
AcDbEntity
8
Landscape
100
AcDbCircle
10
17
20
60.9
30
0
40
1.15
210
0
220
0
230
1
0
CIRCLE
5
808
330
6
100
AcDbEntity
8
Landscape
100
AcDbCircle
10
17
20
60.9
30
0
40
0.38
210
0
220
0
230
1
0
LINE
5
809
330
6
100
AcDbEntity
8
Landscape
100
AcDbLine
10
16.25
20
60.9
30
0
11
17.75
21
60.9
31
0
0
LINE
5
80A
330
6
100
AcDbEntity
8
Landscape
100
AcDbLine
10
17
20
60.15
30
0
11
17
21
61.65
31
0
0
CIRCLE
5
80B
330
6
100
AcDbEntity
8
Landscape
100
AcDbCircle
10
235
20
60.9
30
0
40
1.15
210
0
220
0
230
1
0
CIRCLE
5
80C
330
6
100
AcDbEntity
8
Landscape
100
AcDbCircle
10
235
20
60.9
30
0
40
0.38
210
0
220
0
230
1
0
LINE
5
80D
330
6
100
AcDbEntity
8
Landscape
100
AcDbLine
10
234.25
20
60.9
30
0
11
235.75
21
60.9
31
0
0
LINE
5
80E
330
6
100
AcDbEntity
8
Landscape
100
AcDbLine
10
235
20
60.15
30
0
11
235
21
61.65
31
0
0
CIRCLE
5
80F
330
6
100
AcDbEntity
8
Landscape
100
AcDbCircle
10
17
20
64.8
30
0
40
1.15
210
0
220
0
230
1
0
CIRCLE
5
810
330
6
100
AcDbEntity
8
Landscape
100
AcDbCircle
10
17
20
64.8
30
0
40
0.38
210
0
220
0
230
1
0
LINE
5
811
330
6
100
AcDbEntity
8
Landscape
100
AcDbLine
10
16.25
20
64.8
30
0
11
17.75
21
64.8
31
0
0
LINE
5
812
330
6
100
AcDbEntity
8
Landscape
100
AcDbLine
10
17
20
64.05
30
0
11
17
21
65.55
31
0
0
CIRCLE
5
813
330
6
100
AcDbEntity
8
Landscape
100
AcDbCircle
10
235
20
64.8
30
0
40
1.15
210
0
220
0
230
1
0
CIRCLE
5
814
330
6
100
AcDbEntity
8
Landscape
100
AcDbCircle
10
235
20
64.8
30
0
40
0.38
210
0
220
0
230
1
0
LINE
5
815
330
6
100
AcDbEntity
8
Landscape
100
AcDbLine
10
234.25
20
64.8
30
0
11
235.75
21
64.8
31
0
0
LINE
5
816
330
6
100
AcDbEntity
8
Landscape
100
AcDbLine
10
235
20
64.05
30
0
11
235
21
65.55
31
0
0
CIRCLE
5
817
330
6
100
AcDbEntity
8
Landscape
100
AcDbCircle
10
17
20
68.69999999999999
30
0
40
1.15
210
0
220
0
230
1
0
CIRCLE
5
818
330
6
100
AcDbEntity
8
Landscape
100
AcDbCircle
10
17
20
68.69999999999999
30
0
40
0.38
210
0
220
0
230
1
0
LINE
5
819
330
6
100
AcDbEntity
8
Landscape
100
AcDbLine
10
16.25
20
68.69999999999999
30
0
11
17.75
21
68.69999999999999
31
0
0
LINE
5
81A
330
6
100
AcDbEntity
8
Landscape
100
AcDbLine
10
17
20
67.94999999999999
30
0
11
17
21
69.44999999999999
31
0
0
CIRCLE
5
81B
330
6
100
AcDbEntity
8
Landscape
100
AcDbCircle
10
235
20
68.69999999999999
30
0
40
1.15
210
0
220
0
230
1
0
CIRCLE
5
81C
330
6
100
AcDbEntity
8
Landscape
100
AcDbCircle
10
235
20
68.69999999999999
30
0
40
0.38
210
0
220
0
230
1
0
LINE
5
81D
330
6
100
AcDbEntity
8
Landscape
100
AcDbLine
10
234.25
20
68.69999999999999
30
0
11
235.75
21
68.69999999999999
31
0
0
LINE
5
81E
330
6
100
AcDbEntity
8
Landscape
100
AcDbLine
10
235
20
67.94999999999999
30
0
11
235
21
69.44999999999999
31
0
0
CIRCLE
5
81F
330
6
100
AcDbEntity
8
Landscape
100
AcDbCircle
10
17
20
72.6
30
0
40
1.15
210
0
220
0
230
1
0
CIRCLE
5
820
330
6
100
AcDbEntity
8
Landscape
100
AcDbCircle
10
17
20
72.6
30
0
40
0.38
210
0
220
0
230
1
0
LINE
5
821
330
6
100
AcDbEntity
8
Landscape
100
AcDbLine
10
16.25
20
72.6
30
0
11
17.75
21
72.6
31
0
0
LINE
5
822
330
6
100
AcDbEntity
8
Landscape
100
AcDbLine
10
17
20
71.85
30
0
11
17
21
73.35
31
0
0
CIRCLE
5
823
330
6
100
AcDbEntity
8
Landscape
100
AcDbCircle
10
235
20
72.6
30
0
40
1.15
210
0
220
0
230
1
0
CIRCLE
5
824
330
6
100
AcDbEntity
8
Landscape
100
AcDbCircle
10
235
20
72.6
30
0
40
0.38
210
0
220
0
230
1
0
LINE
5
825
330
6
100
AcDbEntity
8
Landscape
100
AcDbLine
10
234.25
20
72.6
30
0
11
235.75
21
72.6
31
0
0
LINE
5
826
330
6
100
AcDbEntity
8
Landscape
100
AcDbLine
10
235
20
71.85
30
0
11
235
21
73.35
31
0
0
CIRCLE
5
827
330
6
100
AcDbEntity
8
Landscape
100
AcDbCircle
10
17
20
76.5
30
0
40
1.15
210
0
220
0
230
1
0
CIRCLE
5
828
330
6
100
AcDbEntity
8
Landscape
100
AcDbCircle
10
17
20
76.5
30
0
40
0.38
210
0
220
0
230
1
0
LINE
5
829
330
6
100
AcDbEntity
8
Landscape
100
AcDbLine
10
16.25
20
76.5
30
0
11
17.75
21
76.5
31
0
0
LINE
5
82A
330
6
100
AcDbEntity
8
Landscape
100
AcDbLine
10
17
20
75.75
30
0
11
17
21
77.25
31
0
0
CIRCLE
5
82B
330
6
100
AcDbEntity
8
Landscape
100
AcDbCircle
10
235
20
76.5
30
0
40
1.15
210
0
220
0
230
1
0
CIRCLE
5
82C
330
6
100
AcDbEntity
8
Landscape
100
AcDbCircle
10
235
20
76.5
30
0
40
0.38
210
0
220
0
230
1
0
LINE
5
82D
330
6
100
AcDbEntity
8
Landscape
100
AcDbLine
10
234.25
20
76.5
30
0
11
235.75
21
76.5
31
0
0
LINE
5
82E
330
6
100
AcDbEntity
8
Landscape
100
AcDbLine
10
235
20
75.75
30
0
11
235
21
77.25
31
0
0
CIRCLE
5
82F
330
6
100
AcDbEntity
8
Landscape
100
AcDbCircle
10
17
20
80.4
30
0
40
1.15
210
0
220
0
230
1
0
CIRCLE
5
830
330
6
100
AcDbEntity
8
Landscape
100
AcDbCircle
10
17
20
80.4
30
0
40
0.38
210
0
220
0
230
1
0
LINE
5
831
330
6
100
AcDbEntity
8
Landscape
100
AcDbLine
10
16.25
20
80.4
30
0
11
17.75
21
80.4
31
0
0
LINE
5
832
330
6
100
AcDbEntity
8
Landscape
100
AcDbLine
10
17
20
79.65
30
0
11
17
21
81.15
31
0
0
CIRCLE
5
833
330
6
100
AcDbEntity
8
Landscape
100
AcDbCircle
10
235
20
80.4
30
0
40
1.15
210
0
220
0
230
1
0
CIRCLE
5
834
330
6
100
AcDbEntity
8
Landscape
100
AcDbCircle
10
235
20
80.4
30
0
40
0.38
210
0
220
0
230
1
0
LINE
5
835
330
6
100
AcDbEntity
8
Landscape
100
AcDbLine
10
234.25
20
80.4
30
0
11
235.75
21
80.4
31
0
0
LINE
5
836
330
6
100
AcDbEntity
8
Landscape
100
AcDbLine
10
235
20
79.65
30
0
11
235
21
81.15
31
0
0
CIRCLE
5
837
330
6
100
AcDbEntity
8
Landscape
100
AcDbCircle
10
17
20
84.3
30
0
40
1.15
210
0
220
0
230
1
0
CIRCLE
5
838
330
6
100
AcDbEntity
8
Landscape
100
AcDbCircle
10
17
20
84.3
30
0
40
0.38
210
0
220
0
230
1
0
LINE
5
839
330
6
100
AcDbEntity
8
Landscape
100
AcDbLine
10
16.25
20
84.3
30
0
11
17.75
21
84.3
31
0
0
LINE
5
83A
330
6
100
AcDbEntity
8
Landscape
100
AcDbLine
10
17
20
83.55
30
0
11
17
21
85.05
31
0
0
CIRCLE
5
83B
330
6
100
AcDbEntity
8
Landscape
100
AcDbCircle
10
235
20
84.3
30
0
40
1.15
210
0
220
0
230
1
0
CIRCLE
5
83C
330
6
100
AcDbEntity
8
Landscape
100
AcDbCircle
10
235
20
84.3
30
0
40
0.38
210
0
220
0
230
1
0
LINE
5
83D
330
6
100
AcDbEntity
8
Landscape
100
AcDbLine
10
234.25
20
84.3
30
0
11
235.75
21
84.3
31
0
0
LINE
5
83E
330
6
100
AcDbEntity
8
Landscape
100
AcDbLine
10
235
20
83.55
30
0
11
235
21
85.05
31
0
0
CIRCLE
5
83F
330
6
100
AcDbEntity
8
Landscape
100
AcDbCircle
10
17
20
88.2
30
0
40
1.15
210
0
220
0
230
1
0
CIRCLE
5
840
330
6
100
AcDbEntity
8
Landscape
100
AcDbCircle
10
17
20
88.2
30
0
40
0.38
210
0
220
0
230
1
0
LINE
5
841
330
6
100
AcDbEntity
8
Landscape
100
AcDbLine
10
16.25
20
88.2
30
0
11
17.75
21
88.2
31
0
0
LINE
5
842
330
6
100
AcDbEntity
8
Landscape
100
AcDbLine
10
17
20
87.45
30
0
11
17
21
88.95
31
0
0
CIRCLE
5
843
330
6
100
AcDbEntity
8
Landscape
100
AcDbCircle
10
235
20
88.2
30
0
40
1.15
210
0
220
0
230
1
0
CIRCLE
5
844
330
6
100
AcDbEntity
8
Landscape
100
AcDbCircle
10
235
20
88.2
30
0
40
0.38
210
0
220
0
230
1
0
LINE
5
845
330
6
100
AcDbEntity
8
Landscape
100
AcDbLine
10
234.25
20
88.2
30
0
11
235.75
21
88.2
31
0
0
LINE
5
846
330
6
100
AcDbEntity
8
Landscape
100
AcDbLine
10
235
20
87.45
30
0
11
235
21
88.95
31
0
0
CIRCLE
5
847
330
6
100
AcDbEntity
8
Landscape
100
AcDbCircle
10
17
20
92.1
30
0
40
1.15
210
0
220
0
230
1
0
CIRCLE
5
848
330
6
100
AcDbEntity
8
Landscape
100
AcDbCircle
10
17
20
92.1
30
0
40
0.38
210
0
220
0
230
1
0
LINE
5
849
330
6
100
AcDbEntity
8
Landscape
100
AcDbLine
10
16.25
20
92.1
30
0
11
17.75
21
92.1
31
0
0
LINE
5
84A
330
6
100
AcDbEntity
8
Landscape
100
AcDbLine
10
17
20
91.35
30
0
11
17
21
92.85
31
0
0
CIRCLE
5
84B
330
6
100
AcDbEntity
8
Landscape
100
AcDbCircle
10
235
20
92.1
30
0
40
1.15
210
0
220
0
230
1
0
CIRCLE
5
84C
330
6
100
AcDbEntity
8
Landscape
100
AcDbCircle
10
235
20
92.1
30
0
40
0.38
210
0
220
0
230
1
0
LINE
5
84D
330
6
100
AcDbEntity
8
Landscape
100
AcDbLine
10
234.25
20
92.1
30
0
11
235.75
21
92.1
31
0
0
LINE
5
84E
330
6
100
AcDbEntity
8
Landscape
100
AcDbLine
10
235
20
91.35
30
0
11
235
21
92.85
31
0
0
CIRCLE
5
84F
330
6
100
AcDbEntity
8
Landscape
100
AcDbCircle
10
17
20
96
30
0
40
1.15
210
0
220
0
230
1
0
CIRCLE
5
850
330
6
100
AcDbEntity
8
Landscape
100
AcDbCircle
10
17
20
96
30
0
40
0.38
210
0
220
0
230
1
0
LINE
5
851
330
6
100
AcDbEntity
8
Landscape
100
AcDbLine
10
16.25
20
96
30
0
11
17.75
21
96
31
0
0
LINE
5
852
330
6
100
AcDbEntity
8
Landscape
100
AcDbLine
10
17
20
95.25
30
0
11
17
21
96.75
31
0
0
CIRCLE
5
853
330
6
100
AcDbEntity
8
Landscape
100
AcDbCircle
10
235
20
96
30
0
40
1.15
210
0
220
0
230
1
0
CIRCLE
5
854
330
6
100
AcDbEntity
8
Landscape
100
AcDbCircle
10
235
20
96
30
0
40
0.38
210
0
220
0
230
1
0
LINE
5
855
330
6
100
AcDbEntity
8
Landscape
100
AcDbLine
10
234.25
20
96
30
0
11
235.75
21
96
31
0
0
LINE
5
856
330
6
100
AcDbEntity
8
Landscape
100
AcDbLine
10
235
20
95.25
30
0
11
235
21
96.75
31
0
0
CIRCLE
5
857
330
6
100
AcDbEntity
8
Landscape
100
AcDbCircle
10
17
20
99.89999999999999
30
0
40
1.15
210
0
220
0
230
1
0
CIRCLE
5
858
330
6
100
AcDbEntity
8
Landscape
100
AcDbCircle
10
17
20
99.89999999999999
30
0
40
0.38
210
0
220
0
230
1
0
LINE
5
859
330
6
100
AcDbEntity
8
Landscape
100
AcDbLine
10
16.25
20
99.89999999999999
30
0
11
17.75
21
99.89999999999999
31
0
0
LINE
5
85A
330
6
100
AcDbEntity
8
Landscape
100
AcDbLine
10
17
20
99.14999999999999
30
0
11
17
21
100.64999999999999
31
0
0
CIRCLE
5
85B
330
6
100
AcDbEntity
8
Landscape
100
AcDbCircle
10
235
20
99.89999999999999
30
0
40
1.15
210
0
220
0
230
1
0
CIRCLE
5
85C
330
6
100
AcDbEntity
8
Landscape
100
AcDbCircle
10
235
20
99.89999999999999
30
0
40
0.38
210
0
220
0
230
1
0
LINE
5
85D
330
6
100
AcDbEntity
8
Landscape
100
AcDbLine
10
234.25
20
99.89999999999999
30
0
11
235.75
21
99.89999999999999
31
0
0
LINE
5
85E
330
6
100
AcDbEntity
8
Landscape
100
AcDbLine
10
235
20
99.14999999999999
30
0
11
235
21
100.64999999999999
31
0
0
CIRCLE
5
85F
330
6
100
AcDbEntity
8
Landscape
100
AcDbCircle
10
17
20
103.8
30
0
40
1.15
210
0
220
0
230
1
0
CIRCLE
5
860
330
6
100
AcDbEntity
8
Landscape
100
AcDbCircle
10
17
20
103.8
30
0
40
0.38
210
0
220
0
230
1
0
LINE
5
861
330
6
100
AcDbEntity
8
Landscape
100
AcDbLine
10
16.25
20
103.8
30
0
11
17.75
21
103.8
31
0
0
LINE
5
862
330
6
100
AcDbEntity
8
Landscape
100
AcDbLine
10
17
20
103.05
30
0
11
17
21
104.55
31
0
0
CIRCLE
5
863
330
6
100
AcDbEntity
8
Landscape
100
AcDbCircle
10
235
20
103.8
30
0
40
1.15
210
0
220
0
230
1
0
CIRCLE
5
864
330
6
100
AcDbEntity
8
Landscape
100
AcDbCircle
10
235
20
103.8
30
0
40
0.38
210
0
220
0
230
1
0
LINE
5
865
330
6
100
AcDbEntity
8
Landscape
100
AcDbLine
10
234.25
20
103.8
30
0
11
235.75
21
103.8
31
0
0
LINE
5
866
330
6
100
AcDbEntity
8
Landscape
100
AcDbLine
10
235
20
103.05
30
0
11
235
21
104.55
31
0
0
CIRCLE
5
867
330
6
100
AcDbEntity
8
Landscape
100
AcDbCircle
10
17
20
107.7
30
0
40
1.15
210
0
220
0
230
1
0
CIRCLE
5
868
330
6
100
AcDbEntity
8
Landscape
100
AcDbCircle
10
17
20
107.7
30
0
40
0.38
210
0
220
0
230
1
0
LINE
5
869
330
6
100
AcDbEntity
8
Landscape
100
AcDbLine
10
16.25
20
107.7
30
0
11
17.75
21
107.7
31
0
0
LINE
5
86A
330
6
100
AcDbEntity
8
Landscape
100
AcDbLine
10
17
20
106.95
30
0
11
17
21
108.45
31
0
0
CIRCLE
5
86B
330
6
100
AcDbEntity
8
Landscape
100
AcDbCircle
10
235
20
107.7
30
0
40
1.15
210
0
220
0
230
1
0
CIRCLE
5
86C
330
6
100
AcDbEntity
8
Landscape
100
AcDbCircle
10
235
20
107.7
30
0
40
0.38
210
0
220
0
230
1
0
LINE
5
86D
330
6
100
AcDbEntity
8
Landscape
100
AcDbLine
10
234.25
20
107.7
30
0
11
235.75
21
107.7
31
0
0
LINE
5
86E
330
6
100
AcDbEntity
8
Landscape
100
AcDbLine
10
235
20
106.95
30
0
11
235
21
108.45
31
0
0
CIRCLE
5
86F
330
6
100
AcDbEntity
8
Landscape
100
AcDbCircle
10
17
20
111.6
30
0
40
1.15
210
0
220
0
230
1
0
CIRCLE
5
870
330
6
100
AcDbEntity
8
Landscape
100
AcDbCircle
10
17
20
111.6
30
0
40
0.38
210
0
220
0
230
1
0
LINE
5
871
330
6
100
AcDbEntity
8
Landscape
100
AcDbLine
10
16.25
20
111.6
30
0
11
17.75
21
111.6
31
0
0
LINE
5
872
330
6
100
AcDbEntity
8
Landscape
100
AcDbLine
10
17
20
110.85
30
0
11
17
21
112.35
31
0
0
CIRCLE
5
873
330
6
100
AcDbEntity
8
Landscape
100
AcDbCircle
10
235
20
111.6
30
0
40
1.15
210
0
220
0
230
1
0
CIRCLE
5
874
330
6
100
AcDbEntity
8
Landscape
100
AcDbCircle
10
235
20
111.6
30
0
40
0.38
210
0
220
0
230
1
0
LINE
5
875
330
6
100
AcDbEntity
8
Landscape
100
AcDbLine
10
234.25
20
111.6
30
0
11
235.75
21
111.6
31
0
0
LINE
5
876
330
6
100
AcDbEntity
8
Landscape
100
AcDbLine
10
235
20
110.85
30
0
11
235
21
112.35
31
0
0
CIRCLE
5
877
330
6
100
AcDbEntity
8
Landscape
100
AcDbCircle
10
17
20
115.5
30
0
40
1.15
210
0
220
0
230
1
0
CIRCLE
5
878
330
6
100
AcDbEntity
8
Landscape
100
AcDbCircle
10
17
20
115.5
30
0
40
0.38
210
0
220
0
230
1
0
LINE
5
879
330
6
100
AcDbEntity
8
Landscape
100
AcDbLine
10
16.25
20
115.5
30
0
11
17.75
21
115.5
31
0
0
LINE
5
87A
330
6
100
AcDbEntity
8
Landscape
100
AcDbLine
10
17
20
114.75
30
0
11
17
21
116.25
31
0
0
CIRCLE
5
87B
330
6
100
AcDbEntity
8
Landscape
100
AcDbCircle
10
235
20
115.5
30
0
40
1.15
210
0
220
0
230
1
0
CIRCLE
5
87C
330
6
100
AcDbEntity
8
Landscape
100
AcDbCircle
10
235
20
115.5
30
0
40
0.38
210
0
220
0
230
1
0
LINE
5
87D
330
6
100
AcDbEntity
8
Landscape
100
AcDbLine
10
234.25
20
115.5
30
0
11
235.75
21
115.5
31
0
0
LINE
5
87E
330
6
100
AcDbEntity
8
Landscape
100
AcDbLine
10
235
20
114.75
30
0
11
235
21
116.25
31
0
0
CIRCLE
5
87F
330
6
100
AcDbEntity
8
Landscape
100
AcDbCircle
10
17
20
119.39999999999999
30
0
40
1.15
210
0
220
0
230
1
0
CIRCLE
5
880
330
6
100
AcDbEntity
8
Landscape
100
AcDbCircle
10
17
20
119.39999999999999
30
0
40
0.38
210
0
220
0
230
1
0
LINE
5
881
330
6
100
AcDbEntity
8
Landscape
100
AcDbLine
10
16.25
20
119.39999999999999
30
0
11
17.75
21
119.39999999999999
31
0
0
LINE
5
882
330
6
100
AcDbEntity
8
Landscape
100
AcDbLine
10
17
20
118.64999999999999
30
0
11
17
21
120.14999999999999
31
0
0
CIRCLE
5
883
330
6
100
AcDbEntity
8
Landscape
100
AcDbCircle
10
235
20
119.39999999999999
30
0
40
1.15
210
0
220
0
230
1
0
CIRCLE
5
884
330
6
100
AcDbEntity
8
Landscape
100
AcDbCircle
10
235
20
119.39999999999999
30
0
40
0.38
210
0
220
0
230
1
0
LINE
5
885
330
6
100
AcDbEntity
8
Landscape
100
AcDbLine
10
234.25
20
119.39999999999999
30
0
11
235.75
21
119.39999999999999
31
0
0
LINE
5
886
330
6
100
AcDbEntity
8
Landscape
100
AcDbLine
10
235
20
118.64999999999999
30
0
11
235
21
120.14999999999999
31
0
0
CIRCLE
5
887
330
6
100
AcDbEntity
8
Landscape
100
AcDbCircle
10
17
20
123.3
30
0
40
1.15
210
0
220
0
230
1
0
CIRCLE
5
888
330
6
100
AcDbEntity
8
Landscape
100
AcDbCircle
10
17
20
123.3
30
0
40
0.38
210
0
220
0
230
1
0
LINE
5
889
330
6
100
AcDbEntity
8
Landscape
100
AcDbLine
10
16.25
20
123.3
30
0
11
17.75
21
123.3
31
0
0
LINE
5
88A
330
6
100
AcDbEntity
8
Landscape
100
AcDbLine
10
17
20
122.55
30
0
11
17
21
124.05
31
0
0
CIRCLE
5
88B
330
6
100
AcDbEntity
8
Landscape
100
AcDbCircle
10
235
20
123.3
30
0
40
1.15
210
0
220
0
230
1
0
CIRCLE
5
88C
330
6
100
AcDbEntity
8
Landscape
100
AcDbCircle
10
235
20
123.3
30
0
40
0.38
210
0
220
0
230
1
0
LINE
5
88D
330
6
100
AcDbEntity
8
Landscape
100
AcDbLine
10
234.25
20
123.3
30
0
11
235.75
21
123.3
31
0
0
LINE
5
88E
330
6
100
AcDbEntity
8
Landscape
100
AcDbLine
10
235
20
122.55
30
0
11
235
21
124.05
31
0
0
CIRCLE
5
88F
330
6
100
AcDbEntity
8
Landscape
100
AcDbCircle
10
17
20
127.2
30
0
40
1.15
210
0
220
0
230
1
0
CIRCLE
5
890
330
6
100
AcDbEntity
8
Landscape
100
AcDbCircle
10
17
20
127.2
30
0
40
0.38
210
0
220
0
230
1
0
LINE
5
891
330
6
100
AcDbEntity
8
Landscape
100
AcDbLine
10
16.25
20
127.2
30
0
11
17.75
21
127.2
31
0
0
LINE
5
892
330
6
100
AcDbEntity
8
Landscape
100
AcDbLine
10
17
20
126.45
30
0
11
17
21
127.95
31
0
0
CIRCLE
5
893
330
6
100
AcDbEntity
8
Landscape
100
AcDbCircle
10
235
20
127.2
30
0
40
1.15
210
0
220
0
230
1
0
CIRCLE
5
894
330
6
100
AcDbEntity
8
Landscape
100
AcDbCircle
10
235
20
127.2
30
0
40
0.38
210
0
220
0
230
1
0
LINE
5
895
330
6
100
AcDbEntity
8
Landscape
100
AcDbLine
10
234.25
20
127.2
30
0
11
235.75
21
127.2
31
0
0
LINE
5
896
330
6
100
AcDbEntity
8
Landscape
100
AcDbLine
10
235
20
126.45
30
0
11
235
21
127.95
31
0
0
CIRCLE
5
897
330
6
100
AcDbEntity
8
Landscape
100
AcDbCircle
10
113
20
24
30
0
40
0.35
210
0
220
0
230
1
0
CIRCLE
5
898
330
6
100
AcDbEntity
8
Landscape
100
AcDbCircle
10
120.5
20
24
30
0
40
0.35
210
0
220
0
230
1
0
CIRCLE
5
899
330
6
100
AcDbEntity
8
Landscape
100
AcDbCircle
10
128
20
24
30
0
40
0.35
210
0
220
0
230
1
0
CIRCLE
5
89A
330
6
100
AcDbEntity
8
Landscape
100
AcDbCircle
10
135.5
20
24
30
0
40
0.35
210
0
220
0
230
1
0
CIRCLE
5
89B
330
6
100
AcDbEntity
8
Landscape
100
AcDbCircle
10
113
20
30.1
30
0
40
0.35
210
0
220
0
230
1
0
CIRCLE
5
89C
330
6
100
AcDbEntity
8
Landscape
100
AcDbCircle
10
120.5
20
30.1
30
0
40
0.35
210
0
220
0
230
1
0
CIRCLE
5
89D
330
6
100
AcDbEntity
8
Landscape
100
AcDbCircle
10
128
20
30.1
30
0
40
0.35
210
0
220
0
230
1
0
CIRCLE
5
89E
330
6
100
AcDbEntity
8
Landscape
100
AcDbCircle
10
135.5
20
30.1
30
0
40
0.35
210
0
220
0
230
1
0
CIRCLE
5
89F
330
6
100
AcDbEntity
8
Landscape
100
AcDbCircle
10
113
20
36.2
30
0
40
0.35
210
0
220
0
230
1
0
CIRCLE
5
8A0
330
6
100
AcDbEntity
8
Landscape
100
AcDbCircle
10
120.5
20
36.2
30
0
40
0.35
210
0
220
0
230
1
0
CIRCLE
5
8A1
330
6
100
AcDbEntity
8
Landscape
100
AcDbCircle
10
128
20
36.2
30
0
40
0.35
210
0
220
0
230
1
0
CIRCLE
5
8A2
330
6
100
AcDbEntity
8
Landscape
100
AcDbCircle
10
135.5
20
36.2
30
0
40
0.35
210
0
220
0
230
1
0
CIRCLE
5
8A3
330
6
100
AcDbEntity
8
Landscape
100
AcDbCircle
10
113
20
42.3
30
0
40
0.35
210
0
220
0
230
1
0
CIRCLE
5
8A4
330
6
100
AcDbEntity
8
Landscape
100
AcDbCircle
10
120.5
20
42.3
30
0
40
0.35
210
0
220
0
230
1
0
CIRCLE
5
8A5
330
6
100
AcDbEntity
8
Landscape
100
AcDbCircle
10
128
20
42.3
30
0
40
0.35
210
0
220
0
230
1
0
CIRCLE
5
8A6
330
6
100
AcDbEntity
8
Landscape
100
AcDbCircle
10
135.5
20
42.3
30
0
40
0.35
210
0
220
0
230
1
0
CIRCLE
5
8A7
330
6
100
AcDbEntity
8
Landscape
100
AcDbCircle
10
113
20
48.4
30
0
40
0.35
210
0
220
0
230
1
0
CIRCLE
5
8A8
330
6
100
AcDbEntity
8
Landscape
100
AcDbCircle
10
120.5
20
48.4
30
0
40
0.35
210
0
220
0
230
1
0
CIRCLE
5
8A9
330
6
100
AcDbEntity
8
Landscape
100
AcDbCircle
10
128
20
48.4
30
0
40
0.35
210
0
220
0
230
1
0
CIRCLE
5
8AA
330
6
100
AcDbEntity
8
Landscape
100
AcDbCircle
10
135.5
20
48.4
30
0
40
0.35
210
0
220
0
230
1
0
CIRCLE
5
8AB
330
6
100
AcDbEntity
8
Landscape
100
AcDbCircle
10
113
20
54.5
30
0
40
0.35
210
0
220
0
230
1
0
CIRCLE
5
8AC
330
6
100
AcDbEntity
8
Landscape
100
AcDbCircle
10
120.5
20
54.5
30
0
40
0.35
210
0
220
0
230
1
0
CIRCLE
5
8AD
330
6
100
AcDbEntity
8
Landscape
100
AcDbCircle
10
128
20
54.5
30
0
40
0.35
210
0
220
0
230
1
0
CIRCLE
5
8AE
330
6
100
AcDbEntity
8
Landscape
100
AcDbCircle
10
135.5
20
54.5
30
0
40
0.35
210
0
220
0
230
1
0
CIRCLE
5
8AF
330
6
100
AcDbEntity
8
Survey control
100
AcDbCircle
10
18
20
142
30
0
40
0.65
210
0
220
0
230
1
0
LINE
5
8B0
330
6
100
AcDbEntity
8
Survey control
100
AcDbLine
10
16.75
20
142
30
0
11
19.25
21
142
31
0
0
LINE
5
8B1
330
6
100
AcDbEntity
8
Survey control
100
AcDbLine
10
18
20
140.75
30
0
11
18
21
143.25
31
0
0
TEXT
5
8B2
330
6
100
AcDbEntity
8
Survey control
100
AcDbText
10
19.5
20
142.7
30
0
40
0.85
1
SP-01
7
STANDARD
100
AcDbText
0
CIRCLE
5
8B3
330
6
100
AcDbEntity
8
Survey control
100
AcDbCircle
10
37.1
20
7
30
0
40
0.65
210
0
220
0
230
1
0
LINE
5
8B4
330
6
100
AcDbEntity
8
Survey control
100
AcDbLine
10
35.85
20
7
30
0
11
38.35
21
7
31
0
0
LINE
5
8B5
330
6
100
AcDbEntity
8
Survey control
100
AcDbLine
10
37.1
20
5.75
30
0
11
37.1
21
8.25
31
0
0
TEXT
5
8B6
330
6
100
AcDbEntity
8
Survey control
100
AcDbText
10
38.6
20
7.7
30
0
40
0.85
1
SP-02
7
STANDARD
100
AcDbText
0
CIRCLE
5
8B7
330
6
100
AcDbEntity
8
Survey control
100
AcDbCircle
10
56.2
20
142
30
0
40
0.65
210
0
220
0
230
1
0
LINE
5
8B8
330
6
100
AcDbEntity
8
Survey control
100
AcDbLine
10
54.95
20
142
30
0
11
57.45
21
142
31
0
0
LINE
5
8B9
330
6
100
AcDbEntity
8
Survey control
100
AcDbLine
10
56.2
20
140.75
30
0
11
56.2
21
143.25
31
0
0
TEXT
5
8BA
330
6
100
AcDbEntity
8
Survey control
100
AcDbText
10
57.7
20
142.7
30
0
40
0.85
1
SP-03
7
STANDARD
100
AcDbText
0
CIRCLE
5
8BB
330
6
100
AcDbEntity
8
Survey control
100
AcDbCircle
10
75.30000000000001
20
7
30
0
40
0.65
210
0
220
0
230
1
0
LINE
5
8BC
330
6
100
AcDbEntity
8
Survey control
100
AcDbLine
10
74.05000000000001
20
7
30
0
11
76.55000000000001
21
7
31
0
0
LINE
5
8BD
330
6
100
AcDbEntity
8
Survey control
100
AcDbLine
10
75.30000000000001
20
5.75
30
0
11
75.30000000000001
21
8.25
31
0
0
TEXT
5
8BE
330
6
100
AcDbEntity
8
Survey control
100
AcDbText
10
76.80000000000001
20
7.7
30
0
40
0.85
1
SP-04
7
STANDARD
100
AcDbText
0
CIRCLE
5
8BF
330
6
100
AcDbEntity
8
Survey control
100
AcDbCircle
10
94.4
20
142
30
0
40
0.65
210
0
220
0
230
1
0
LINE
5
8C0
330
6
100
AcDbEntity
8
Survey control
100
AcDbLine
10
93.15
20
142
30
0
11
95.65
21
142
31
0
0
LINE
5
8C1
330
6
100
AcDbEntity
8
Survey control
100
AcDbLine
10
94.4
20
140.75
30
0
11
94.4
21
143.25
31
0
0
TEXT
5
8C2
330
6
100
AcDbEntity
8
Survey control
100
AcDbText
10
95.9
20
142.7
30
0
40
0.85
1
SP-05
7
STANDARD
100
AcDbText
0
CIRCLE
5
8C3
330
6
100
AcDbEntity
8
Survey control
100
AcDbCircle
10
113.5
20
7
30
0
40
0.65
210
0
220
0
230
1
0
LINE
5
8C4
330
6
100
AcDbEntity
8
Survey control
100
AcDbLine
10
112.25
20
7
30
0
11
114.75
21
7
31
0
0
LINE
5
8C5
330
6
100
AcDbEntity
8
Survey control
100
AcDbLine
10
113.5
20
5.75
30
0
11
113.5
21
8.25
31
0
0
TEXT
5
8C6
330
6
100
AcDbEntity
8
Survey control
100
AcDbText
10
115
20
7.7
30
0
40
0.85
1
SP-06
7
STANDARD
100
AcDbText
0
CIRCLE
5
8C7
330
6
100
AcDbEntity
8
Survey control
100
AcDbCircle
10
132.60000000000002
20
142
30
0
40
0.65
210
0
220
0
230
1
0
LINE
5
8C8
330
6
100
AcDbEntity
8
Survey control
100
AcDbLine
10
131.35000000000002
20
142
30
0
11
133.85000000000002
21
142
31
0
0
LINE
5
8C9
330
6
100
AcDbEntity
8
Survey control
100
AcDbLine
10
132.60000000000002
20
140.75
30
0
11
132.60000000000002
21
143.25
31
0
0
TEXT
5
8CA
330
6
100
AcDbEntity
8
Survey control
100
AcDbText
10
134.10000000000002
20
142.7
30
0
40
0.85
1
SP-07
7
STANDARD
100
AcDbText
0
CIRCLE
5
8CB
330
6
100
AcDbEntity
8
Survey control
100
AcDbCircle
10
151.70000000000002
20
7
30
0
40
0.65
210
0
220
0
230
1
0
LINE
5
8CC
330
6
100
AcDbEntity
8
Survey control
100
AcDbLine
10
150.45000000000002
20
7
30
0
11
152.95000000000002
21
7
31
0
0
LINE
5
8CD
330
6
100
AcDbEntity
8
Survey control
100
AcDbLine
10
151.70000000000002
20
5.75
30
0
11
151.70000000000002
21
8.25
31
0
0
TEXT
5
8CE
330
6
100
AcDbEntity
8
Survey control
100
AcDbText
10
153.20000000000002
20
7.7
30
0
40
0.85
1
SP-08
7
STANDARD
100
AcDbText
0
CIRCLE
5
8CF
330
6
100
AcDbEntity
8
Survey control
100
AcDbCircle
10
170.8
20
142
30
0
40
0.65
210
0
220
0
230
1
0
LINE
5
8D0
330
6
100
AcDbEntity
8
Survey control
100
AcDbLine
10
169.55
20
142
30
0
11
172.05
21
142
31
0
0
LINE
5
8D1
330
6
100
AcDbEntity
8
Survey control
100
AcDbLine
10
170.8
20
140.75
30
0
11
170.8
21
143.25
31
0
0
TEXT
5
8D2
330
6
100
AcDbEntity
8
Survey control
100
AcDbText
10
172.3
20
142.7
30
0
40
0.85
1
SP-09
7
STANDARD
100
AcDbText
0
CIRCLE
5
8D3
330
6
100
AcDbEntity
8
Survey control
100
AcDbCircle
10
189.9
20
7
30
0
40
0.65
210
0
220
0
230
1
0
LINE
5
8D4
330
6
100
AcDbEntity
8
Survey control
100
AcDbLine
10
188.65
20
7
30
0
11
191.15
21
7
31
0
0
LINE
5
8D5
330
6
100
AcDbEntity
8
Survey control
100
AcDbLine
10
189.9
20
5.75
30
0
11
189.9
21
8.25
31
0
0
TEXT
5
8D6
330
6
100
AcDbEntity
8
Survey control
100
AcDbText
10
191.4
20
7.7
30
0
40
0.85
1
SP-10
7
STANDARD
100
AcDbText
0
CIRCLE
5
8D7
330
6
100
AcDbEntity
8
Survey control
100
AcDbCircle
10
209
20
142
30
0
40
0.65
210
0
220
0
230
1
0
LINE
5
8D8
330
6
100
AcDbEntity
8
Survey control
100
AcDbLine
10
207.75
20
142
30
0
11
210.25
21
142
31
0
0
LINE
5
8D9
330
6
100
AcDbEntity
8
Survey control
100
AcDbLine
10
209
20
140.75
30
0
11
209
21
143.25
31
0
0
TEXT
5
8DA
330
6
100
AcDbEntity
8
Survey control
100
AcDbText
10
210.5
20
142.7
30
0
40
0.85
1
SP-11
7
STANDARD
100
AcDbText
0
CIRCLE
5
8DB
330
6
100
AcDbEntity
8
Survey control
100
AcDbCircle
10
228.10000000000002
20
7
30
0
40
0.65
210
0
220
0
230
1
0
LINE
5
8DC
330
6
100
AcDbEntity
8
Survey control
100
AcDbLine
10
226.85000000000002
20
7
30
0
11
229.35000000000002
21
7
31
0
0
LINE
5
8DD
330
6
100
AcDbEntity
8
Survey control
100
AcDbLine
10
228.10000000000002
20
5.75
30
0
11
228.10000000000002
21
8.25
31
0
0
TEXT
5
8DE
330
6
100
AcDbEntity
8
Survey control
100
AcDbText
10
229.60000000000002
20
7.7
30
0
40
0.85
1
SP-12
7
STANDARD
100
AcDbText
0
LINE
5
8DF
330
6
100
AcDbEntity
8
Annotations
100
AcDbLine
10
25
20
4
30
0
11
25
21
6
31
0
0
TEXT
5
8E0
330
6
100
AcDbEntity
8
Annotations
100
AcDbText
10
23.3
20
1.4
30
0
40
0.85
1
25
7
STANDARD
100
AcDbText
0
LINE
5
8E1
330
6
100
AcDbEntity
8
Annotations
100
AcDbLine
10
50
20
4
30
0
11
50
21
6
31
0
0
TEXT
5
8E2
330
6
100
AcDbEntity
8
Annotations
100
AcDbText
10
48.3
20
1.4
30
0
40
0.85
1
50
7
STANDARD
100
AcDbText
0
LINE
5
8E3
330
6
100
AcDbEntity
8
Annotations
100
AcDbLine
10
75
20
4
30
0
11
75
21
6
31
0
0
TEXT
5
8E4
330
6
100
AcDbEntity
8
Annotations
100
AcDbText
10
73.3
20
1.4
30
0
40
0.85
1
75
7
STANDARD
100
AcDbText
0
LINE
5
8E5
330
6
100
AcDbEntity
8
Annotations
100
AcDbLine
10
100
20
4
30
0
11
100
21
6
31
0
0
TEXT
5
8E6
330
6
100
AcDbEntity
8
Annotations
100
AcDbText
10
98.3
20
1.4
30
0
40
0.85
1
100
7
STANDARD
100
AcDbText
0
LINE
5
8E7
330
6
100
AcDbEntity
8
Annotations
100
AcDbLine
10
125
20
4
30
0
11
125
21
6
31
0
0
TEXT
5
8E8
330
6
100
AcDbEntity
8
Annotations
100
AcDbText
10
123.3
20
1.4
30
0
40
0.85
1
125
7
STANDARD
100
AcDbText
0
LINE
5
8E9
330
6
100
AcDbEntity
8
Annotations
100
AcDbLine
10
150
20
4
30
0
11
150
21
6
31
0
0
TEXT
5
8EA
330
6
100
AcDbEntity
8
Annotations
100
AcDbText
10
148.3
20
1.4
30
0
40
0.85
1
150
7
STANDARD
100
AcDbText
0
LINE
5
8EB
330
6
100
AcDbEntity
8
Annotations
100
AcDbLine
10
175
20
4
30
0
11
175
21
6
31
0
0
TEXT
5
8EC
330
6
100
AcDbEntity
8
Annotations
100
AcDbText
10
173.3
20
1.4
30
0
40
0.85
1
175
7
STANDARD
100
AcDbText
0
LINE
5
8ED
330
6
100
AcDbEntity
8
Annotations
100
AcDbLine
10
200
20
4
30
0
11
200
21
6
31
0
0
TEXT
5
8EE
330
6
100
AcDbEntity
8
Annotations
100
AcDbText
10
198.3
20
1.4
30
0
40
0.85
1
200
7
STANDARD
100
AcDbText
0
LINE
5
8EF
330
6
100
AcDbEntity
8
Annotations
100
AcDbLine
10
225
20
4
30
0
11
225
21
6
31
0
0
TEXT
5
8F0
330
6
100
AcDbEntity
8
Annotations
100
AcDbText
10
223.3
20
1.4
30
0
40
0.85
1
225
7
STANDARD
100
AcDbText
0
LINE
5
8F1
330
6
100
AcDbEntity
8
Annotations
100
AcDbLine
10
246
20
25
30
0
11
248
21
25
31
0
0
TEXT
5
8F2
330
6
100
AcDbEntity
8
Annotations
100
AcDbText
10
249
20
24.6
30
0
40
0.85
1
25
7
STANDARD
100
AcDbText
0
LINE
5
8F3
330
6
100
AcDbEntity
8
Annotations
100
AcDbLine
10
246
20
50
30
0
11
248
21
50
31
0
0
TEXT
5
8F4
330
6
100
AcDbEntity
8
Annotations
100
AcDbText
10
249
20
49.6
30
0
40
0.85
1
50
7
STANDARD
100
AcDbText
0
LINE
5
8F5
330
6
100
AcDbEntity
8
Annotations
100
AcDbLine
10
246
20
75
30
0
11
248
21
75
31
0
0
TEXT
5
8F6
330
6
100
AcDbEntity
8
Annotations
100
AcDbText
10
249
20
74.6
30
0
40
0.85
1
75
7
STANDARD
100
AcDbText
0
LINE
5
8F7
330
6
100
AcDbEntity
8
Annotations
100
AcDbLine
10
246
20
100
30
0
11
248
21
100
31
0
0
TEXT
5
8F8
330
6
100
AcDbEntity
8
Annotations
100
AcDbText
10
249
20
99.6
30
0
40
0.85
1
100
7
STANDARD
100
AcDbText
0
LINE
5
8F9
330
6
100
AcDbEntity
8
Annotations
100
AcDbLine
10
246
20
125
30
0
11
248
21
125
31
0
0
TEXT
5
8FA
330
6
100
AcDbEntity
8
Annotations
100
AcDbText
10
249
20
124.6
30
0
40
0.85
1
125
7
STANDARD
100
AcDbText
0
LINE
5
8FB
330
6
100
AcDbEntity
8
Annotations
100
AcDbLine
10
255
20
122
30
0
11
255
21
139
31
0
0
LINE
5
8FC
330
6
100
AcDbEntity
8
Annotations
100
AcDbLine
10
255
20
139
30
0
11
253.2
21
135.4
31
0
0
LINE
5
8FD
330
6
100
AcDbEntity
8
Annotations
100
AcDbLine
10
255
20
139
30
0
11
256.8
21
135.4
31
0
0
TEXT
5
8FE
330
6
100
AcDbEntity
8
Annotations
100
AcDbText
10
253.8
20
141
30
0
40
2
1
N
7
STANDARD
100
AcDbText
0
LWPOLYLINE
5
8FF
330
6
100
AcDbEntity
8
Annotations
100
AcDbPolyline
90
4
70
1
38
0
10
8
20
-6
10
18
20
-6
10
18
20
-3.8
10
8
20
-3.8
0
LWPOLYLINE
5
900
330
6
100
AcDbEntity
8
Annotations
100
AcDbPolyline
90
4
70
1
38
0
10
18
20
-6
10
28
20
-6
10
28
20
-3.8
10
18
20
-3.8
0
LWPOLYLINE
5
901
330
6
100
AcDbEntity
8
Annotations
100
AcDbPolyline
90
4
70
1
38
0
10
28
20
-6
10
38
20
-6
10
38
20
-3.8
10
28
20
-3.8
0
LWPOLYLINE
5
902
330
6
100
AcDbEntity
8
Annotations
100
AcDbPolyline
90
4
70
1
38
0
10
38
20
-6
10
48
20
-6
10
48
20
-3.8
10
38
20
-3.8
0
LWPOLYLINE
5
903
330
6
100
AcDbEntity
8
Annotations
100
AcDbPolyline
90
4
70
1
38
0
10
48
20
-6
10
58
20
-6
10
58
20
-3.8
10
48
20
-3.8
0
TEXT
5
904
330
6
100
AcDbEntity
8
Annotations
100
AcDbText
10
8
20
-2.4
30
0
40
0.9
1
0     10     20     30     40     50 m
7
STANDARD
100
AcDbText
0
LWPOLYLINE
5
905
330
6
100
AcDbEntity
8
Annotations
100
AcDbPolyline
90
4
70
1
38
0
10
126
20
-12
10
266
20
-12
10
266
20
-2
10
126
20
-2
0
LINE
5
906
330
6
100
AcDbEntity
8
Annotations
100
AcDbLine
10
182
20
-12
30
0
11
182
21
-2
31
0
0
LINE
5
907
330
6
100
AcDbEntity
8
Annotations
100
AcDbLine
10
226
20
-12
30
0
11
226
21
-2
31
0
0
TEXT
5
908
330
6
100
AcDbEntity
8
Annotations
100
AcDbText
10
130
20
-6.3
30
0
40
2.05
1
RESILIENT ENERGY CAMPUS
7
STANDARD
100
AcDbText
0
TEXT
5
909
330
6
100
AcDbEntity
8
Annotations
100
AcDbText
10
185
20
-5.5
30
0
40
1.25
1
COORDINATION PLAN
7
STANDARD
100
AcDbText
0
TEXT
5
90A
330
6
100
AcDbEntity
8
Annotations
100
AcDbText
10
229
20
-5.5
30
0
40
1.1
1
KJ / DEMO 001
7
STANDARD
100
AcDbText
0
TEXT
5
90B
330
6
100
AcDbEntity
8
Annotations
100
AcDbText
10
-7
20
153
30
0
40
1.55
1
KJDRAW  /  ORIGINAL SYNTHETIC ENGINEERING SAMPLE  /  METERS
7
STANDARD
100
AcDbText
0
ENDSEC
0
SECTION
2
OBJECTS
0
DICTIONARY
5
918
330
0
100
AcDbDictionary
281
1
3
ACAD_LAYOUT
350
919
0
DICTIONARY
5
919
330
918
100
AcDbDictionary
280
1
281
1
3
Model
350
8
3
Layout1
350
9
0
LAYOUT
5
8
102
{ACAD_REACTORS
330
919
102
}
330
919
100
AcDbPlotSettings
100
AcDbLayout
1
Model
70
1
71
0
12
0
22
0
32
0
14
100000000000000000000
24
100000000000000000000
34
100000000000000000000
15
-100000000000000000000
25
-100000000000000000000
35
-100000000000000000000
13
0
23
0
33
0
16
1
26
0
36
0
17
0
27
1
37
0
330
6
0
LAYOUT
5
9
102
{ACAD_REACTORS
330
919
102
}
330
919
100
AcDbPlotSettings
100
AcDbLayout
1
Layout1
70
1
71
1
10
0
20
0
11
420
21
297
12
0
22
0
32
0
14
100000000000000000000
24
100000000000000000000
34
100000000000000000000
15
-100000000000000000000
25
-100000000000000000000
35
-100000000000000000000
13
0
23
0
33
0
16
1
26
0
36
0
17
0
27
1
37
0
330
7
0
ENDSEC
0
EOF
